step,episode,return,loss,epsilon,eval_cost_per_order
86,0,-122.73600000000008,14.748682975769043,0.999183,nan
177,1,-111.36799999999997,14.949457168579102,0.9983185,nan
273,2,27.154999999999816,10.30935287475586,0.9974065,nan
369,3,-386.80199999999996,9.863019943237305,0.9964945,nan
438,4,-152.36400000000015,11.869241714477539,0.995839,nan
546,5,-872.5049999999999,17.081396102905273,0.994813,nan
624,6,-166.70699999999997,10.10080337524414,0.994072,nan
732,7,213.38799999999998,11.916535377502441,0.993046,nan
804,8,-87.25100000000018,12.781933784484863,0.992362,nan
916,9,-30.371000000000066,9.999361991882324,0.991298,nan
977,10,-54.27200000000009,7.650275230407715,0.9907185000000001,nan
1051,11,-489.44300000000004,8.569707870483398,0.9900155,nan
1155,12,46.236999999999824,15.232093811035156,0.9890275,nan
1235,13,-492.46600000000007,8.821208953857422,0.9882675,nan
1297,14,-240.003,11.05644416809082,0.9876785,nan
1355,15,-215.09699999999992,7.392718315124512,0.9871275,nan
1428,16,56.4200000000001,6.631127834320068,0.986434,nan
1521,17,-101.04300000000003,12.02432918548584,0.9855505,nan
1575,18,-194.23100000000008,13.63575267791748,0.9850375,nan
1652,19,0.5769999999997992,11.699162483215332,0.984306,nan
1734,20,-340.1960000000001,13.524951934814453,0.983527,nan
1802,21,-195.73900000000003,10.372145652770996,0.982881,nan
1891,22,-170.83499999999998,11.541845321655273,0.9820355,nan
1948,23,-182.56099999999995,13.205304145812988,0.981494,nan
2005,24,-63.198000000000064,9.426933288574219,0.9809525,nan
2080,25,-215.78100000000012,16.615276336669922,0.98024,nan
2168,26,229.00000000000006,10.17856216430664,0.979404,nan
2274,27,85.5699999999998,11.186394691467285,0.978397,nan
2355,28,-333.95800000000014,11.51489543914795,0.9776275,nan
2413,29,-191.70299999999997,11.622166633605957,0.9770765,nan
2507,30,95.66899999999977,9.70986557006836,0.9761835,nan
2584,31,-66.00400000000005,7.944051742553711,0.975452,nan
2644,32,-326.4770000000001,10.131037712097168,0.974882,nan
2715,33,-81.84300000000013,14.741737365722656,0.9742075,nan
2803,34,-416.64700000000005,12.069856643676758,0.9733715000000001,nan
2864,35,-273.5059999999999,10.656427383422852,0.972792,nan
2955,36,-34.590000000000046,14.691789627075195,0.9719275,nan
3021,37,-554.42,9.927562713623047,0.9713005,nan
3076,38,-396.595,13.55267333984375,0.970778,nan
3158,39,-132.80499999999998,18.2344970703125,0.9699990000000001,nan
3214,40,-25.65600000000002,13.624144554138184,0.969467,nan
3273,41,-571.814,6.647193431854248,0.9689065,nan
3331,42,-542.508,6.888856410980225,0.9683555,nan
3443,43,278.0160000000003,10.080764770507812,0.9672915,nan
3528,44,-676.4559999999999,14.701224327087402,0.966484,nan
3671,45,122.01699999999984,11.358402252197266,0.9651255,nan
3718,46,-172.5,13.0668363571167,0.964679,nan
3797,47,-242.77599999999995,16.944602966308594,0.9639285,nan
3869,48,-506.7589999999999,15.430781364440918,0.9632445,nan
3952,49,-377.457,5.929747581481934,0.962456,nan
4034,50,-498.6000000000001,15.490077018737793,0.961677,nan
4129,51,-106.2989999999999,14.647452354431152,0.9607745,nan
4181,52,-833.3949999999999,12.050146102905273,0.9602805,nan
4235,53,-229.006,11.367997169494629,0.9597675,nan
4312,54,-147.5180000000001,12.051694869995117,0.959036,nan
4370,55,-315.32,11.793662071228027,0.958485,nan
4457,56,-403.66600000000017,13.111013412475586,0.9576585,nan
4535,57,-414.79800000000006,21.7314453125,0.9569175,nan
4624,58,-136.33800000000002,5.75971794128418,0.956072,nan
4733,59,8.678999999999803,9.450490951538086,0.9550365,nan
4787,60,-86.02700000000007,8.860968589782715,0.9545235,nan
4845,61,-245.471,5.784615993499756,0.9539725,nan
4906,62,-486.298,10.957606315612793,0.953393,nan
4948,63,-144.32600000000005,14.57554817199707,0.952994,nan
5038,64,-154.31800000000004,7.469688415527344,0.952139,nan
5109,65,-397.9259999999998,7.836653709411621,0.9514645,nan
5203,66,-92.97500000000022,11.408303260803223,0.9505715,nan
5268,67,-543.5260000000001,8.805221557617188,0.949954,nan
5344,68,-32.77300000000018,16.440345764160156,0.949232,nan
5420,69,34.24699999999994,13.73085880279541,0.94851,nan
5533,70,-57.043000000000255,7.777480602264404,0.9474365,nan
5608,71,-471.13,9.30541706085205,0.946724,nan
5703,72,-337.00300000000004,12.467849731445312,0.9458215,nan
5768,73,-206.30599999999998,8.672481536865234,0.945204,nan
5850,74,-236.2220000000001,10.00232219696045,0.944425,nan
5907,75,-586.3839999999999,16.09584617614746,0.9438835,nan
5967,76,-632.639,10.686220169067383,0.9433135,nan
6093,77,-50.99900000000022,7.449982643127441,0.9421165,nan
6160,78,-55.51399999999998,7.239945411682129,0.94148,nan
6220,79,-271.203,7.36935567855835,0.94091,nan
6303,80,-433.7289999999998,10.808510780334473,0.9401215,nan
6354,81,-174.83899999999997,12.395805358886719,0.9396370000000001,nan
6417,82,-191.20600000000005,10.299507141113281,0.9390385,nan
6477,83,-229.64199999999988,10.161378860473633,0.9384685,nan
6558,84,-152.35200000000003,9.91620922088623,0.9376990000000001,nan
6645,85,27.587000000000216,11.173417091369629,0.9368725,nan
6697,86,-104.57299999999995,12.929588317871094,0.9363785,nan
6775,87,-83.67000000000004,7.3856611251831055,0.9356375,nan
6846,88,-339.83099999999996,16.396286010742188,0.934963,nan
6930,89,-343.8290000000001,9.458047866821289,0.934165,nan
7023,90,-204.40899999999996,12.367734909057617,0.9332815,nan
7085,91,-313.36600000000004,8.191158294677734,0.9326925,nan
7178,92,-715.6530000000001,11.471451759338379,0.931809,nan
7268,93,-316.96500000000003,15.213354110717773,0.9309540000000001,nan
7340,94,-225.52600000000004,11.08984375,0.93027,nan
7403,95,-227.10099999999994,19.538129806518555,0.9296715,nan
7469,96,-340.2990000000001,3.930713176727295,0.9290445,nan
7547,97,112.17699999999985,15.005755424499512,0.9283035,nan
7620,98,-174.162,12.758254051208496,0.92761,nan
7682,99,-196.19699999999997,12.234628677368164,0.927021,nan
7743,100,-137.8950000000001,8.235090255737305,0.9264415,nan
7808,101,-116.49800000000005,15.807015419006348,0.925824,nan
7918,102,-63.89000000000027,12.885794639587402,0.924779,nan
7984,103,-145.88099999999994,9.577180862426758,0.924152,nan
8045,104,-39.96299999999993,7.980057716369629,0.9235725,nan
8178,105,131.5799999999997,8.734241485595703,0.922309,nan
8263,106,-78.7030000000002,7.827137470245361,0.9215015,nan
8337,107,-204.41000000000005,10.064903259277344,0.9207985,nan
8435,108,-25.044000000000153,16.030981063842773,0.9198675000000001,nan
8517,109,63.73200000000004,14.180801391601562,0.9190885,nan
8609,110,-191.90500000000003,14.416282653808594,0.9182145,nan
8654,111,-209.79599999999996,8.754310607910156,0.917787,nan
8738,112,16.757999999999996,11.770303726196289,0.916989,nan
8793,113,-166.89100000000002,16.91512680053711,0.9164665,nan
8852,114,-224.229,11.340742111206055,0.915906,nan
8928,115,-853.6109999999999,15.06330394744873,0.915184,nan
8983,116,-174.72300000000007,8.52120304107666,0.9146615,nan
9066,117,195.83599999999998,21.640552520751953,0.913873,nan
9160,118,-15.817000000000064,13.819840431213379,0.91298,nan
9225,119,-408.546,9.136051177978516,0.9123625,nan
9289,120,57.357000000000056,12.09654712677002,0.9117545,nan
9354,121,-60.83299999999992,8.265393257141113,0.911137,nan
9422,122,-258.29400000000004,9.63341236114502,0.910491,nan
9472,123,-204.1199999999999,16.709901809692383,0.910016,nan
9539,124,-64.224,10.654328346252441,0.9093795,nan
9622,125,-443.95500000000015,9.914907455444336,0.908591,nan
9682,126,-419.832,10.110820770263672,0.908021,nan
9737,127,-148.80199999999996,14.578397750854492,0.9074985,nan
9800,128,-183.18000000000006,10.87082576751709,0.9069,nan
9867,129,8.60499999999999,9.041287422180176,0.9062635,nan
9931,130,-424.80999999999995,10.780654907226562,0.9056555,nan
10000,131,370.4799999999999,8.417183876037598,0.905,17.626041666666662
10019,131,-49.42399999999999,12.211386680603027,0.9048195,nan
10071,132,-305.283,15.290165901184082,0.9043255,nan
10118,133,-99.21600000000001,13.086048126220703,0.903879,nan
10174,134,-339.721,13.35654067993164,0.903347,nan
10256,135,-406.28499999999997,12.808443069458008,0.902568,nan
10317,136,-132.848,8.064301490783691,0.9019885,nan
10376,137,-91.81400000000006,13.741305351257324,0.901428,nan
10438,138,-251.64599999999996,6.636984825134277,0.900839,nan
10511,139,-407.39500000000004,13.091538429260254,0.9001455,nan
10581,140,-622.3240000000002,10.703239440917969,0.8994805,nan
10656,141,22.60500000000019,10.70964241027832,0.898768,nan
10720,142,-407.028,8.546378135681152,0.89816,nan
10780,143,-340.7130000000001,8.50946044921875,0.89759,nan
10856,144,-228.77100000000002,7.609714508056641,0.896868,nan
10948,145,-0.39099999999999113,12.337560653686523,0.895994,nan
10995,146,-504.171,13.389410018920898,0.8955474999999999,nan
11054,147,-549.521,14.191190719604492,0.894987,nan
11119,148,-631.874,13.085572242736816,0.8943695,nan
11197,149,-6.98900000000009,8.734354972839355,0.8936285,nan
11278,150,-321.56000000000006,11.233284950256348,0.892859,nan
11356,151,-69.92300000000014,12.208306312561035,0.892118,nan
11419,152,-197.27300000000002,9.991024017333984,0.8915195,nan
11486,153,-173.5790000000003,12.180732727050781,0.890883,nan
11579,154,-331.32299999999987,12.269299507141113,0.8899995,nan
11647,155,-254.75600000000006,14.157489776611328,0.8893535,nan
11730,156,-66.54499999999992,9.727644920349121,0.888565,nan
11784,157,-70.98100000000004,16.767824172973633,0.8880520000000001,nan
11842,158,-494.34799999999996,6.913896083831787,0.887501,nan
11896,159,-146.21300000000008,15.312983512878418,0.886988,nan
11997,160,-51.703000000000074,11.07751750946045,0.8860285,nan
12106,161,167.23600000000002,17.276336669921875,0.884993,nan
12184,162,-253.48200000000003,9.376080513000488,0.884252,nan
12299,163,-548.862,16.89586639404297,0.8831595,nan
12350,164,-297.022,15.035012245178223,0.882675,nan
12427,165,2.3469999999999516,11.428924560546875,0.8819435,nan
12515,166,-97.011,23.16604232788086,0.8811075,nan
12582,167,-360.104,8.91064167022705,0.880471,nan
12655,168,-337.86800000000005,5.714588642120361,0.8797775,nan
12748,169,5.289999999999878,10.407270431518555,0.878894,nan
12822,170,-87.5310000000001,5.055408954620361,0.8781909999999999,nan
12889,171,-97.42399999999998,8.761972427368164,0.8775545,nan
12944,172,-151.14499999999992,10.844802856445312,0.877032,nan
13004,173,-242.19400000000002,11.590999603271484,0.8764620000000001,nan
13085,174,-240.43599999999992,19.422225952148438,0.8756925,nan
13156,175,-32.15399999999997,10.878287315368652,0.875018,nan
13206,176,-525.959,10.839641571044922,0.874543,nan
13265,177,-300.0329999999999,17.437118530273438,0.8739825,nan
13349,178,-191.60799999999983,12.640660285949707,0.8731845,nan
13417,179,-453.36799999999994,13.440897941589355,0.8725385,nan
13499,180,-72.47200000000014,11.387935638427734,0.8717595,nan
13567,181,-188.55600000000013,16.084136962890625,0.8711135,nan
13652,182,-998.84,9.642854690551758,0.870306,nan
13720,183,-582.3880000000001,8.207262992858887,0.86966,nan
13796,184,23.838000000000022,7.555787086486816,0.868938,nan
13886,185,-374.037,14.400296211242676,0.8680829999999999,nan
13949,186,-221.65899999999996,12.243124961853027,0.8674845,nan
14002,187,-93.89100000000002,13.563511848449707,0.866981,nan
14051,188,-164.3839999999999,7.212780475616455,0.8665155,nan
14094,189,-302.62699999999995,9.596258163452148,0.866107,nan
14147,190,-112.47399999999996,19.521665573120117,0.8656035,nan
14217,191,-297.55700000000013,11.879693031311035,0.8649385,nan
14275,192,-466.644,8.159780502319336,0.8643875000000001,nan
14371,193,-324.46500000000003,9.803840637207031,0.8634755000000001,nan
14423,194,-305.89900000000017,9.101183891296387,0.8629815000000001,nan
14503,195,-46.00400000000006,14.297608375549316,0.8622215,nan
14579,196,-223.98300000000006,13.113839149475098,0.8614995,nan
14657,197,-288.41200000000003,9.286017417907715,0.8607585,nan
14728,198,3.1749999999999545,12.835038185119629,0.8600840000000001,nan
14805,199,-8.483000000000203,10.029230117797852,0.8593525,nan
14856,200,-198.877,15.796810150146484,0.858868,nan
14942,201,-84.44099999999992,11.67790699005127,0.858051,nan
15012,202,-57.91099999999997,9.11357307434082,0.857386,nan
15058,203,-275.8349999999999,17.85543441772461,0.856949,nan
15150,204,-434.672,13.115314483642578,0.856075,nan
15223,205,-727.3390000000002,9.714746475219727,0.8553815,nan
15295,206,-258.412,11.714488983154297,0.8546975,nan
15407,207,-75.93299999999991,9.788061141967773,0.8536334999999999,nan
15491,208,95.41999999999997,9.95300579071045,0.8528355000000001,nan
15585,209,15.721000000000217,7.004716873168945,0.8519425,nan
15648,210,-111.28700000000008,10.974221229553223,0.851344,nan
15698,211,-349.299,6.772698402404785,0.850869,nan
15770,212,-434.7179999999999,7.134184837341309,0.850185,nan
15829,213,-121.66299999999993,8.83845329284668,0.8496245,nan
15917,214,111.76800000000003,9.88217830657959,0.8487885,nan
15980,215,-665.4269999999999,16.811159133911133,0.84819,nan
16038,216,-259.33400000000006,8.848875045776367,0.847639,nan
16106,217,-17.502000000000024,19.942752838134766,0.846993,nan
16173,218,-57.52600000000018,12.752836227416992,0.8463565,nan
16272,219,-131.52000000000004,11.74714183807373,0.845416,nan
16348,220,-344.6880000000001,10.680177688598633,0.8446940000000001,nan
16401,221,-316.2019999999999,4.492220401763916,0.8441905000000001,nan
16471,222,-218.64299999999992,6.970676422119141,0.8435255,nan
16545,223,-70.68699999999991,10.297855377197266,0.8428225,nan
16606,224,-235.0439999999999,9.049091339111328,0.842243,nan
16663,225,-9.67500000000021,10.523996353149414,0.8417015,nan
16736,226,-235.32,16.75040626525879,0.841008,nan
16805,227,-270.18399999999986,13.222044944763184,0.8403525000000001,nan
16884,228,-44.27699999999986,8.518195152282715,0.839602,nan
16981,229,285.6130000000001,10.14431381225586,0.8386805,nan
17056,230,-85.5190000000001,18.385862350463867,0.837968,nan
17143,231,-844.781,20.005001068115234,0.8371415,nan
17200,232,-348.38,8.361865043640137,0.8366,nan
17279,233,-42.76899999999992,15.43183708190918,0.8358495,nan
17331,234,-310.16600000000005,12.195941925048828,0.8353555,nan
17393,235,-286.68800000000005,11.830921173095703,0.8347665,nan
17466,236,-136.50000000000009,23.75625228881836,0.8340730000000001,nan
17546,237,-215.02200000000005,16.26519775390625,0.833313,nan
17640,238,-400.1500000000001,3.8469185829162598,0.8324199999999999,nan
17690,239,-84.35999999999996,10.46847152709961,0.831945,nan
17754,240,-175.2180000000002,10.810709953308105,0.831337,nan
17815,241,-145.38899999999995,12.762578964233398,0.8307575,nan
17878,242,-152.21200000000013,9.922764778137207,0.830159,nan
17937,243,-152.598,9.1555814743042,0.8295985,nan
17996,244,-217.65800000000002,9.765467643737793,0.8290379999999999,nan
18093,245,231.842,9.19444465637207,0.8281165,nan
18179,246,-416.83400000000006,12.540807723999023,0.8272995,nan
18230,247,-264.285,14.838515281677246,0.8268150000000001,nan
18331,248,-236.34099999999998,7.38824462890625,0.8258555000000001,nan
18382,249,-174.02600000000007,16.829133987426758,0.825371,nan
18452,250,76.37299999999996,9.701351165771484,0.824706,nan
18513,251,-61.36500000000008,16.209678649902344,0.8241265,nan
18606,252,-104.78000000000006,10.811209678649902,0.823243,nan
18674,253,-52.90500000000007,6.179178714752197,0.822597,nan
18736,254,-220.5020000000001,8.173494338989258,0.8220080000000001,nan
18818,255,-124.07399999999996,6.6041669845581055,0.821229,nan
18871,256,-24.59099999999995,6.619083881378174,0.8207255,nan
18930,257,-328.5400000000001,10.044652938842773,0.820165,nan
18981,258,-349.798,13.846686363220215,0.8196805,nan
19054,259,-160.73999999999987,15.898690223693848,0.818987,nan
19106,260,-68.98199999999997,16.81781578063965,0.818493,nan
19169,261,-133.96599999999995,7.54714822769165,0.8178945,nan
19242,262,-287.95899999999995,13.395727157592773,0.8172010000000001,nan
19324,263,-318.20500000000004,12.878491401672363,0.816422,nan
19378,264,-197.07100000000005,11.478260040283203,0.815909,nan
19436,265,-87.97899999999998,12.899658203125,0.815358,nan
19520,266,-526.1859999999999,10.421713829040527,0.81456,nan
19603,267,-327.94100000000003,7.430212497711182,0.8137715,nan
19678,268,-199.381,9.319252014160156,0.813059,nan
19734,269,-54.77800000000002,12.722749710083008,0.812527,nan
19799,270,-321.383,11.928971290588379,0.8119095000000001,nan
19880,271,-163.056,10.026162147521973,0.81114,nan
19970,272,-472.4720000000001,14.81283187866211,0.810285,nan
20000,273,175.78799999999995,4.869390964508057,0.81,75.53208
20048,273,-54.449000000000034,14.063776969909668,0.809544,nan
20092,274,-63.33200000000009,6.46411657333374,0.809126,nan
20159,275,41.70300000000009,10.402807235717773,0.8084895000000001,nan
20223,276,-467.82500000000005,4.884102821350098,0.8078815,nan
20280,277,-212.16500000000002,24.88920021057129,0.80734,nan
20351,278,4.445000000000007,12.761399269104004,0.8066655,nan
20415,279,-127.70500000000004,11.503873825073242,0.8060575,nan
20467,280,-488.65800000000013,11.020946502685547,0.8055635,nan
20547,281,-257.9509999999999,10.25937271118164,0.8048035,nan
20639,282,130.96299999999994,11.30938720703125,0.8039295,nan
20700,283,-317.1130000000001,10.42163372039795,0.80335,nan
20764,284,-111.17300000000003,7.452931880950928,0.8027420000000001,nan
20822,285,-46.06100000000002,12.3013277053833,0.802191,nan
20886,286,-358.3339999999999,9.813261985778809,0.801583,nan
20942,287,-303.3990000000001,20.056385040283203,0.801051,nan
21024,288,-199.12499999999997,15.506362915039062,0.800272,nan
21080,289,-220.3329999999999,12.826007843017578,0.79974,nan
21150,290,-94.70799999999998,19.862384796142578,0.799075,nan
21202,291,-180.79599999999996,7.337618827819824,0.798581,nan
21261,292,-197.62799999999996,6.649240493774414,0.7980205,nan
21349,293,-469.6690000000002,7.6682024002075195,0.7971845,nan
21426,294,-382.844,20.04390525817871,0.796453,nan
21487,295,-166.18200000000007,8.127267837524414,0.7958735,nan
21562,296,-303.3539999999999,8.431172370910645,0.795161,nan
21636,297,-201.22399999999988,9.650514602661133,0.794458,nan
21690,298,-198.77299999999988,17.951108932495117,0.793945,nan
21758,299,54.638999999999925,10.475593566894531,0.793299,nan
21807,300,-86.27700000000002,13.892431259155273,0.7928335,nan
21879,301,-333.09000000000003,8.208565711975098,0.7921495000000001,nan
21926,302,-334.485,15.630661010742188,0.791703,nan
21977,303,-243.69500000000005,9.909546852111816,0.7912185,nan
22027,304,-234.50100000000006,10.300214767456055,0.7907435,nan
22113,305,-1046.437,24.173349380493164,0.7899265,nan
22192,306,-96.70700000000005,12.997386932373047,0.789176,nan
22239,307,-379.59900000000005,10.324487686157227,0.7887295,nan
22305,308,-240.88099999999997,9.389105796813965,0.7881025,nan
22366,309,-187.8790000000001,13.07070541381836,0.787523,nan
22438,310,-202.51300000000012,10.464716911315918,0.7868390000000001,nan
22541,311,-348.52899999999977,9.11297607421875,0.7858605000000001,nan
22612,312,137.93600000000004,7.68425989151001,0.785186,nan
22672,313,-151.6440000000001,11.231707572937012,0.784616,nan
22747,314,-67.42499999999998,13.602984428405762,0.7839035,nan
22790,315,-376.09900000000005,16.82221031188965,0.783495,nan
22865,316,-521.3059999999999,14.246612548828125,0.7827825,nan
22913,317,-156.128,12.011125564575195,0.7823265,nan
22970,318,-922.37,17.425207138061523,0.7817850000000001,nan
23038,319,-16.993000000000052,13.830142974853516,0.781139,nan
23091,320,-261.2030000000001,17.47715950012207,0.7806355,nan
23162,321,35.10300000000004,11.79428482055664,0.779961,nan
23237,322,-512.0730000000001,13.126527786254883,0.7792485,nan
23305,323,-138.292,4.723779201507568,0.7786025,nan
23394,324,12.900999999999826,13.729521751403809,0.777757,nan
23458,325,-25.80899999999997,14.71102237701416,0.777149,nan
23536,326,-480.54900000000004,9.637714385986328,0.776408,nan
23599,327,-369.15300000000013,7.665152072906494,0.7758095,nan
23662,328,-71.58600000000001,10.00014591217041,0.775211,nan
23724,329,-916.501,11.0201416015625,0.774622,nan
23802,330,76.76299999999995,5.547554016113281,0.773881,nan
23873,331,-186.69599999999997,15.625290870666504,0.7732065,nan
23926,332,-139.32899999999995,14.190567016601562,0.772703,nan
23999,333,-180.262,14.034141540527344,0.7720095,nan
24050,334,-277.3109999999999,14.800779342651367,0.771525,nan
24137,335,-79.35200000000006,13.944157600402832,0.7706985,nan
24206,336,-200.17300000000006,10.97872543334961,0.770043,nan
24293,337,-91.88399999999987,15.069462776184082,0.7692165,nan
24346,338,-235.34800000000007,11.784087181091309,0.768713,nan
24405,339,-92.18900000000006,11.701337814331055,0.7681525,nan
24471,340,-352.93799999999993,10.524368286132812,0.7675255,nan
24530,341,-454.5930000000001,7.422652721405029,0.766965,nan
24592,342,-139.55300000000005,11.235247611999512,0.766376,nan
24655,343,-91.7050000000002,13.871437072753906,0.7657775,nan
24743,344,-206.03500000000005,14.846490859985352,0.7649414999999999,nan
24817,345,33.47100000000005,13.944692611694336,0.7642385,nan
24882,346,-350.66,24.901090621948242,0.763621,nan
24939,347,-216.981,11.689888954162598,0.7630795,nan
25002,348,-368.42599999999993,13.866302490234375,0.762481,nan
25094,349,-338.0389999999999,11.706974029541016,0.761607,nan
25168,350,-173.79599999999994,7.811810493469238,0.760904,nan
25228,351,-122.74799999999995,11.010443687438965,0.7603340000000001,nan
25303,352,-242.2180000000002,4.955440998077393,0.7596215000000001,nan
25363,353,-71.367,11.727930068969727,0.7590515,nan
25444,354,-984.485,17.069692611694336,0.758282,nan
25513,355,-96.0200000000001,11.715004920959473,0.7576265,nan
25587,356,-416.7169999999999,15.00594711303711,0.7569235000000001,nan
25662,357,-23.01800000000003,8.952919960021973,0.756211,nan
25717,358,-519.6400000000001,7.844918727874756,0.7556885,nan
25792,359,-78.92900000000002,9.254829406738281,0.7549760000000001,nan
25862,360,-916.684,6.791189670562744,0.754311,nan
25917,361,-137.61999999999998,5.509250164031982,0.7537885,nan
25987,362,-875.0759999999999,12.325332641601562,0.7531235000000001,nan
26039,363,-545.0159999999998,17.67742347717285,0.7526295000000001,nan
26093,364,-325.9510000000001,14.014845848083496,0.7521165000000001,nan
26163,365,-803.15,23.204607009887695,0.7514515,nan
26229,366,-115.83900000000003,20.889060974121094,0.7508245,nan
26298,367,-172.83299999999997,17.282684326171875,0.7501690000000001,nan
26352,368,-0.613000000000028,10.618146896362305,0.7496560000000001,nan
26433,369,-69.66799999999998,15.990903854370117,0.7488865,nan
26520,370,-247.55600000000015,14.834623336791992,0.74806,nan
26581,371,-147.55099999999996,16.886674880981445,0.7474805,nan
26628,372,-349.221,13.652726173400879,0.747034,nan
26695,373,-101.40800000000007,13.200063705444336,0.7463975,nan
26765,374,-308.69800000000004,12.558951377868652,0.7457325,nan
26828,375,-118.17100000000016,9.295422554016113,0.745134,nan
26897,376,-506.083,8.30742359161377,0.7444785,nan
26980,377,141.4540000000001,15.005266189575195,0.74369,nan
27044,378,-92.3170000000001,8.304279327392578,0.743082,nan
27100,379,-41.873000000000076,16.536834716796875,0.74255,nan
27179,380,-419.7650000000001,13.000048637390137,0.7417995000000001,nan
27250,381,-297.25300000000016,6.656895637512207,0.741125,nan
27313,382,-106.92300000000004,12.785576820373535,0.7405265000000001,nan
27382,383,34.16899999999998,16.995376586914062,0.739871,nan
27458,384,-660.5390000000001,11.510164260864258,0.7391490000000001,nan
27543,385,172.95999999999998,13.414347648620605,0.7383415,nan
27596,386,-65.86299999999997,21.398990631103516,0.737838,nan
27648,387,-78.478,8.070749282836914,0.737344,nan
27709,388,-203.12400000000002,13.853282928466797,0.7367645,nan
27766,389,-241.40000000000003,19.474262237548828,0.7362230000000001,nan
27819,390,-305.971,14.41690444946289,0.7357195000000001,nan
27872,391,-104.96800000000005,7.836579322814941,0.735216,nan
27919,392,-213.877,22.333293914794922,0.7347695000000001,nan
27985,393,-69.46000000000006,20.673791885375977,0.7341425,nan
28069,394,-589.228,17.27635955810547,0.7333445000000001,nan
28165,395,-82.64099999999989,6.056064605712891,0.7324325,nan
28234,396,-351.75600000000014,8.312814712524414,0.731777,nan
28304,397,-679.0179999999999,12.898164749145508,0.731112,nan
28372,398,-129.92399999999998,14.389503479003906,0.7304660000000001,nan
28420,399,-294.86800000000005,11.68407917022705,0.73001,nan
28491,400,-166.46900000000005,14.117079734802246,0.7293355,nan
28549,401,-94.85100000000003,11.021221160888672,0.7287845,nan
28596,402,-194.354,10.272843360900879,0.728338,nan
28651,403,-212.65100000000004,14.275447845458984,0.7278155,nan
28706,404,-363.98100000000005,13.765491485595703,0.727293,nan
28756,405,-365.0770000000001,14.170835494995117,0.726818,nan
28825,406,-48.41700000000023,15.195541381835938,0.7261625,nan
28881,407,-407.32899999999995,19.570165634155273,0.7256305000000001,nan
28921,408,-84.469,12.717331886291504,0.7252505,nan
28978,409,-265.71900000000005,16.657379150390625,0.724709,nan
29047,410,-311.5639999999999,18.4807186126709,0.7240535,nan
29121,411,50.76699999999994,15.787347793579102,0.7233505,nan
29178,412,-143.52900000000002,9.691230773925781,0.722809,nan
29231,413,-157.44500000000005,12.04355239868164,0.7223055,nan
29284,414,-154.64999999999992,13.336830139160156,0.721802,nan
29364,415,-415.0760000000001,15.217409133911133,0.721042,nan
29428,416,-137.72900000000004,12.462821960449219,0.720434,nan
29496,417,-386.27199999999993,21.025279998779297,0.7197880000000001,nan
29580,418,60.111999999999895,12.243574142456055,0.71899,nan
29645,419,-118.87800000000004,16.90446662902832,0.7183725000000001,nan
29710,420,-188.27300000000005,11.337218284606934,0.717755,nan
29794,421,-394.80499999999995,20.556116104125977,0.7169570000000001,nan
29870,422,-386.074,11.834975242614746,0.716235,nan
29936,423,-573.985,11.736078262329102,0.715608,nan
30000,424,142.87500000000006,9.849384307861328,0.7150000000000001,22.001749999999998
30008,424,-174.22699999999995,13.815597534179688,0.714924,nan
30099,425,-343.73099999999994,14.016401290893555,0.7140595000000001,nan
30165,426,-155.264,12.16130256652832,0.7134325,nan
30232,427,-984.9319999999999,17.346336364746094,0.712796,nan
30302,428,-23.198000000000004,13.007465362548828,0.7121310000000001,nan
30368,429,-276.40900000000005,16.667762756347656,0.711504,nan
30447,430,-474.01300000000015,10.095932006835938,0.7107535,nan
30518,431,-72.58999999999999,18.0166072845459,0.710079,nan
30582,432,-101.83800000000004,11.187542915344238,0.709471,nan
30636,433,-201.832,8.164356231689453,0.708958,nan
30684,434,-19.61700000000002,13.66904354095459,0.708502,nan
30750,435,-724.2439999999999,13.77901840209961,0.707875,nan
30810,436,-220.95299999999997,14.734272003173828,0.7073050000000001,nan
30882,437,-713.3499999999999,16.593461990356445,0.706621,nan
30954,438,-705.707,13.206023216247559,0.705937,nan
31024,439,-126.70700000000006,14.288411140441895,0.705272,nan
31080,440,-289.4680000000001,14.492534637451172,0.7047399999999999,nan
31150,441,-360.8330000000001,12.751932144165039,0.704075,nan
31214,442,-101.43899999999998,13.470298767089844,0.7034670000000001,nan
31268,443,-55.11300000000008,13.506078720092773,0.7029540000000001,nan
31318,444,-68.7170000000001,10.537850379943848,0.7024790000000001,nan
31371,445,-211.69100000000012,11.709146499633789,0.7019755000000001,nan
31428,446,-296.73600000000005,11.91595458984375,0.701434,nan
31510,447,-380.1149999999998,16.092735290527344,0.700655,nan
31582,448,-23.459999999999994,16.805797576904297,0.699971,nan
31633,449,-201.28100000000003,6.181751728057861,0.6994865,nan
31676,450,-73.61699999999998,15.127286911010742,0.6990780000000001,nan
31744,451,3.9999999999999005,10.43624210357666,0.6984319999999999,nan
31841,452,-521.9399999999999,9.158818244934082,0.6975104999999999,nan
31909,453,-129.3039999999999,21.16338539123535,0.6968645,nan
31972,454,-11.475999999999985,13.552329063415527,0.696266,nan
32048,455,-123.60000000000002,7.394535064697266,0.695544,nan
32109,456,-19.948000000000064,9.760931015014648,0.6949645,nan
32176,457,-592.828,12.493087768554688,0.6943280000000001,nan
32223,458,-346.15800000000013,16.334121704101562,0.6938815,nan
32295,459,-535.19,11.907930374145508,0.6931975,nan
32370,460,-82.22200000000015,17.111364364624023,0.692485,nan
32446,461,-29.67700000000002,7.8958940505981445,0.691763,nan
32496,462,-189.21,10.846352577209473,0.691288,nan
32572,463,-446.86600000000004,10.110464096069336,0.690566,nan
32636,464,-156.07199999999995,7.811829090118408,0.6899580000000001,nan
32708,465,-375.5340000000001,20.5986270904541,0.689274,nan
32783,466,-400.08500000000015,14.917548179626465,0.6885615,nan
32877,467,-226.3060000000001,16.34282684326172,0.6876685,nan
32936,468,-490.944,15.137152671813965,0.687108,nan
33009,469,-150.89999999999998,20.736328125,0.6864145,nan
33076,470,-73.76200000000003,18.528249740600586,0.685778,nan
33146,471,-927.222,8.273255348205566,0.6851130000000001,nan
33219,472,56.957999999999984,17.51738739013672,0.6844195,nan
33286,473,63.31800000000013,15.10633659362793,0.683783,nan
33340,474,-256.257,7.0517730712890625,0.68327,nan
33389,475,-190.175,10.027151107788086,0.6828045,nan
33472,476,20.436999999999998,11.109748840332031,0.682016,nan
33527,477,-131.58499999999998,13.938277244567871,0.6814935,nan
33571,478,-237.29399999999995,8.072136878967285,0.6810755,nan
33616,479,-158.76800000000003,23.334001541137695,0.6806479999999999,nan
33690,480,-556.944,7.787672519683838,0.679945,nan
33782,481,-526.6759999999999,17.34771728515625,0.679071,nan
33832,482,-304.504,9.986957550048828,0.678596,nan
33885,483,-315.6050000000001,13.5927152633667,0.6780925,nan
33985,484,-356.846,14.171188354492188,0.6771425,nan
34052,485,-27.329000000000065,16.103271484375,0.676506,nan
34146,486,-327.5730000000001,13.639148712158203,0.675613,nan
34198,487,-52.158000000000015,12.397985458374023,0.675119,nan
34244,488,-299.408,17.514501571655273,0.674682,nan
34302,489,-211.54699999999997,11.258261680603027,0.674131,nan
34371,490,-77.38100000000003,14.826871871948242,0.6734755,nan
34436,491,-356.66900000000004,9.742294311523438,0.672858,nan
34511,492,-202.4709999999999,9.533751487731934,0.6721455000000001,nan
34580,493,-395.812,15.352198600769043,0.67149,nan
34642,494,69.94799999999996,22.679807662963867,0.670901,nan
34697,495,-200.93800000000002,9.951189041137695,0.6703785,nan
34757,496,-287.99199999999996,14.798447608947754,0.6698085,nan
34811,497,-175.2539999999999,6.730224609375,0.6692955,nan
34870,498,-90.20300000000003,14.956960678100586,0.6687350000000001,nan
34915,499,-138.63799999999998,17.748580932617188,0.6683075,nan
34973,500,-101.4109999999999,17.969457626342773,0.6677565000000001,nan
35015,501,-265.682,8.638216972351074,0.6673575,nan
35090,502,-340.2740000000001,15.406904220581055,0.666645,nan
35154,503,-49.485999999999976,7.289641380310059,0.666037,nan
35210,504,-18.82699999999994,9.683232307434082,0.665505,nan
35256,505,-274.028,14.979513168334961,0.665068,nan
35316,506,-377.05100000000004,13.079378128051758,0.664498,nan
35396,507,-379.3220000000001,14.44604778289795,0.6637379999999999,nan
35467,508,-142.5770000000001,11.883401870727539,0.6630635,nan
35530,509,-520.4180000000001,12.889447212219238,0.6624650000000001,nan
35595,510,-512.4640000000002,10.439676284790039,0.6618475,nan
35647,511,-505.18999999999994,13.465303421020508,0.6613534999999999,nan
35715,512,34.96399999999993,17.037723541259766,0.6607075,nan
35782,513,-323.0479999999999,19.218059539794922,0.660071,nan
35852,514,17.454000000000022,10.590770721435547,0.6594059999999999,nan
35915,515,-93.99999999999997,13.270618438720703,0.6588075,nan
35989,516,-12.872000000000057,14.525402069091797,0.6581045000000001,nan
36056,517,-295.12899999999996,14.41770076751709,0.6574679999999999,nan
36102,518,-101.62800000000001,18.81320571899414,0.657031,nan
36174,519,-945.8520000000001,16.07076072692871,0.656347,nan
36229,520,-136.44999999999996,16.31581687927246,0.6558245,nan
36312,521,26.305000000000007,5.199120998382568,0.655036,nan
36391,522,-370.576,17.378631591796875,0.6542855000000001,nan
36450,523,32.98599999999988,17.751136779785156,0.653725,nan
36525,524,78.05199999999988,11.972820281982422,0.6530125,nan
36572,525,-495.6650000000001,12.829231262207031,0.652566,nan
36649,526,-134.71500000000017,12.990731239318848,0.6518345000000001,nan
36714,527,-320.3850000000001,15.714454650878906,0.6512169999999999,nan
36773,528,-300.43300000000005,9.990049362182617,0.6506565,nan
36842,529,-285.60900000000004,11.484349250793457,0.650001,nan
36889,530,-345.8839999999999,13.348023414611816,0.6495545,nan
36943,531,-346.946,9.528665542602539,0.6490415,nan
37013,532,-80.84700000000004,9.978086471557617,0.6483765,nan
37082,533,-247.55200000000002,11.468735694885254,0.647721,nan
37155,534,-455.4160000000001,15.239912033081055,0.6470275000000001,nan
37212,535,-450.808,8.130386352539062,0.646486,nan
37267,536,-227.728,15.652302742004395,0.6459635,nan
37329,537,-613.7440000000001,10.014555931091309,0.6453745,nan
37394,538,-375.6940000000001,9.020881652832031,0.644757,nan
37460,539,-626.8650000000001,7.575912952423096,0.6441300000000001,nan
37539,540,-234.57599999999985,26.58302879333496,0.6433795,nan
37615,541,-771.6709999999999,26.10402488708496,0.6426575000000001,nan
37662,542,-293.81899999999996,13.735365867614746,0.6422110000000001,nan
37717,543,-295.99000000000007,18.99605369567871,0.6416885,nan
37769,544,70.88599999999991,14.37381649017334,0.6411945,nan
37824,545,-99.357,15.367125511169434,0.640672,nan
37865,546,-33.41999999999999,18.1926212310791,0.6402825000000001,nan
37956,547,-263.7770000000002,6.541647911071777,0.639418,nan
38039,548,-1342.4609999999998,10.16423225402832,0.6386295,nan
38119,549,-27.639999999999915,14.63255786895752,0.6378695000000001,nan
38191,550,-325.6429999999999,11.51839828491211,0.6371855,nan
38251,551,-616.5570000000001,14.907323837280273,0.6366155,nan
38313,552,-75.99700000000003,18.710262298583984,0.6360265,nan
38362,553,-379.93399999999997,19.66289710998535,0.635561,nan
38411,554,-390.491,12.506061553955078,0.6350955,nan
38471,555,-401.7930000000001,11.636195182800293,0.6345255000000001,nan
38528,556,-175.07699999999994,23.00231170654297,0.633984,nan
38583,557,-79.17100000000002,18.73638153076172,0.6334615,nan
38634,558,-244.45299999999997,8.239505767822266,0.632977,nan
38697,559,-266.76200000000006,15.7152099609375,0.6323785,nan
38786,560,-784.575,17.16740608215332,0.631533,nan
38837,561,-347.56500000000005,17.14274024963379,0.6310485,nan
38927,562,-200.727,12.544447898864746,0.6301935000000001,nan
38973,563,-264.948,13.169690132141113,0.6297565,nan
39030,564,33.51599999999992,12.64646053314209,0.6292150000000001,nan
39111,565,86.06099999999984,13.057701110839844,0.6284455,nan
39163,566,-342.29300000000006,28.716938018798828,0.6279515,nan
39228,567,-188.2960000000001,12.586715698242188,0.6273340000000001,nan
39294,568,-200.32899999999998,16.50654411315918,0.626707,nan
39349,569,-509.547,25.20490837097168,0.6261845,nan
39431,570,-222.35799999999995,24.114641189575195,0.6254055000000001,nan
39479,571,-321.536,10.340399742126465,0.6249495,nan
39550,572,-140.40000000000006,15.080570220947266,0.624275,nan
39613,573,-270.736,20.863710403442383,0.6236765,nan
39666,574,-204.58100000000002,21.479961395263672,0.623173,nan
39743,575,-73.16799999999996,9.958462715148926,0.6224415000000001,nan
39808,576,-386.13,12.949416160583496,0.621824,nan
39856,577,-261.247,9.78893756866455,0.6213679999999999,nan
39933,578,-432.3290000000001,10.373319625854492,0.6206365,nan
39981,579,-219.08800000000002,13.944764137268066,0.6201805,nan
40000,580,176.677,8.084253311157227,0.62,50.26414705882352
40051,580,-540.266,17.47826385498047,0.6195155000000001,nan
40115,581,-227.43200000000007,8.870014190673828,0.6189074999999999,nan
40169,582,-234.94200000000004,8.732630729675293,0.6183945,nan
40230,583,-391.68199999999996,9.65514850616455,0.617815,nan
40284,584,-90.15300000000012,8.989054679870605,0.617302,nan
40350,585,-260.3789999999999,15.5084228515625,0.616675,nan
40395,586,-318.78000000000003,15.957011222839355,0.6162475000000001,nan
40458,587,-454.69600000000014,23.631877899169922,0.615649,nan
40508,588,-416.813,11.990655899047852,0.615174,nan
40572,589,-10.590000000000067,10.609332084655762,0.614566,nan
40641,590,-318.6679999999999,28.425535202026367,0.6139105,nan
40720,591,-704.155,13.91219711303711,0.61316,nan
40802,592,-175.2340000000001,13.707773208618164,0.6123810000000001,nan
40919,593,105.52999999999987,12.545782089233398,0.6112695,nan
40982,594,-456.70399999999995,14.241220474243164,0.610671,nan
41053,595,-298.1809999999999,15.244185447692871,0.6099965,nan
41124,596,-257.97,26.182876586914062,0.609322,nan
41205,597,-698.8430000000002,13.978534698486328,0.6085525,nan
41271,598,-108.09900000000006,10.438920974731445,0.6079255,nan
41328,599,-229.045,19.093700408935547,0.607384,nan
41409,600,-102.69700000000003,8.840774536132812,0.6066145000000001,nan
41461,601,-10.126999999999981,13.884130477905273,0.6061205000000001,nan
41522,602,-251.31300000000005,11.449288368225098,0.6055410000000001,nan
41581,603,-505.5069999999999,16.333803176879883,0.6049805,nan
41640,604,-153.53800000000004,16.333478927612305,0.60442,nan
41722,605,-728.9060000000002,14.768563270568848,0.6036410000000001,nan
41776,606,-355.121,19.266277313232422,0.603128,nan
41838,607,-441.75700000000006,15.573786735534668,0.602539,nan
41921,608,-190.23300000000006,14.221479415893555,0.6017505,nan
41987,609,-242.38799999999992,11.460992813110352,0.6011234999999999,nan
42074,610,-935.8419999999999,9.486913681030273,0.6002970000000001,nan
42148,611,-1012.8340000000002,14.888839721679688,0.599594,nan
42223,612,-110.1499999999999,12.315777778625488,0.5988815000000001,nan
42310,613,-247.0900000000001,17.99308967590332,0.598055,nan
42382,614,-442.01400000000024,28.219451904296875,0.5973710000000001,nan
42472,615,-86.75500000000001,18.53253936767578,0.596516,nan
42560,616,-847.7130000000001,21.629194259643555,0.59568,nan
42637,617,-341.9850000000001,15.497257232666016,0.5949485,nan
42695,618,-968.4869999999999,17.846555709838867,0.5943975,nan
42750,619,-284.815,17.34837532043457,0.593875,nan
42817,620,-542.173,16.31863784790039,0.5932385,nan
42872,621,-345.8670000000001,19.36429214477539,0.592716,nan
42938,622,-299.099,14.227458953857422,0.5920890000000001,nan
42997,623,-424.88899999999995,17.683637619018555,0.5915285,nan
43076,624,-586.093,21.099525451660156,0.590778,nan
43155,625,-1007.6379999999998,10.597661972045898,0.5900275,nan
43236,626,-467.40100000000007,18.838958740234375,0.5892580000000001,nan
43306,627,-873.1039999999998,18.380661010742188,0.588593,nan
43376,628,-110.28200000000004,15.378911972045898,0.587928,nan
43473,629,-998.1990000000001,20.999103546142578,0.5870065,nan
43577,630,-466.29500000000013,12.569013595581055,0.5860185,nan
43633,631,-346.659,15.500223159790039,0.5854865,nan
43694,632,-364.49300000000005,11.145450592041016,0.5849070000000001,nan
43755,633,-81.93200000000007,10.949441909790039,0.5843275,nan
43828,634,-617.1210000000001,14.424310684204102,0.583634,nan
43913,635,-549.186,17.420406341552734,0.5828265,nan
43980,636,-231.007,8.320542335510254,0.58219,nan
44045,637,-346.124,9.966839790344238,0.5815725,nan
44111,638,-234.88799999999998,10.987691879272461,0.5809455,nan
44182,639,-220.252,15.127962112426758,0.580271,nan
44276,640,-227.74699999999999,21.23200225830078,0.5793780000000001,nan
44345,641,-524.3710000000001,5.028425693511963,0.5787225,nan
44411,642,-290.4049999999999,13.40164852142334,0.5780955000000001,nan
44502,643,-286.94499999999994,20.12201690673828,0.577231,nan
44610,644,-167.74900000000008,13.467564582824707,0.5762050000000001,nan
44679,645,-212.00000000000006,9.24280834197998,0.5755494999999999,nan
44771,646,-222.21399999999983,18.483016967773438,0.5746755,nan
44841,647,-339.72600000000006,17.585407257080078,0.5740105,nan
44924,648,-276.42499999999995,8.63831901550293,0.5732220000000001,nan
45005,649,-155.67399999999998,7.925800800323486,0.5724525,nan
45066,650,-461.607,17.08298110961914,0.5718730000000001,nan
45128,651,-180.95799999999997,23.71111488342285,0.571284,nan
45193,652,77.28399999999993,15.789203643798828,0.5706665,nan
45302,653,-328.44299999999987,16.007362365722656,0.569631,nan
45386,654,-258.9319999999999,9.824627876281738,0.568833,nan
45462,655,-379.4700000000001,9.800945281982422,0.568111,nan
45522,656,-272.81600000000003,10.884026527404785,0.5675410000000001,nan
45601,657,-144.67799999999994,15.901937484741211,0.5667905,nan
45650,658,-139.44500000000002,24.573081970214844,0.566325,nan
45710,659,-111.72099999999998,9.500146865844727,0.565755,nan
45809,660,-242.85100000000008,15.525197982788086,0.5648145,nan
45891,661,-218.8830000000001,13.945730209350586,0.5640355,nan
46062,662,311.0530000000006,13.444938659667969,0.562411,nan
46177,663,-473.0590000000002,14.438605308532715,0.5613185,nan
46242,664,-277.67999999999995,17.641141891479492,0.560701,nan
46327,665,-461.596,15.267284393310547,0.5598935,nan
46433,666,-98.77499999999992,6.166894435882568,0.5588865000000001,nan
46489,667,-316.115,14.734949111938477,0.5583545,nan
46580,668,-665.0590000000002,12.571321487426758,0.55749,nan
46678,669,-482.0720000000001,17.01162338256836,0.556559,nan
46786,670,-424.1620000000001,16.914518356323242,0.555533,nan
46876,671,-183.80100000000004,14.771306037902832,0.554678,nan
47004,672,-300.0689999999999,16.866872787475586,0.553462,nan
47167,673,-437.14899999999994,27.099689483642578,0.5519135000000001,nan
47231,674,-450.2589999999999,21.91179084777832,0.5513055,nan
47350,675,-485.793,15.641353607177734,0.5501750000000001,nan
47411,676,-437.96300000000014,14.863784790039062,0.5495955000000001,nan
47520,677,-759.3709999999996,12.87671184539795,0.5485599999999999,nan
47606,678,-429.60600000000005,9.623645782470703,0.5477430000000001,nan
47718,679,-656.174,11.925507545471191,0.546679,nan
47814,680,-296.788,22.2893123626709,0.545767,nan
47923,681,-241.34300000000002,21.353437423706055,0.5447315,nan
48001,682,-257.96600000000007,14.70117473602295,0.5439905,nan
48085,683,-247.06100000000004,14.80611801147461,0.5431925,nan
48184,684,-221.58700000000002,18.210845947265625,0.542252,nan
48318,685,-261.77599999999995,13.466196060180664,0.5409790000000001,nan
48390,686,-293.2539999999999,19.567251205444336,0.540295,nan
48474,687,-803.5429999999999,12.559064865112305,0.539497,nan
48582,688,-623.281,13.948921203613281,0.538471,nan
48681,689,-217.08200000000005,20.676225662231445,0.5375305,nan
48759,690,-412.4340000000001,14.968585014343262,0.5367895,nan
48862,691,-265.9290000000002,16.326154708862305,0.535811,nan
49000,692,-441.5440000000003,25.914499282836914,0.5345,nan
49066,693,-415.9669999999999,19.54421043395996,0.533873,nan
49153,694,-632.245,12.468229293823242,0.5330465,nan
49255,695,-254.27499999999995,12.749198913574219,0.5320775,nan
49397,696,-455.99500000000023,17.29552459716797,0.5307284999999999,nan
49519,697,-131.09199999999998,10.062140464782715,0.5295695,nan
49583,698,-574.076,11.542187690734863,0.5289615000000001,nan
49671,699,-58.142000000000245,16.971088409423828,0.5281255,nan
49752,700,-467.22900000000004,14.3410062789917,0.5273559999999999,nan
49926,701,345.8839999999999,17.073030471801758,0.525703,nan
50000,702,142.66700000000003,19.716943740844727,0.525,20.163836065573776
50062,702,-496.8810000000001,15.665176391601562,0.5244110000000001,nan
50223,703,121.52299999999995,21.007583618164062,0.5228815,nan
50377,704,-38.94600000000003,19.21681022644043,0.5214185,nan
50536,705,-367.2179999999999,13.089469909667969,0.519908,nan
50665,706,-350.19100000000003,15.961548805236816,0.5186824999999999,nan
50762,707,-570.634,12.215941429138184,0.5177610000000001,nan
50851,708,-227.4649999999999,25.353364944458008,0.5169155000000001,nan
50937,709,-567.076,10.835038185119629,0.5160985,nan
51032,710,-378.937,11.035805702209473,0.515196,nan
51120,711,-449.4830000000001,18.603271484375,0.51436,nan
51256,712,-322.89099999999996,24.91461753845215,0.5130680000000001,nan
51358,713,-110.90099999999991,21.708179473876953,0.512099,nan
51474,714,-375.1190000000002,9.948508262634277,0.510997,nan
51579,715,-671.335,14.899494171142578,0.5099995,nan
51745,716,239.0889999999996,12.2051420211792,0.5084225,nan
51872,717,-350.211,16.849496841430664,0.5072160000000001,nan
52003,718,-381.26200000000006,16.14930534362793,0.5059715,nan
52083,719,-370.129,22.88099479675293,0.5052115,nan
52217,720,-314.69499999999994,17.78049087524414,0.5039385000000001,nan
52383,721,409.2300000000002,25.115192413330078,0.5023615,nan
52557,722,-185.42499999999998,22.786209106445312,0.5007085,nan
52677,723,-154.82699999999997,20.58078384399414,0.4995685000000001,nan
52825,724,100.34000000000009,15.196268081665039,0.49816250000000006,nan
52953,725,-555.8889999999999,16.49217414855957,0.49694650000000007,nan
53073,726,-627.0499999999998,15.506277084350586,0.49580650000000004,nan
53219,727,-600.8510000000001,21.049392700195312,0.4944195,nan
53341,728,-772.8000000000001,13.40025520324707,0.4932605,nan
53496,729,-186.64800000000002,24.85710334777832,0.491788,nan
53567,730,-466.691,12.668975830078125,0.4911135000000001,nan
53677,731,-839.2079999999999,10.981626510620117,0.4900685,nan
53842,732,-24.917000000000193,12.223252296447754,0.48850099999999996,nan
53965,733,-288.303,14.274444580078125,0.48733250000000006,nan
54137,734,388.9810000000003,13.928763389587402,0.48569850000000003,nan
54224,735,-666.1120000000001,22.955846786499023,0.48487199999999997,nan
54375,736,-120.02099999999987,14.468375205993652,0.4834375000000001,nan
54496,737,-647.65,20.626483917236328,0.48228800000000005,nan
54632,738,-232.92299999999983,13.5531005859375,0.480996,nan
54794,739,-110.93599999999996,20.37363624572754,0.479457,nan
54915,740,-686.5860000000002,12.732149124145508,0.4783075,nan
55043,741,-799.3530000000001,15.975761413574219,0.4770915,nan
55184,742,-400.02300000000014,17.16471290588379,0.47575200000000006,nan
55306,743,-512.5089999999999,16.3863468170166,0.47459300000000004,nan
55460,744,-190.50700000000003,9.58679485321045,0.47313000000000005,nan
55603,745,-196.323,14.069202423095703,0.4717715,nan
55698,746,-112.40000000000006,8.898682594299316,0.470869,nan
55812,747,-319.2149999999999,21.568010330200195,0.46978600000000004,nan
55939,748,-787.7449999999994,15.686087608337402,0.4685794999999999,nan
56081,749,-240.31700000000018,11.231200218200684,0.4672305,nan
56236,750,-543.102,18.242225646972656,0.465758,nan
56352,751,-643.758,16.402000427246094,0.46465599999999996,nan
56476,752,-833.102,12.959305763244629,0.46347799999999995,nan
56548,753,-355.577,12.371707916259766,0.46279400000000004,nan
56677,754,-427.005,18.654438018798828,0.46156850000000005,nan
56817,755,-437.5710000000003,12.985814094543457,0.4602385000000001,nan
56910,756,-463.01700000000005,17.290847778320312,0.45935499999999996,nan
57028,757,-401.5630000000002,8.643462181091309,0.45823400000000003,nan
57130,758,-426.634,26.544111251831055,0.45726500000000003,nan
57267,759,-690.7069999999999,17.729602813720703,0.45596349999999997,nan
57432,760,-11.617000000000006,15.05594539642334,0.454396,nan
57530,761,-216.5420000000001,9.291257858276367,0.453465,nan
57623,762,-627.1080000000001,11.656316757202148,0.45258149999999997,nan
57786,763,15.479000000000044,17.51361846923828,0.451033,nan
57957,764,66.78799999999977,20.536462783813477,0.4494085,nan
58136,765,54.48699999999997,17.971744537353516,0.447708,nan
58286,766,-141.89500000000007,19.141372680664062,0.446283,nan
58455,767,340.67600000000016,14.37038803100586,0.44467750000000006,nan
58600,768,-620.6569999999999,10.136845588684082,0.4433,nan
58748,769,-484.85900000000015,12.786739349365234,0.441894,nan
58914,770,29.55200000000007,15.047689437866211,0.44031700000000007,nan
59045,771,-359.7560000000001,7.563326358795166,0.4390725,nan
59185,772,-363.25800000000004,14.948768615722656,0.43774250000000003,nan
59348,773,-303.7859999999998,11.655342102050781,0.43619399999999997,nan
59500,774,-104.42500000000007,14.375134468078613,0.4347500000000001,nan
59647,775,-17.201999999999835,15.262847900390625,0.43335350000000006,nan
59798,776,-165.78499999999985,16.611459732055664,0.43191900000000005,nan
59929,777,-288.1979999999999,11.823461532592773,0.43067450000000007,nan
60000,778,287.63700000000017,14.202933311462402,0.43000000000000005,31.424333333333326
60096,778,107.4840000000003,17.52818489074707,0.429088,nan
60187,779,-1023.2239999999999,10.745030403137207,0.4282235,nan
60340,780,-331.3689999999999,14.476520538330078,0.42677,nan
60528,781,291.697,20.533920288085938,0.42498400000000003,nan
60615,782,-537.6959999999999,19.987682342529297,0.4241575000000001,nan
60734,783,-805.6049999999998,12.59591293334961,0.42302700000000004,nan
60848,784,-680.3530000000001,9.708505630493164,0.421944,nan
61001,785,115.71599999999988,15.394352912902832,0.4204905,nan
61171,786,156.43899999999994,13.671611785888672,0.41887550000000007,nan
61288,787,-487.2140000000001,17.26801109313965,0.417764,nan
61467,788,141.17399999999978,12.313211441040039,0.41606350000000003,nan
61605,789,-423.554,20.862539291381836,0.4147525000000001,nan
61771,790,-109.51599999999995,15.777144432067871,0.41317550000000003,nan
61927,791,-457.457,17.803089141845703,0.41169350000000005,nan
62038,792,-294.82800000000003,13.761218070983887,0.410639,nan
62163,793,-16.410999999999632,16.680614471435547,0.40945149999999997,nan
62311,794,-422.89400000000023,15.391944885253906,0.40804549999999995,nan
62461,795,-436.928,18.894643783569336,0.40662050000000005,nan
62620,796,-38.77300000000019,21.783063888549805,0.4051100000000001,nan
62798,797,60.90199999999994,16.946308135986328,0.4034190000000001,nan
62927,798,-857.3619999999995,13.473669052124023,0.4021935,nan
63101,799,-78.58399999999993,12.437460899353027,0.4005405000000001,nan
63255,800,-151.156,13.344916343688965,0.3990775000000001,nan
63392,801,-343.01599999999985,11.925368309020996,0.397776,nan
63535,802,-894.9369999999999,12.867833137512207,0.3964175000000001,nan
63704,803,406.5630000000003,17.65477752685547,0.39481199999999994,nan
63838,804,-158.45500000000004,9.973299980163574,0.3935390000000001,nan
63933,805,-571.131,13.047863960266113,0.39263650000000005,nan
64012,806,-407.537,18.235857009887695,0.39188599999999996,nan
64131,807,-226.60099999999994,17.26706314086914,0.39075550000000003,nan
64348,808,214.1739999999999,12.347441673278809,0.388694,nan
64469,809,-177.06200000000013,24.909713745117188,0.38754450000000007,nan
64624,810,-632.2819999999996,11.68876838684082,0.38607199999999997,nan
64786,811,-470.3849999999999,13.900646209716797,0.384533,nan
64873,812,-162.08899999999994,21.1759090423584,0.38370649999999995,nan
65032,813,58.322000000000024,19.91765785217285,0.382196,nan
65188,814,-389.11200000000025,12.414168357849121,0.380714,nan
65371,815,369.138,11.499889373779297,0.3789755,nan
65494,816,-657.8280000000001,12.691211700439453,0.3778070000000001,nan
65660,817,-37.52299999999994,15.593361854553223,0.37623000000000006,nan
65823,818,-537.578,29.048377990722656,0.3746815,nan
65887,819,-260.6309999999999,9.6570463180542,0.37407350000000006,nan
66029,820,-519.8790000000002,19.500988006591797,0.3727245,nan
66193,821,-297.4969999999999,14.349554061889648,0.37116650000000007,nan
66375,822,-70.86800000000017,14.339683532714844,0.3694375000000001,nan
66461,823,-457.76200000000006,19.476051330566406,0.3686205,nan
66632,824,-28.372999999999966,23.40107536315918,0.366996,nan
66766,825,-230.42399999999998,12.052048683166504,0.365723,nan
66971,826,240.09500000000003,9.053616523742676,0.36377550000000003,nan
67144,827,-525.024,12.688138961791992,0.362132,nan
67338,828,191.7400000000001,18.01734733581543,0.3602890000000001,nan
67527,829,104.01900000000005,17.5428409576416,0.3584935,nan
67735,830,513.9539999999995,12.911218643188477,0.35651750000000004,nan
67900,831,370.4449999999999,15.866726875305176,0.35495,nan
68104,832,117.3529999999999,12.846334457397461,0.3530120000000001,nan
68206,833,-100.26499999999984,9.331677436828613,0.352043,nan
68405,834,573.9689999999999,12.937910079956055,0.3501525,nan
68589,835,-37.422999999999845,18.902835845947266,0.3484045,nan
68728,836,-477.77600000000007,18.47359848022461,0.34708400000000006,nan
68917,837,123.59099999999981,14.584853172302246,0.3452885000000001,nan
69053,838,-982.133999999999,14.84669303894043,0.34399650000000004,nan
69247,839,349.04999999999944,9.03345775604248,0.3421535,nan
69446,840,403.2930000000003,17.58008575439453,0.3402630000000001,nan
69649,841,100.49799999999979,15.950972557067871,0.3383345,nan
69782,842,-403.8730000000001,13.27917766571045,0.337071,nan
69956,843,344.1210000000002,16.434118270874023,0.3354180000000001,nan
70000,844,186.88699999999994,10.062830924987793,0.3350000000000001,30.514122448979588
70090,844,-811.8119999999999,27.6644287109375,0.334145,nan
70299,845,290.90899999999993,18.566967010498047,0.33215950000000005,nan
70494,846,490.7360000000001,16.276277542114258,0.330307,nan
70668,847,-353.9900000000001,16.26460838317871,0.328654,nan
70853,848,356.5729999999998,11.770097732543945,0.32689650000000003,nan
71043,849,16.016000000000137,14.94821834564209,0.3250915,nan
71156,850,-209.07200000000012,21.89706039428711,0.32401800000000003,nan
71315,851,-40.01200000000011,11.810372352600098,0.32250750000000006,nan
71480,852,-336.62199999999984,22.55478286743164,0.32094,nan
71655,853,186.48100000000045,11.24194049835205,0.3192775,nan
71818,854,-77.6090000000001,19.40637969970703,0.31772900000000004,nan
72013,855,-196.76400000000015,16.387174606323242,0.3158765,nan
72154,856,-775.8159999999998,13.602740287780762,0.31453700000000007,nan
72361,857,359.9060000000002,12.040094375610352,0.3125705000000001,nan
72552,858,693.461,12.082371711730957,0.31075600000000003,nan
72722,859,-460.26800000000003,8.906983375549316,0.309141,nan
72946,860,-23.01600000000009,17.26042938232422,0.307013,nan
73096,861,-536.49,13.213215827941895,0.30558799999999997,nan
73298,862,95.06700000000006,12.473714828491211,0.3036690000000001,nan
73493,863,137.8769999999998,14.608266830444336,0.30181650000000004,nan
73643,864,-837.402,7.705571174621582,0.30039150000000003,nan
73841,865,-277.3739999999997,20.51760482788086,0.2985105,nan
74045,866,-186.428,18.4650936126709,0.2965725,nan
74243,867,-260.7899999999997,16.166059494018555,0.2946915,nan
74412,868,-11.232999999999384,17.79483413696289,0.29308600000000007,nan
74612,869,-40.601999999999784,13.999491691589355,0.29118600000000006,nan
74716,870,-528.8890000000001,13.194626808166504,0.29019799999999996,nan
74808,871,-430.1909999999998,12.175163269042969,0.289324,nan
75034,872,-161.093,16.40761947631836,0.287177,nan
75213,873,-688.2500000000001,17.502676010131836,0.2854765,nan
75288,874,-264.053,18.883928298950195,0.284764,nan
75406,875,-345.8230000000001,14.287517547607422,0.2836430000000001,nan
75484,876,-475.93800000000044,16.200613021850586,0.2829020000000001,nan
75641,877,-108.07599999999962,15.179387092590332,0.2814105,nan
75800,878,-455.24500000000023,23.078285217285156,0.27990000000000004,nan
75939,879,-859.1180000000002,17.116321563720703,0.2785795,nan
76104,880,-897.56,10.200852394104004,0.27701200000000004,nan
76307,881,53.250999999999905,14.32420825958252,0.27508350000000004,nan
76491,882,-92.87099999999977,16.140024185180664,0.27333550000000006,nan
76631,883,-896.2239999999996,15.393045425415039,0.2720055,nan
76829,884,-271.1629999999998,13.578241348266602,0.2701245,nan
76972,885,-444.1860000000002,20.829633712768555,0.26876600000000006,nan
77174,886,-259.8779999999999,13.757811546325684,0.26684700000000006,nan
77325,887,-371.92800000000017,18.010099411010742,0.26541250000000005,nan
77526,888,-565.1080000000005,23.026996612548828,0.26350300000000004,nan
77646,889,-522.783,15.706802368164062,0.262363,nan
77803,890,-180.12699999999995,13.08432674407959,0.26087150000000003,nan
77958,891,-800.4559999999999,22.296775817871094,0.25939899999999994,nan
78083,892,-712.5749999999999,10.493683815002441,0.25821150000000004,nan
78212,893,-295.885,15.086719512939453,0.25698600000000005,nan
78361,894,-283.1170000000001,20.838470458984375,0.25557050000000003,nan
78530,895,-4.363000000000069,18.12567138671875,0.253965,nan
78645,896,-620.6830000000002,22.309097290039062,0.25287250000000006,nan
78797,897,-283.0839999999998,27.752540588378906,0.25142850000000005,nan
78983,898,-542.1430000000004,16.420799255371094,0.24966149999999998,nan
79096,899,-669.2940000000001,17.103885650634766,0.24858800000000003,nan
79184,900,-291.58399999999995,9.648770332336426,0.24775200000000008,nan
79386,901,-123.16800000000005,16.155088424682617,0.24583300000000008,nan
79534,902,-22.50700000000027,30.03858757019043,0.24442699999999995,nan
79721,903,158.488,14.917374610900879,0.2426505000000001,nan
79836,904,-876.072,14.430142402648926,0.24155800000000005,nan
80000,905,-22.98799999999981,27.086116790771484,0.24,31.442041666666654
80046,905,-398.08299999999997,17.88874053955078,0.23956300000000008,nan
80228,906,-154.23600000000022,10.571311950683594,0.237834,nan
80340,907,-528.2070000000002,19.851886749267578,0.23677000000000004,nan
80582,908,254.27799999999996,13.232959747314453,0.2344710000000001,nan
80814,909,-143.66699999999992,21.758726119995117,0.2322670000000001,nan
80886,910,-550.0680000000001,11.878284454345703,0.23158299999999998,nan
81144,911,-212.44999999999993,19.82524299621582,0.229132,nan
81364,912,-718.4929999999997,20.70977210998535,0.22704199999999997,nan
81522,913,-905.9079999999998,14.928508758544922,0.2255410000000001,nan
81717,914,-560.6439999999998,15.524198532104492,0.22368850000000007,nan
81926,915,360.2660000000004,17.109275817871094,0.2217030000000001,nan
82082,916,-294.41099999999983,22.03702163696289,0.220221,nan
82273,917,67.11399999999998,9.666292190551758,0.21840650000000006,nan
82447,918,-765.0139999999998,14.805909156799316,0.21675350000000004,nan
82640,919,-573.7579999999998,13.627827644348145,0.21492,nan
82852,920,-68.51399999999971,19.9404296875,0.21290600000000004,nan
83067,921,-429.4540000000002,18.81641387939453,0.21086349999999998,nan
83247,922,-501.1930000000003,19.261661529541016,0.2091535,nan
83498,923,-179.38600000000017,18.693622589111328,0.20676899999999998,nan
83700,924,-598.8870000000004,15.013209342956543,0.2048500000000001,nan
83840,925,-460.79200000000026,20.35169219970703,0.20352000000000003,nan
84021,926,-655.7560000000001,14.648109436035156,0.20180050000000005,nan
84130,927,-489.275,18.37809944152832,0.20076499999999997,nan
84293,928,-164.69600000000003,12.241796493530273,0.19921650000000013,nan
84504,929,354.85699999999997,19.00286865234375,0.19721200000000005,nan
84720,930,-774.5439999999996,30.972684860229492,0.1951600000000001,nan
84944,931,-335.7049999999999,10.886003494262695,0.1930320000000001,nan
85194,932,437.48900000000003,11.67941951751709,0.19065699999999997,nan
85443,933,104.20100000000006,19.604873657226562,0.18829150000000006,nan
85651,934,-331.08400000000006,22.19961166381836,0.18631550000000008,nan
85927,935,38.743000000000706,16.37843894958496,0.18369350000000007,nan
86134,936,-455.7009999999999,21.948076248168945,0.18172700000000008,nan
86345,937,-484.0289999999999,11.736149787902832,0.1797225,nan
86560,938,-392.2249999999996,12.546205520629883,0.17767999999999995,nan
86745,939,95.27299999999993,10.586077690124512,0.17592249999999998,nan
86830,940,-486.44500000000005,10.002518653869629,0.17511500000000002,nan
87036,941,0.46800000000004616,16.953969955444336,0.17315800000000003,nan
87268,942,-508.72399999999993,17.708755493164062,0.17095400000000005,nan
87494,943,-507.35399999999964,14.865408897399902,0.16880700000000004,nan
87685,944,1134.477,25.869356155395508,0.1669925,nan
87920,945,-599.8099999999998,16.339689254760742,0.16476000000000002,nan
88093,946,-665.758,12.615017890930176,0.1631165,nan
88303,947,650.6609999999991,19.421138763427734,0.16112150000000003,nan
88611,948,-436.478,18.7238826751709,0.15819550000000004,nan
88941,949,94.517,21.023008346557617,0.15506050000000005,nan
89185,950,164.4760000000003,14.080483436584473,0.1527425,nan
89350,951,437.4219999999996,16.74657440185547,0.15117500000000006,nan
89607,952,-237.9159999999997,10.649635314941406,0.14873349999999996,nan
89763,953,-724.0380000000002,21.97170066833496,0.14725149999999998,nan
90000,954,-106.4839999999998,10.156457901000977,0.14500000000000002,17.35969696969698
90038,954,-351.08399999999983,13.712492942810059,0.14463900000000007,nan
90234,955,-407.25600000000105,12.286527633666992,0.14277700000000004,nan
90397,956,-576.0929999999998,10.327812194824219,0.14122849999999998,nan
90664,957,-37.725000000000065,18.478248596191406,0.13869200000000004,nan
90923,958,-547.5920000000002,12.953530311584473,0.13623150000000006,nan
91127,959,-738.2849999999993,13.507781982421875,0.13429350000000007,nan
91428,960,253.31200000000038,19.437095642089844,0.13143400000000005,nan
91736,961,236.4209999999992,11.711189270019531,0.12850800000000007,nan
91985,962,-715.7929999999999,16.939851760864258,0.12614250000000005,nan
92181,963,429.8679999999996,14.167057991027832,0.12428050000000002,nan
92537,964,-252.49499999999986,14.930130958557129,0.12089850000000002,nan
92915,965,-126.45099999999996,14.2064208984375,0.11730750000000001,nan
93155,966,19.673999999999985,13.325983047485352,0.11502750000000006,nan
93401,967,522.9939999999989,16.570314407348633,0.11269050000000003,nan
93708,968,204.73499999999882,26.38571548461914,0.10977400000000004,nan
93929,969,66.04199999999979,8.697328567504883,0.10767450000000012,nan
94170,970,-12.451999999999998,16.226177215576172,0.10538500000000006,nan
94516,971,-763.0259999999978,22.329357147216797,0.10209800000000002,nan
94912,972,-186.5629999999996,15.162511825561523,0.09833600000000009,nan
95243,973,-33.73400000000004,20.668764114379883,0.0951915000000001,nan
95541,974,113.31800000000011,10.384340286254883,0.09236050000000007,nan
95919,975,-340.4499999999995,12.9832124710083,0.08876950000000006,nan
96233,976,-96.46200000000003,12.028246879577637,0.08578649999999999,nan
96651,977,-460.64099999999945,16.39075469970703,0.08181550000000004,nan
97044,978,-369.87299999999976,13.087133407592773,0.0780820000000001,nan
97312,979,-708.3549999999997,16.79678726196289,0.07553600000000005,nan
97591,980,105.47700000000013,20.476110458374023,0.07288549999999994,nan
97996,981,-207.59999999999962,23.499666213989258,0.06903800000000004,nan
98489,982,-702.7960000000004,22.330955505371094,0.06435449999999998,nan
98926,983,-382.1760000000002,15.38897705078125,0.060203000000000007,nan
99354,984,-1022.9150000000028,9.577972412109375,0.056137000000000103,nan
99823,985,-668.8720000000005,14.62178897857666,0.05168150000000005,nan
100000,986,-82.01900000000013,12.33739948272705,0.050000000000000044,18.283603174603186
100238,986,-978.4389999999937,22.43368911743164,0.050000000000000044,nan
100626,987,126.39899999999912,20.52191925048828,0.050000000000000044,nan
101037,988,-633.6160000000007,11.41790771484375,0.050000000000000044,nan
101482,989,-677.0989999999993,27.202842712402344,0.050000000000000044,nan
101870,990,-245.70299999999997,15.343345642089844,0.050000000000000044,nan
102101,991,353.93099999999987,17.053112030029297,0.050000000000000044,nan
102471,992,37.99700000000024,25.27289581298828,0.050000000000000044,nan
102777,993,345.6240000000003,15.110404968261719,0.050000000000000044,nan
103157,994,107.1150000000004,21.453044891357422,0.050000000000000044,nan
103402,995,-281.7490000000001,13.01280689239502,0.050000000000000044,nan
103707,996,-972.1900000000004,18.084964752197266,0.050000000000000044,nan
104119,997,-164.1579999999999,13.815574645996094,0.050000000000000044,nan
104530,998,-464.38699999999994,13.942546844482422,0.050000000000000044,nan
104918,999,-460.9409999999998,29.384056091308594,0.050000000000000044,nan
105326,1000,-517.4559999999994,17.470767974853516,0.050000000000000044,nan
105646,1001,-358.79199999999963,18.458148956298828,0.050000000000000044,nan
106018,1002,-699.2970000000016,20.70587921142578,0.050000000000000044,nan
106213,1003,-496.87000000000023,6.149226665496826,0.050000000000000044,nan
106499,1004,-315.1039999999999,9.205850601196289,0.050000000000000044,nan
106896,1005,-351.5509999999998,27.91402244567871,0.050000000000000044,nan
107389,1006,-588.103,13.161401748657227,0.050000000000000044,nan
107861,1007,-1038.081000000001,9.908526420593262,0.050000000000000044,nan
108282,1008,-494.02900000000017,12.100515365600586,0.050000000000000044,nan
108611,1009,84.85300000000011,15.385269165039062,0.050000000000000044,nan
109012,1010,124.09900000000066,19.040983200073242,0.050000000000000044,nan
109440,1011,-821.374000000001,14.954946517944336,0.050000000000000044,nan
109759,1012,78.53899999999958,11.96359634399414,0.050000000000000044,nan
109987,1013,345.82499999999976,16.96164321899414,0.050000000000000044,nan
110000,1014,87.63100000000001,9.979349136352539,0.050000000000000044,81.07886363636362
110146,1014,722.7130000000003,21.299423217773438,0.050000000000000044,nan
110593,1015,-308.9529999999996,11.2667818069458,0.050000000000000044,nan
110969,1016,-250.56599999999997,15.00298023223877,0.050000000000000044,nan
111425,1017,-497.587999999999,20.518646240234375,0.050000000000000044,nan
111852,1018,51.095000000000596,14.855216979980469,0.050000000000000044,nan
112227,1019,-404.70599999999973,12.627501487731934,0.050000000000000044,nan
112638,1020,-962.9600000000011,14.742080688476562,0.050000000000000044,nan
112895,1021,421.20799999999997,18.100019454956055,0.050000000000000044,nan
113322,1022,-535.8309999999996,12.05589771270752,0.050000000000000044,nan
113699,1023,-291.331,10.47238826751709,0.050000000000000044,nan
114261,1024,-520.18,10.796991348266602,0.050000000000000044,nan
114575,1025,-28.885999999999797,19.831005096435547,0.050000000000000044,nan
114924,1026,-91.30799999999981,7.747580051422119,0.050000000000000044,nan
115406,1027,-747.6280000000011,12.351774215698242,0.050000000000000044,nan
115828,1028,-232.83099999999973,16.31320571899414,0.050000000000000044,nan
116243,1029,-1055.2419999999986,14.778358459472656,0.050000000000000044,nan
116613,1030,-280.16300000000024,15.877338409423828,0.050000000000000044,nan
117066,1031,-482.08499999999935,13.018512725830078,0.050000000000000044,nan
117400,1032,81.13999999999992,13.709059715270996,0.050000000000000044,nan
117740,1033,-1059.2969999999973,13.29857063293457,0.050000000000000044,nan
118221,1034,-290.69499999999897,23.66897201538086,0.050000000000000044,nan
118713,1035,-857.4760000000019,22.213768005371094,0.050000000000000044,nan
119149,1036,-424.66999999999945,13.320316314697266,0.050000000000000044,nan
119486,1037,-99.42100000000016,18.97665023803711,0.050000000000000044,nan
119951,1038,-327.56199999999984,9.960474967956543,0.050000000000000044,nan
120000,1039,320.80600000000004,11.82068157196045,0.050000000000000044,28.302999999999987
120348,1039,-3.2619999999998672,24.820472717285156,0.050000000000000044,nan
120724,1040,242.75000000000082,17.38500213623047,0.050000000000000044,nan
121205,1041,-760.6080000000011,14.041779518127441,0.050000000000000044,nan
121639,1042,-551.6419999999988,7.833507537841797,0.050000000000000044,nan
122098,1043,-346.87899999999973,15.687509536743164,0.050000000000000044,nan
122557,1044,-888.5580000000017,16.797203063964844,0.050000000000000044,nan
123028,1045,69.52100000000084,16.988121032714844,0.050000000000000044,nan
123441,1046,-190.69399999999993,17.458477020263672,0.050000000000000044,nan
123894,1047,-108.0219999999994,22.274333953857422,0.050000000000000044,nan
124407,1048,-603.504,12.54867172241211,0.050000000000000044,nan
124957,1049,-506.1309999999995,12.425047874450684,0.050000000000000044,nan
125549,1050,-954.4200000000027,20.875289916992188,0.050000000000000044,nan
125995,1051,-272.4809999999993,9.076675415039062,0.050000000000000044,nan
126508,1052,-702.4550000000015,20.854520797729492,0.050000000000000044,nan
127013,1053,-465.41700000000014,13.265239715576172,0.050000000000000044,nan
127388,1054,-493.80500000000023,17.84457778930664,0.050000000000000044,nan
127704,1055,140.20399999999987,11.6455078125,0.050000000000000044,nan
128039,1056,454.25800000000015,13.116460800170898,0.050000000000000044,nan
128381,1057,60.32200000000059,19.660863876342773,0.050000000000000044,nan
128893,1058,-140.96799999999908,26.2260684967041,0.050000000000000044,nan
129395,1059,-576.2339999999999,12.853792190551758,0.050000000000000044,nan
129627,1060,-540.243,18.794170379638672,0.050000000000000044,nan
130000,1061,-313.5409999999996,23.106000900268555,0.050000000000000044,38.26576923076921
130202,1061,-714.3910000000006,20.7703800201416,0.050000000000000044,nan
130486,1062,-1451.6649999999968,6.5488786697387695,0.050000000000000044,nan
130994,1063,-442.6439999999992,14.173063278198242,0.050000000000000044,nan
131396,1064,-320.9699999999998,9.652578353881836,0.050000000000000044,nan
131874,1065,-1186.4460000000015,14.86196231842041,0.050000000000000044,nan
132322,1066,-905.917,11.352140426635742,0.050000000000000044,nan
132638,1067,389.55099999999874,13.587568283081055,0.050000000000000044,nan
133075,1068,-162.6659999999994,11.894659996032715,0.050000000000000044,nan
133530,1069,-1175.9709999999998,7.8349103927612305,0.050000000000000044,nan
133937,1070,-182.10399999999944,15.097423553466797,0.050000000000000044,nan
134271,1071,1.0820000000002012,14.603635787963867,0.050000000000000044,nan
134563,1072,-209.9800000000001,9.485559463500977,0.050000000000000044,nan
134987,1073,-502.24699999999984,6.933955192565918,0.050000000000000044,nan
135446,1074,-380.2079999999998,7.2765326499938965,0.050000000000000044,nan
135768,1075,-571.979,8.914716720581055,0.050000000000000044,nan
136188,1076,64.42799999999957,17.896821975708008,0.050000000000000044,nan
136578,1077,-749.3599999999985,11.186042785644531,0.050000000000000044,nan
136920,1078,-223.552,9.232954025268555,0.050000000000000044,nan
137396,1079,-862.5360000000012,18.40207290649414,0.050000000000000044,nan
137824,1080,-528.0719999999998,12.570384979248047,0.050000000000000044,nan
138223,1081,-993.4619999999927,13.485123634338379,0.050000000000000044,nan
138557,1082,179.69200000000063,13.242873191833496,0.050000000000000044,nan
138953,1083,-923.469999999998,11.808927536010742,0.050000000000000044,nan
139441,1084,-1122.9280000000015,12.665425300598145,0.050000000000000044,nan
139806,1085,56.34300000000019,11.914270401000977,0.050000000000000044,nan
140000,1086,227.57599999999994,15.066143035888672,0.050000000000000044,85.63933333333333
140136,1086,-101.77600000000004,11.414955139160156,0.050000000000000044,nan
140470,1087,-1446.9519999999966,15.507104873657227,0.050000000000000044,nan
140918,1088,-1311.1719999999975,9.817641258239746,0.050000000000000044,nan
141339,1089,-68.81399999999974,12.073354721069336,0.050000000000000044,nan
141696,1090,-997.6699999999977,8.382319450378418,0.050000000000000044,nan
142163,1091,-882.3610000000009,12.321850776672363,0.050000000000000044,nan
142739,1092,-460.98499999999893,11.506424903869629,0.050000000000000044,nan
143181,1093,-505.35299999999995,10.158878326416016,0.050000000000000044,nan
143611,1094,-1078.2029999999997,14.423011779785156,0.050000000000000044,nan
144129,1095,-565.4659999999999,11.010825157165527,0.050000000000000044,nan
144683,1096,-125.23899999999976,8.155012130737305,0.050000000000000044,nan
145222,1097,-72.40100000000014,9.449549674987793,0.050000000000000044,nan
145641,1098,-232.56999999999988,15.889373779296875,0.050000000000000044,nan
146046,1099,-399.78899999999976,11.14400863647461,0.050000000000000044,nan
146521,1100,-941.9570000000053,8.118258476257324,0.050000000000000044,nan
147079,1101,-732.6480000000024,15.248300552368164,0.050000000000000044,nan
147519,1102,-1088.5829999999999,7.532358169555664,0.050000000000000044,nan
148024,1103,-1185.167999999997,6.985617637634277,0.050000000000000044,nan
148440,1104,173.8020000000004,9.489408493041992,0.050000000000000044,nan
148992,1105,-341.7429999999999,16.422449111938477,0.050000000000000044,nan
149480,1106,-169.4509999999998,13.84500789642334,0.050000000000000044,nan
149943,1107,-888.0269999999998,8.105240821838379,0.050000000000000044,nan
150000,1108,172.12099999999995,14.439615249633789,0.050000000000000044,29.297624999999996
150553,1108,-956.8300000000008,10.798479080200195,0.050000000000000044,nan
151023,1109,-914.7420000000016,7.25343656539917,0.050000000000000044,nan
151535,1110,-1382.0279999999955,11.81882381439209,0.050000000000000044,nan
152142,1111,-282.5719999999999,15.78431224822998,0.050000000000000044,nan
152643,1112,-420.37199999999973,9.343605995178223,0.050000000000000044,nan
153034,1113,-854.3430000000006,9.3002347946167,0.050000000000000044,nan
153586,1114,-901.1500000000016,10.870685577392578,0.050000000000000044,nan
154204,1115,-790.7160000000015,5.638525009155273,0.050000000000000044,nan
154617,1116,-1186.7829999999992,8.752935409545898,0.050000000000000044,nan
155222,1117,-1103.5480000000007,11.028115272521973,0.050000000000000044,nan
155518,1118,-565.950000000001,12.739832878112793,0.050000000000000044,nan
156007,1119,-953.1700000000026,8.562544822692871,0.050000000000000044,nan
156494,1120,-1322.7139999999972,7.622474193572998,0.050000000000000044,nan
156851,1121,-717.0729999999985,4.931222915649414,0.050000000000000044,nan
157377,1122,-291.9729999999994,4.044114112854004,0.050000000000000044,nan
157850,1123,-920.8770000000011,9.132793426513672,0.050000000000000044,nan
158221,1124,-88.92099999999982,9.317747116088867,0.050000000000000044,nan
158662,1125,-201.3889999999996,6.2943902015686035,0.050000000000000044,nan
159180,1126,-666.0850000000027,10.19352912902832,0.050000000000000044,nan
159768,1127,-645.2150000000005,8.655251502990723,0.050000000000000044,nan
160000,1128,410.0220000000002,6.9333577156066895,0.050000000000000044,39.43794736842103
160156,1128,238.09300000000056,5.9904584884643555,0.050000000000000044,nan
160589,1129,-122.16299999999931,10.680976867675781,0.050000000000000044,nan
160846,1130,-740.3249999999998,6.431647300720215,0.050000000000000044,nan
161283,1131,-783.7139999999999,14.825662612915039,0.050000000000000044,nan
161655,1132,-1363.3940000000005,14.48619556427002,0.050000000000000044,nan
162187,1133,-305.1949999999998,7.130250930786133,0.050000000000000044,nan
162766,1134,-829.2069999999986,6.943089485168457,0.050000000000000044,nan
163325,1135,-675.8200000000033,10.132671356201172,0.050000000000000044,nan
163824,1136,-337.904,11.394390106201172,0.050000000000000044,nan
164188,1137,-182.37899999999996,10.194923400878906,0.050000000000000044,nan
164707,1138,-440.5730000000003,17.79433250427246,0.050000000000000044,nan
165128,1139,-1194.4120000000003,7.366888523101807,0.050000000000000044,nan
165603,1140,-862.7939999999988,14.796058654785156,0.050000000000000044,nan
166098,1141,-31.942999999999742,8.520954132080078,0.050000000000000044,nan
166456,1142,-1034.8579999999988,11.449640274047852,0.050000000000000044,nan
166813,1143,-1253.8669999999993,8.996950149536133,0.050000000000000044,nan
167377,1144,-1203.0789999999986,5.4550461769104,0.050000000000000044,nan
167985,1145,-405.6999999999994,7.7065653800964355,0.050000000000000044,nan
168535,1146,-473.1929999999993,5.59412145614624,0.050000000000000044,nan
168935,1147,-827.1679999999999,15.32906436920166,0.050000000000000044,nan
169340,1148,-1338.1259999999977,5.933548927307129,0.050000000000000044,nan
169854,1149,-819.4040000000028,5.347830295562744,0.050000000000000044,nan
170000,1150,196.49200000000002,18.407567977905273,0.050000000000000044,29.185446808510623
170368,1150,-344.84799999999996,8.955976486206055,0.050000000000000044,nan
170802,1151,-192.99199999999996,8.022428512573242,0.050000000000000044,nan
171285,1152,-322.0279999999995,6.081997394561768,0.050000000000000044,nan
171781,1153,-485.61399999999963,10.999568939208984,0.050000000000000044,nan
172300,1154,-918.0340000000019,11.381050109863281,0.050000000000000044,nan
172916,1155,-566.8370000000006,15.93366813659668,0.050000000000000044,nan
173471,1156,-464.281,4.939411163330078,0.050000000000000044,nan
173926,1157,-340.7700000000001,5.82651948928833,0.050000000000000044,nan
174249,1158,-953.886999999999,7.501527786254883,0.050000000000000044,nan
174690,1159,76.75100000000029,11.636897087097168,0.050000000000000044,nan
175204,1160,-121.89199999999983,7.07093620300293,0.050000000000000044,nan
175642,1161,-904.2119999999986,9.126370429992676,0.050000000000000044,nan
176319,1162,-177.34000000000023,5.781225681304932,0.050000000000000044,nan
176443,1163,-308.9929999999999,6.138491153717041,0.050000000000000044,nan
176880,1164,-836.7799999999961,4.842272758483887,0.050000000000000044,nan
177370,1165,-822.4050000000027,14.55616569519043,0.050000000000000044,nan
177951,1166,-532.9419999999991,7.04729700088501,0.050000000000000044,nan
178320,1167,-1070.0809999999979,9.656329154968262,0.050000000000000044,nan
178738,1168,-626.8999999999983,6.331615447998047,0.050000000000000044,nan
179160,1169,-821.2330000000002,4.78939151763916,0.050000000000000044,nan
179775,1170,-164.0019999999996,17.832630157470703,0.050000000000000044,nan
180000,1171,408.539999999999,4.316676139831543,0.050000000000000044,49.56721874999998
180235,1171,23.939999999999074,5.737184524536133,0.050000000000000044,nan
180746,1172,-443.13299999999964,4.942386627197266,0.050000000000000044,nan
180976,1173,-894.117,8.726749420166016,0.050000000000000044,nan
181383,1174,-812.1709999999979,5.611841678619385,0.050000000000000044,nan
181476,1175,-239.37800000000001,5.044849395751953,0.050000000000000044,nan
181908,1176,-435.1849999999998,4.884495258331299,0.050000000000000044,nan
182138,1177,-652.9660000000003,4.352652549743652,0.050000000000000044,nan
182819,1178,-425.2179999999999,5.619736194610596,0.050000000000000044,nan
183163,1179,-928.3089999999988,10.53022575378418,0.050000000000000044,nan
183512,1180,2.4790000000002617,7.342138767242432,0.050000000000000044,nan
184056,1181,-576.7780000000013,4.031163692474365,0.050000000000000044,nan
184428,1182,-937.2939999999992,6.771608829498291,0.050000000000000044,nan
184840,1183,-1056.7610000000016,4.458205699920654,0.050000000000000044,nan
185226,1184,-1188.2039999999984,5.270755290985107,0.050000000000000044,nan
185757,1185,-842.4640000000026,8.567806243896484,0.050000000000000044,nan
186298,1186,-426.0829999999994,4.777301788330078,0.050000000000000044,nan
186847,1187,-723.2640000000016,3.528482675552368,0.050000000000000044,nan
187460,1188,-469.1419999999998,4.979166030883789,0.050000000000000044,nan
187680,1189,-676.5609999999997,5.2353835105896,0.050000000000000044,nan
188184,1190,-455.43999999999966,6.373898983001709,0.050000000000000044,nan
188649,1191,-642.9179999999988,4.560708045959473,0.050000000000000044,nan
189034,1192,-819.8909999999997,10.29537582397461,0.050000000000000044,nan
189737,1193,-969.047000000001,5.0265727043151855,0.050000000000000044,nan
189966,1194,-741.7599999999994,5.109010696411133,0.050000000000000044,nan
190000,1195,278.539,7.6686787605285645,0.050000000000000044,76.95165217391303
190470,1195,-557.2749999999992,4.119391441345215,0.050000000000000044,nan
190994,1196,-853.0390000000004,4.281589031219482,0.050000000000000044,nan
191518,1197,-272.4899999999994,9.39438247680664,0.050000000000000044,nan
192042,1198,-336.64900000000006,14.809115409851074,0.050000000000000044,nan
192509,1199,-474.1660000000001,9.568573951721191,0.050000000000000044,nan
192885,1200,-1128.2879999999968,5.176563262939453,0.050000000000000044,nan
193466,1201,-523.3440000000002,3.9559335708618164,0.050000000000000044,nan
193831,1202,-865.7599999999966,5.199579238891602,0.050000000000000044,nan
194355,1203,-454.0929999999993,4.875628471374512,0.050000000000000044,nan
194845,1204,-442.23,3.997023820877075,0.050000000000000044,nan
195119,1205,-943.4599999999969,3.135331869125366,0.050000000000000044,nan
195379,1206,-802.1089999999992,5.634848117828369,0.050000000000000044,nan
195800,1207,-203.467,9.402016639709473,0.050000000000000044,nan
196412,1208,-649.1040000000015,4.070370197296143,0.050000000000000044,nan
196887,1209,-760.7470000000012,3.9079718589782715,0.050000000000000044,nan
197059,1210,-756.7919999999998,6.960540771484375,0.050000000000000044,nan
197335,1211,-788.2159999999988,4.428865432739258,0.050000000000000044,nan
197707,1212,-1053.8299999999977,5.1339263916015625,0.050000000000000044,nan
198162,1213,-693.5280000000007,3.997431755065918,0.050000000000000044,nan
198276,1214,-622.0160000000005,4.0007147789001465,0.050000000000000044,nan
198703,1215,-1239.509999999997,5.583095073699951,0.050000000000000044,nan
199172,1216,-640.8809999999992,13.006234169006348,0.050000000000000044,nan
199405,1217,-511.0160000000002,7.237356662750244,0.050000000000000044,nan
199783,1218,-749.4799999999973,4.740579605102539,0.050000000000000044,nan
200000,1219,-224.26400000000018,3.5213699340820312,0.050000000000000044,56.129499999999986
