step,episode,return,policy_loss,value_loss,entropy,eval_cost_per_order
83,0,-405.49900000000014,-634.25830078125,213.48760986328125,3.0039703845977783,nan
184,1,-960.9090000000001,-226.4860076904297,79.55182647705078,2.8321304321289062,nan
287,2,96.92899999999997,-470.4647216796875,179.7853240966797,2.6119205951690674,nan
378,3,-453.22600000000017,-756.0770874023438,290.0752868652344,2.70908522605896,nan
488,4,-232.3740000000002,-613.8123779296875,222.51693725585938,2.7330286502838135,nan
578,5,-357.889,-771.6799926757812,250.4578399658203,3.060290813446045,nan
663,6,-37.82900000000001,-723.1880493164062,255.6276397705078,2.750821590423584,nan
767,7,-88.59199999999998,-613.1270141601562,202.74465942382812,3.0300519466400146,nan
854,8,-151.85100000000017,-485.74908447265625,158.36767578125,3.068849563598633,nan
959,9,132.92999999999984,-582.3626708984375,205.16989135742188,2.8226630687713623,nan
1024,10,-173.383,-454.82891845703125,165.6157684326172,2.7446584701538086,nan
1067,11,-250.51100000000002,-842.7369995117188,277.7229309082031,2.9816572666168213,nan
1196,12,48.15100000000001,-969.3411254882812,329.6155700683594,2.968655824661255,nan
1273,13,1.329999999999984,-257.0894470214844,122.23976135253906,2.1122868061065674,nan
1323,14,-197.14899999999994,-720.3919067382812,241.0005645751953,2.9898719787597656,nan
1397,15,-220.42600000000002,-749.6625366210938,270.64227294921875,2.804760456085205,nan
1491,16,-269.31800000000004,-704.6486206054688,273.54010009765625,2.6172502040863037,nan
1569,17,-704.495,-1443.135986328125,525.1185302734375,2.745056390762329,nan
1627,18,-118.34000000000006,-259.7869873046875,100.80308532714844,2.605064630508423,nan
1706,19,-21.435999999999986,-399.6598815917969,163.6483612060547,2.4254398345947266,nan
1795,20,-102.78600000000014,-433.47576904296875,171.8933868408203,2.5151729583740234,nan
1883,21,-276.3580000000002,-750.7030639648438,263.8539733886719,2.858717918395996,nan
1955,22,-208.65400000000005,-770.6328125,288.9361572265625,2.6282122135162354,nan
2051,23,82.23600000000008,-445.70123291015625,180.40626525878906,2.3672711849212646,nan
2097,24,-249.44800000000006,-768.259521484375,300.5666198730469,2.7062904834747314,nan
2151,25,-177.9050000000001,-433.6240539550781,203.798583984375,2.418193817138672,nan
2217,26,-122.566,-289.034912109375,113.04766082763672,2.589740753173828,nan
2301,27,-361.311,-500.8747863769531,177.00270080566406,2.6819872856140137,nan
2366,28,-69.05400000000006,-436.9571838378906,182.01087951660156,2.4478766918182373,nan
2440,29,-329.1569999999999,-606.8175048828125,242.7283172607422,2.5313961505889893,nan
2555,30,-17.97100000000006,-427.4708557128906,166.1125946044922,2.6031181812286377,nan
2647,31,-113.59000000000009,-662.8605346679688,210.30348205566406,3.175851821899414,nan
2706,32,-47.067000000000036,-563.5686645507812,198.877197265625,2.769627332687378,nan
2779,33,-187.18499999999983,-700.3763427734375,251.47784423828125,2.7751779556274414,nan
2874,34,-432.51200000000006,-1428.6336669921875,471.05316162109375,3.026519536972046,nan
2949,35,-138.96100000000015,-821.0441284179688,289.1144104003906,2.8339881896972656,nan
3040,36,-264.765,-942.751953125,312.0042724609375,3.000805616378784,nan
3086,37,-489.805,-752.06591796875,264.7091369628906,2.9286739826202393,nan
3166,38,-852.2720000000002,-942.04931640625,353.6728820800781,2.696012020111084,nan
3279,39,-409.0780000000001,-1017.3577880859375,342.53228759765625,2.9334349632263184,nan
3351,40,-357.09200000000016,-899.2070922851562,302.76678466796875,2.896007537841797,nan
3420,41,-402.422,-721.0938720703125,229.74581909179688,3.049484968185425,nan
3507,42,-689.6360000000001,-757.7246704101562,259.51568603515625,2.9488251209259033,nan
3623,43,61.80399999999969,-686.6531982421875,229.8337860107422,2.9421463012695312,nan
3697,44,12.714000000000041,-556.5503540039062,217.54359436035156,2.6316819190979004,nan
3798,45,192.38200000000003,-136.4418487548828,50.48963165283203,2.8131909370422363,nan
3883,46,-507.387,-826.806640625,265.18865966796875,3.065504550933838,nan
3957,47,-490.3089999999999,-1232.2086181640625,450.960693359375,2.8751256465911865,nan
4030,48,-439.32899999999995,-1026.99462890625,383.6962890625,2.711207866668701,nan
4103,49,-1165.3110000000001,-1180.12451171875,426.59564208984375,2.7943170070648193,nan
4158,50,-352.745,-867.1985473632812,339.1891174316406,2.661681890487671,nan
4237,51,-680.18,-1123.5753173828125,381.9201354980469,2.8228607177734375,nan
4288,52,-520.729,-913.8135375976562,333.5062255859375,2.8208634853363037,nan
4329,53,-143.59000000000003,-233.1322784423828,80.452392578125,3.0234062671661377,nan
4417,54,-640.8449999999999,-1309.57373046875,417.38671875,2.997208833694458,nan
4470,55,-261.8759999999999,-634.7432861328125,260.4417724609375,2.5878095626831055,nan
4532,56,-182.39099999999993,-711.9491577148438,228.1767578125,3.049224376678467,nan
4588,57,-416.19499999999994,-963.3220825195312,422.2151794433594,2.4381065368652344,nan
4677,58,-5.459000000000032,-492.30218505859375,191.41744995117188,2.597790479660034,nan
4771,59,247.57000000000005,-550.2274169921875,218.98086547851562,2.623042583465576,nan
4840,60,-382.8030000000001,-743.6448974609375,272.0836181640625,2.765787363052368,nan
4891,61,-154.9700000000001,-803.854736328125,312.1536865234375,2.761279344558716,nan
4938,62,19.05299999999994,-487.1394348144531,196.0511932373047,2.5000412464141846,nan
4997,63,-70.72900000000001,-526.0030517578125,206.10609436035156,2.6852266788482666,nan
5072,64,-298.73099999999994,-907.0516967773438,349.2308654785156,2.6780149936676025,nan
5143,65,-603.153,-1247.7928466796875,425.4377746582031,3.0450851917266846,nan
5228,66,-355.425,-684.7300415039062,249.5292205810547,2.7288131713867188,nan
5281,67,-155.19900000000007,-605.8900146484375,257.8808288574219,2.5254101753234863,nan
5370,68,-6.902999999999871,-466.2452392578125,184.25428771972656,2.6269078254699707,nan
5436,69,3.0580000000000496,-310.2265930175781,141.435302734375,2.281175374984741,nan
5510,70,-600.954,-936.8984985351562,344.4621276855469,2.6524622440338135,nan
5569,71,-310.6539999999999,-680.228271484375,248.27967834472656,2.635544538497925,nan
5635,72,-201.64799999999994,-461.2201232910156,168.54061889648438,2.836669683456421,nan
5708,73,-712.7779999999999,-1229.8492431640625,453.49176025390625,2.79880952835083,nan
5769,74,-35.74999999999994,-546.9310913085938,176.60337829589844,2.9420292377471924,nan
5843,75,-186.981,-747.3778076171875,307.767822265625,2.5105972290039062,nan
5886,76,-132.02000000000004,-454.7848205566406,174.47926330566406,2.3401384353637695,nan
5955,77,4.149999999999878,-565.3795166015625,217.72201538085938,2.5138139724731445,nan
6033,78,-315.85900000000004,-810.438232421875,323.5426025390625,2.5507378578186035,nan
6093,79,-1100.1309999999999,-1561.2027587890625,554.00244140625,2.8752737045288086,nan
6147,80,-287.814,-578.2733764648438,328.5998840332031,2.100661516189575,nan
6206,81,-165.32599999999994,-582.8801879882812,227.33383178710938,2.4454944133758545,nan
6275,82,-592.0660000000001,-823.777587890625,263.5928039550781,2.9815096855163574,nan
6326,83,-300.97099999999995,-747.6371459960938,292.4351501464844,2.72040057182312,nan
6400,84,-175.11400000000003,-535.1544189453125,213.23350524902344,2.5670535564422607,nan
6468,85,-12.98599999999982,-545.0888671875,202.82131958007812,2.6589243412017822,nan
6522,86,-343.40599999999995,-655.888671875,242.86790466308594,2.6670877933502197,nan
6586,87,-98.21100000000001,-671.186279296875,260.1010437011719,2.9861292839050293,nan
6637,88,-511.422,-1095.3114013671875,407.1492004394531,2.796293020248413,nan
6709,89,-21.918000000000234,-597.8504028320312,240.2130584716797,2.512526512145996,nan
6781,90,-20.868000000000137,-564.6962890625,242.1757049560547,2.4883716106414795,nan
6856,91,-60.551000000000016,-420.67578125,164.07513427734375,2.5389647483825684,nan
6938,92,-791.7269999999999,-355.9313049316406,138.19281005859375,2.6795077323913574,nan
6992,93,-229.42600000000022,-706.5283813476562,267.6046142578125,2.670281171798706,nan
7041,94,-199.17199999999997,-555.1964721679688,299.5677490234375,1.9974365234375,nan
7093,95,-256.23300000000006,-837.2970581054688,296.9663391113281,2.7120378017425537,nan
7153,96,-518.5529999999999,-1246.1099853515625,414.7685546875,2.937448740005493,nan
7247,97,-75.63500000000006,-669.3729248046875,257.9540710449219,2.6255569458007812,nan
7293,98,-114.28599999999999,-711.2527465820312,250.04742431640625,2.5829708576202393,nan
7343,99,-124.68500000000009,-651.7730102539062,260.003662109375,2.3195013999938965,nan
7390,100,-213.69000000000005,-670.1212158203125,281.0928039550781,2.627652883529663,nan
7432,101,-174.76700000000002,-785.8126220703125,264.82421875,2.883948802947998,nan
7509,102,-56.976000000000056,-502.4609375,230.131103515625,1.9849059581756592,nan
7560,103,-48.98000000000005,-421.9866027832031,178.66734313964844,2.285165548324585,nan
7618,104,-226.775,-433.1836242675781,249.64508056640625,1.9315401315689087,nan
7683,105,-12.093000000000004,-565.2501831054688,202.00161743164062,2.730559825897217,nan
7749,106,42.72399999999985,-552.6856689453125,214.53515625,2.5592548847198486,nan
7804,107,-515.459,-889.0487670898438,340.9447326660156,2.521604061126709,nan
7876,108,-204.34899999999996,-916.3407592773438,385.4680480957031,2.250262498855591,nan
7950,109,-144.01600000000002,-749.9736328125,259.0077209472656,2.418494939804077,nan
7999,110,-213.83400000000003,-647.1864624023438,336.0291748046875,2.264662027359009,nan
8056,111,-249.00400000000002,-522.15771484375,230.43453979492188,2.445525646209717,nan
8111,112,-107.10899999999995,-428.7582092285156,172.56016540527344,2.359341621398926,nan
8163,113,19.43799999999996,-251.6020965576172,135.5380859375,2.0713844299316406,nan
8212,114,-236.80699999999993,-766.8941040039062,271.2275390625,2.7247214317321777,nan
8269,115,-311.879,-773.9139404296875,316.2315673828125,2.417752504348755,nan
8316,116,-379.18399999999997,-1083.0611572265625,436.16766357421875,2.4735944271087646,nan
8385,117,161.03999999999994,-321.7944030761719,155.07005310058594,2.2107362747192383,nan
8451,118,43.581999999999866,-432.4569396972656,218.1060028076172,2.2044568061828613,nan
8513,119,-127.80900000000003,-280.76666259765625,98.91598510742188,2.7496612071990967,nan
8583,120,-189.709,-978.8917236328125,365.41754150390625,2.3471150398254395,nan
8650,121,19.336000000000027,-445.0655212402344,183.8668212890625,2.720817804336548,nan
8702,122,-169.85600000000002,-459.8644714355469,183.8202362060547,2.635251045227051,nan
8757,123,-80.08100000000003,-243.59130859375,155.27447509765625,1.9178235530853271,nan
8813,124,-219.91100000000006,-518.6832885742188,214.0633544921875,2.382664203643799,nan
8878,125,-455.2610000000001,-1019.9236450195312,327.3753967285156,2.895932197570801,nan
8920,126,-280.50200000000007,-388.08807373046875,156.21084594726562,2.6974740028381348,nan
8971,127,-436.93199999999996,-855.2269287109375,348.1015930175781,2.507972002029419,nan
9029,128,-324.75899999999996,-595.4969482421875,298.6001281738281,2.085542917251587,nan
9072,129,-158.95300000000003,-698.0618286132812,220.81451416015625,2.283620595932007,nan
9121,130,-233.28400000000008,-951.5315551757812,331.21759033203125,2.466622829437256,nan
9182,131,-41.27700000000007,-352.3874206542969,128.18540954589844,3.0181055068969727,nan
9230,132,-254.58900000000006,-619.869140625,267.2861022949219,2.498072862625122,nan
9277,133,-378.63699999999994,-1135.022705078125,326.7353515625,2.5030517578125,nan
9328,134,-403.08000000000004,-865.2529296875,358.1566162109375,2.387662649154663,nan
9384,135,-203.36499999999998,-581.1983642578125,311.093017578125,1.7880668640136719,nan
9446,136,-532.418,-469.5548095703125,182.99639892578125,2.709893226623535,nan
9516,137,-288.505,-859.640625,314.453857421875,2.544304370880127,nan
9552,138,-63.206999999999994,-245.65904235839844,196.8161163330078,1.3445324897766113,nan
9628,139,-463.87199999999996,-631.1159057617188,272.8387451171875,2.554537773132324,nan
9688,140,-757.477,-894.5027465820312,427.26678466796875,2.3555283546447754,nan
9742,141,-530.7820000000002,-968.7644653320312,437.7004089355469,2.365724802017212,nan
9814,142,-17.855000000000032,-476.0164489746094,189.0909423828125,2.469080686569214,nan
9873,143,-531.98,-836.4857177734375,409.5343933105469,2.178096055984497,nan
9936,144,-212.85700000000003,-487.3238525390625,160.8112335205078,2.8423984050750732,nan
10000,145,119.52000000000001,45.511295318603516,34.7871208190918,1.3458082675933838,52.141999999999996
10011,145,-759.2099999999999,-1108.316162109375,508.5133972167969,2.5006494522094727,nan
10059,146,-405.78499999999997,-813.0054321289062,370.88409423828125,2.53781795501709,nan
10118,147,-276.97,-592.22216796875,244.14366149902344,2.380976915359497,nan
10185,148,-796.278,-1124.3040771484375,448.6330261230469,2.785522937774658,nan
10243,149,-554.39,-878.167724609375,392.1466064453125,2.307253360748291,nan
10305,150,-400.553,-420.44921875,140.93438720703125,2.470677375793457,nan
10363,151,-325.121,-494.6188659667969,298.5577392578125,2.015584707260132,nan
10419,152,-175.47400000000002,-484.1329040527344,245.39434814453125,2.0521512031555176,nan
10487,153,-18.284999999999968,-334.90655517578125,122.3321762084961,2.26426362991333,nan
10544,154,-175.483,-314.4811706542969,240.8485565185547,1.6866284608840942,nan
10596,155,-495.6729999999999,-807.6171264648438,352.9788513183594,2.2814056873321533,nan
10678,156,-719.4600000000002,-663.1717529296875,168.79661560058594,2.7436671257019043,nan
10758,157,-296.866,-735.55712890625,322.3396911621094,2.3243672847747803,nan
10821,158,-177.50799999999998,-517.271484375,167.9215545654297,2.963669538497925,nan
10881,159,-1296.2449999999997,-1011.6153564453125,480.3660583496094,2.367583751678467,nan
10941,160,-827.8559999999999,-749.9776611328125,446.81072998046875,2.0494022369384766,nan
11001,161,-325.98100000000005,-451.40435791015625,282.79852294921875,1.5592296123504639,nan
11094,162,-388.2819999999999,-610.9468383789062,242.69972229003906,2.4722506999969482,nan
11152,163,-469.58899999999994,-610.8639526367188,358.6231384277344,1.6416287422180176,nan
11209,164,-1059.8860000000002,-1201.7470703125,540.6599731445312,2.3868961334228516,nan
11285,165,-612.988,-997.4531860351562,460.858642578125,2.537351608276367,nan
11349,166,-447.78599999999994,-450.5225524902344,183.64654541015625,2.5392329692840576,nan
11422,167,-474.3570000000001,-747.7778930664062,296.31268310546875,2.659813165664673,nan
11475,168,-391.26599999999996,-746.7255859375,279.00048828125,2.6379849910736084,nan
11566,169,-396.028,-791.271240234375,323.6794128417969,2.477179527282715,nan
11622,170,-25.03200000000001,-254.62167358398438,179.64683532714844,1.5899033546447754,nan
11685,171,-401.27300000000014,-952.0399780273438,335.9258117675781,2.7838566303253174,nan
11750,172,-392.623,-780.2600708007812,298.0230407714844,2.6138219833374023,nan
11814,173,-922.6769999999999,-680.3784790039062,235.98486328125,2.7873950004577637,nan
11886,174,107.00899999999996,-397.49365234375,170.23423767089844,2.0768346786499023,nan
11956,175,-125.10700000000003,-456.07330322265625,224.7304229736328,2.3274004459381104,nan
12014,176,-792.4899999999999,-1108.641845703125,408.9219970703125,2.7986178398132324,nan
12077,177,-605.4189999999999,-635.8623046875,286.96533203125,2.898108720779419,nan
12156,178,-951.9550000000002,-1244.16943359375,427.9667053222656,2.8762660026550293,nan
12206,179,-190.171,-575.76513671875,281.88116455078125,2.023526430130005,nan
12274,180,-274.28,-646.5848999023438,311.5445251464844,2.4475302696228027,nan
12341,181,-209.467,-704.2525024414062,251.61184692382812,2.585470199584961,nan
12402,182,-1105.0030000000002,-204.16494750976562,98.7919692993164,2.6290507316589355,nan
12464,183,-707.934,-612.9860229492188,192.3367919921875,2.7272262573242188,nan
12537,184,-360.8950000000001,-795.56640625,315.9610595703125,2.923046588897705,nan
12598,185,-191.63299999999998,-440.0910339355469,142.8423309326172,2.8767850399017334,nan
12658,186,-311.34299999999996,-576.6865844726562,316.19061279296875,1.9318758249282837,nan
12722,187,-193.23299999999995,-374.51287841796875,134.23814392089844,2.922640800476074,nan
12765,188,-363.6429999999999,-408.6405029296875,137.26124572753906,2.9223556518554688,nan
12816,189,-460.54300000000006,-688.131103515625,350.3193054199219,2.2071845531463623,nan
12879,190,-1051.058,-337.1896057128906,112.28363037109375,2.8794233798980713,nan
12939,191,-387.8450000000001,-691.0557861328125,347.3531494140625,2.1564202308654785,nan
13001,192,-310.623,-579.8153686523438,188.9349365234375,2.9874825477600098,nan
13069,193,-642.5390000000001,-657.059326171875,233.4163055419922,2.863924503326416,nan
13128,194,-472.283,-747.4893798828125,310.4770202636719,2.5900185108184814,nan
13196,195,-219.45800000000003,-784.75537109375,279.8318786621094,2.6407229900360107,nan
13251,196,-265.78499999999997,-565.067138671875,258.53143310546875,2.391855478286743,nan
13334,197,-87.42099999999992,-525.9035034179688,213.7670440673828,2.397294282913208,nan
13388,198,-419.519,-803.65771484375,370.7921447753906,2.263474225997925,nan
13441,199,-61.13199999999998,-287.4244689941406,215.6612091064453,1.6317411661148071,nan
13502,200,-1214.593,-437.9353942871094,128.33302307128906,2.8548245429992676,nan
13571,201,-306.355,-383.567626953125,129.5730438232422,2.733109474182129,nan
13634,202,-321.84500000000014,-547.8854370117188,177.6505126953125,2.5240166187286377,nan
13675,203,-467.056,-257.4810485839844,112.91340637207031,2.9204599857330322,nan
13748,204,-473.783,-1186.667724609375,422.2024230957031,2.6199758052825928,nan
13801,205,-345.68600000000004,-380.7816162109375,383.81634521484375,1.6024775505065918,nan
13873,206,-341.65999999999985,-564.5933837890625,302.7563781738281,2.371284008026123,nan
13943,207,-212.9930000000001,-626.6495971679688,230.1008758544922,2.725834846496582,nan
13992,208,-220.01200000000003,-433.5808410644531,230.237060546875,2.3146579265594482,nan
14074,209,-335.2179999999999,-813.1766357421875,267.72967529296875,2.8092355728149414,nan
14127,210,-571.883,-944.3379516601562,347.7750244140625,2.5618107318878174,nan
14189,211,-389.126,-527.0111083984375,176.90191650390625,2.868644952774048,nan
14239,212,-324.3760000000001,-681.5013427734375,334.7808837890625,2.358112096786499,nan
14302,213,-135.87000000000006,-430.1488952636719,168.05250549316406,2.3106918334960938,nan
14357,214,-250.77499999999998,-366.1305236816406,304.5588073730469,1.59474515914917,nan
14418,215,-1080.694,-312.6893310546875,97.45841979980469,3.0317888259887695,nan
14479,216,-207.11199999999997,-664.03125,201.9672088623047,3.0072708129882812,nan
14534,217,-380.24399999999997,-718.2987670898438,340.8697204589844,2.412000894546509,nan
14592,218,-56.566000000000045,-234.267578125,172.12396240234375,1.5986579656600952,nan
14659,219,-21.147000000000048,-441.0845642089844,159.52281188964844,2.171055316925049,nan
14705,220,-298.406,-340.9140930175781,112.03170776367188,2.8795435428619385,nan
14763,221,-239.03,-679.9557495117188,311.2078857421875,2.4330267906188965,nan
14831,222,-249.27600000000004,-654.335205078125,239.5702362060547,2.6450932025909424,nan
14881,223,-370.9219999999999,-924.6353759765625,369.8350524902344,2.657176971435547,nan
14952,224,-554.8140000000001,-878.4165649414062,365.6246337890625,2.364377021789551,nan
15000,225,-124.4520000000001,-350.2044982910156,157.62831115722656,2.2258856296539307,nan
15055,226,-174.60300000000007,-408.51385498046875,248.01528930664062,1.9278149604797363,nan
15092,227,-228.517,-248.00094604492188,289.54541015625,0.988741397857666,nan
15160,228,-677.417,-1057.037109375,361.4394836425781,2.9606199264526367,nan
15214,229,-79.10199999999996,-256.4572448730469,207.266845703125,1.6255227327346802,nan
15268,230,-311.365,-649.1671142578125,306.877685546875,2.088819980621338,nan
15326,231,-455.773,-985.2333984375,377.9385681152344,2.5566177368164062,nan
15379,232,-731.197,-1138.4222412109375,491.8990478515625,2.5043792724609375,nan
15445,233,-413.10200000000015,-546.78076171875,209.5564422607422,2.892805337905884,nan
15504,234,-1348.3400000000001,-1670.62890625,591.4331665039062,2.852595090866089,nan
15556,235,-427.47700000000003,-622.20654296875,359.088623046875,2.2293999195098877,nan
15612,236,-100.13399999999996,-390.2935791015625,189.98826599121094,2.337467670440674,nan
15654,237,-211.13500000000005,-266.848876953125,88.58482360839844,2.982269287109375,nan
15696,238,-309.85299999999995,-649.4793701171875,256.6905212402344,2.965219497680664,nan
15744,239,-93.44800000000004,-478.4187316894531,168.3177490234375,2.502903699874878,nan
15811,240,-417.399,-918.5658569335938,338.1003112792969,2.8676583766937256,nan
15859,241,-174.54900000000004,-717.417236328125,242.7205810546875,2.658828020095825,nan
15901,242,-211.24299999999994,-355.78265380859375,234.56466674804688,1.8694801330566406,nan
15949,243,-113.11100000000003,-253.62881469726562,162.32711791992188,1.9852180480957031,nan
15996,244,-184.30400000000003,-413.1993713378906,165.41201782226562,2.317232370376587,nan
16055,245,-503.4570000000001,-664.4580688476562,418.3072509765625,1.9514429569244385,nan
16106,246,-142.45600000000007,-582.9706420898438,200.78286743164062,2.8113484382629395,nan
16162,247,-610.146,-820.1483154296875,482.4244079589844,2.04398775100708,nan
16226,248,-374.4510000000001,-541.1962280273438,181.91513061523438,2.930654764175415,nan
16278,249,-226.74799999999993,-516.3364868164062,238.03070068359375,2.4126675128936768,nan
16342,250,-145.19499999999994,-553.0841064453125,196.70936584472656,2.8276851177215576,nan
16388,251,-183.53700000000003,-461.7281188964844,223.7600860595703,1.5911564826965332,nan
16438,252,-158.84300000000002,-357.6636657714844,262.6092529296875,1.8389602899551392,nan
16488,253,-303.5860000000001,-550.103271484375,334.6188049316406,1.9848203659057617,nan
16542,254,-510.76599999999996,-833.4299926757812,358.2337951660156,2.4558894634246826,nan
16602,255,-580.0260000000001,-728.1085815429688,437.0972595214844,1.854166030883789,nan
16653,256,-863.9480000000001,-1221.1419677734375,442.8874816894531,2.7724719047546387,nan
16696,257,-258.659,-593.859130859375,208.46112060546875,2.9432079792022705,nan
16749,258,-370.2410000000001,-518.6845092773438,383.41363525390625,1.6342145204544067,nan
16798,259,-168.567,-324.0162658691406,243.07550048828125,1.7430704832077026,nan
16843,260,-384.7799999999999,-575.7116088867188,205.06588745117188,2.945533037185669,nan
16899,261,-525.937,-599.4581909179688,340.5023193359375,2.091850757598877,nan
16960,262,-273.496,-188.40830993652344,90.3138198852539,2.3502092361450195,nan
17015,263,-214.44500000000002,-396.3701171875,245.38311767578125,1.7061275243759155,nan
17063,264,-280.04999999999995,-406.1612854003906,421.410400390625,1.181877851486206,nan
17112,265,-294.43000000000006,-431.0563659667969,202.2523956298828,2.3440496921539307,nan
17170,266,-639.6679999999999,-757.1984252929688,399.1141662597656,2.268887758255005,nan
17220,267,-285.559,-534.0144653320312,333.29791259765625,1.9360296726226807,nan
17282,268,-86.26799999999997,-374.58441162109375,140.15708923339844,2.3480310440063477,nan
17330,269,-259.241,-546.1083984375,315.17169189453125,2.0931432247161865,nan
17387,270,-408.31700000000006,-587.2923583984375,421.3975830078125,1.4535235166549683,nan
17438,271,-225.11300000000006,-367.4127502441406,293.5489196777344,1.4696310758590698,nan
17494,272,-355.45799999999997,-437.6260986328125,409.09124755859375,1.4691519737243652,nan
17552,273,-521.603,-697.0841064453125,375.83099365234375,2.017944574356079,nan
17603,274,-265.183,-312.41546630859375,307.3537292480469,1.2878302335739136,nan
17662,275,-686.048,-634.1043701171875,408.6646728515625,1.844826579093933,nan
17708,276,-210.34099999999995,-471.0633239746094,194.94775390625,2.5695340633392334,nan
17752,277,-303.48999999999995,-965.216552734375,453.23760986328125,2.020353317260742,nan
17809,278,-354.91700000000003,-371.6593017578125,368.5773620605469,1.3550331592559814,nan
17874,279,-353.05699999999996,-299.6895751953125,158.7330322265625,2.5431742668151855,nan
17921,280,-284.972,-514.9657592773438,250.22634887695312,2.3424975872039795,nan
17970,281,-378.911,-259.9659423828125,335.3778076171875,1.5034894943237305,nan
18041,282,-565.404,-986.55859375,466.7033996582031,2.275692939758301,nan
18096,283,-806.923,-1155.9617919921875,570.5450439453125,2.1037466526031494,nan
18150,284,-421.134,-444.2040100097656,336.5638732910156,1.7498573064804077,nan
18222,285,-690.0699999999999,-1073.0146484375,385.0357666015625,2.7620527744293213,nan
18267,286,-228.86599999999999,-318.60687255859375,131.52508544921875,2.5701546669006348,nan
18313,287,-138.78399999999996,-237.8203125,191.58807373046875,2.088042736053467,nan
18376,288,-602.78,-500.380126953125,195.25889587402344,2.562459945678711,nan
18428,289,-749.87,-1196.6341552734375,579.5535278320312,2.1215627193450928,nan
18483,290,-153.01300000000003,-199.56101989746094,250.81239318847656,0.8664054870605469,nan
18528,291,-228.58100000000005,-284.30035400390625,302.66290283203125,1.6292591094970703,nan
18581,292,-249.78199999999995,-244.57981872558594,376.1080322265625,1.075736165046692,nan
18639,293,-931.9549999999998,-647.086669921875,447.01470947265625,1.8001325130462646,nan
18687,294,-369.77,-588.3602294921875,286.2279052734375,2.120598554611206,nan
18735,295,-324.2440000000001,-259.52978515625,429.4638671875,1.465425968170166,nan
18790,296,-285.04100000000005,-344.7119445800781,288.9160461425781,1.5165890455245972,nan
18848,297,-159.16199999999998,-255.12066650390625,272.3208312988281,1.2598801851272583,nan
18897,298,-423.01700000000005,-478.2765808105469,437.3652038574219,1.797506332397461,nan
18946,299,-451.30699999999996,-544.453857421875,441.7991943359375,1.6207163333892822,nan
18990,300,-249.639,-345.18743896484375,212.72683715820312,1.780941128730774,nan
19044,301,-156.43299999999994,-173.91836547851562,337.08599853515625,0.9606221318244934,nan
19096,302,-401.24800000000005,-651.0847778320312,416.0722351074219,1.8050460815429688,nan
19145,303,-339.3269999999999,-431.5744934082031,367.17547607421875,1.8796827793121338,nan
19189,304,-374.61299999999994,-697.4866943359375,245.7616424560547,1.9951120615005493,nan
19252,305,-1252.664,-506.801025390625,196.92384338378906,3.0154378414154053,nan
19301,306,-416.30400000000003,-573.892822265625,292.5814514160156,2.2047221660614014,nan
19343,307,-249.48700000000002,-662.323974609375,211.19241333007812,2.9294779300689697,nan
19395,308,-270.6159999999999,-323.5168762207031,378.9681091308594,1.0942769050598145,nan
19445,309,-324.19800000000004,-584.3321533203125,389.9686279296875,1.8008149862289429,nan
19497,310,-251.70199999999994,-174.9380340576172,351.2978820800781,0.8956263661384583,nan
19556,311,-259.774,-255.0204315185547,394.17047119140625,1.0291324853897095,nan
19624,312,-1021.532,-677.2218627929688,243.9196319580078,2.5592987537384033,nan
19683,313,-739.9590000000001,-739.4744873046875,506.7984619140625,1.6191604137420654,nan
19735,314,-190.91599999999997,-262.2267761230469,359.7844543457031,0.8156332969665527,nan
19776,315,-429.734,-607.7926025390625,167.5355682373047,2.8842315673828125,nan
19840,316,-760.954,-823.1748657226562,266.84814453125,2.9211525917053223,nan
19892,317,-331.376,-331.6731262207031,462.6963195800781,0.9255097508430481,nan
19937,318,-423.858,-363.5029296875,356.1585388183594,1.6803150177001953,nan
19987,319,-289.48400000000004,-324.98150634765625,296.5408630371094,1.51820969581604,nan
20000,320,43.935,-324.98150634765625,296.5408630371094,1.51820969581604,26.138366666666663
20046,320,-1081.159,-595.69384765625,409.643310546875,1.789553165435791,nan
20105,321,-346.7269999999999,-304.9989013671875,409.44805908203125,0.7287089824676514,nan
20161,322,-288.88200000000006,-249.91053771972656,367.13861083984375,0.4852229356765747,nan
20216,323,-730.012,-307.69091796875,541.2720336914062,1.0558832883834839,nan
20271,324,-164.28600000000006,-80.71807098388672,340.3219909667969,0.5694505572319031,nan
20331,325,-557.442,-271.59075927734375,517.6542358398438,0.7348015904426575,nan
20382,326,-264.9519999999999,-302.28387451171875,436.9682922363281,0.7455808520317078,nan
20427,327,-359.19500000000005,-284.5086364746094,220.7457275390625,1.5162277221679688,nan
20480,328,-229.15799999999996,-249.74948120117188,371.3343200683594,0.6569455862045288,nan
20529,329,-675.056,-401.6216125488281,579.1702270507812,1.1675418615341187,nan
20592,330,-294.87,-582.1691284179688,182.82958984375,2.0259313583374023,nan
20640,331,-274.04800000000006,-99.78839111328125,367.1949768066406,0.7396401762962341,nan
20685,332,-78.22599999999994,-85.10942840576172,313.3065185546875,0.3324432969093323,nan
20740,333,-213.826,-120.2317123413086,357.67132568359375,0.47393471002578735,nan
20781,334,-219.08800000000002,-158.92161560058594,149.6340789794922,1.593695878982544,nan
20838,335,-379.382,-261.5736389160156,453.8551330566406,0.5322915315628052,nan
20888,336,-229.173,-138.44493103027344,417.07489013671875,0.5302121639251709,nan
20937,337,-678.2399999999999,-796.707275390625,435.8627624511719,1.4769076108932495,nan
20990,338,-249.70899999999997,-247.52610778808594,458.4298095703125,0.7102351784706116,nan
21041,339,-123.81099999999998,-142.60089111328125,303.4168701171875,0.2733754813671112,nan
21083,340,-303.68300000000005,-319.948974609375,263.2090148925781,1.8207446336746216,nan
21122,341,-199.03100000000003,-31.639652252197266,439.0587463378906,0.12319548428058624,nan
21163,342,-244.26200000000006,-54.15297317504883,231.56826782226562,0.8999184966087341,nan
21216,343,-460.46400000000006,-294.11383056640625,385.40032958984375,0.5702332258224487,nan
21270,344,-280.32499999999993,-306.64178466796875,436.09112548828125,0.4143448770046234,nan
21318,345,-204.736,-111.76277923583984,253.98304748535156,0.6076573729515076,nan
21360,346,-219.37900000000005,-61.09972381591797,132.50811767578125,1.2387287616729736,nan
21406,347,-265.83299999999997,-177.59820556640625,377.8352966308594,1.2383050918579102,nan
21457,348,-229.38299999999998,-156.437744140625,408.4914245605469,0.40706998109817505,nan
21508,349,-130.236,-17.16809844970703,424.8194580078125,0.15426813066005707,nan
21556,350,-60.44199999999993,-63.43402099609375,199.88058471679688,0.596869707107544,nan
21592,351,-33.031000000000006,-35.755157470703125,397.3389587402344,0.14477545022964478,nan
21638,352,-349.293,-430.1546936035156,314.1380615234375,1.7635389566421509,nan
21683,353,-191.026,-118.1962890625,346.93505859375,0.5941379070281982,nan
21725,354,-225.74199999999996,-150.9553680419922,204.9997100830078,0.957557201385498,nan
21777,355,-138.84600000000003,-29.924142837524414,420.212646484375,0.34115931391716003,nan
21827,356,-144.66899999999993,-104.26529693603516,397.45709228515625,0.38594284653663635,nan
21883,357,-159.45399999999992,-76.76417541503906,387.7939147949219,0.5706203579902649,nan
21927,358,-323.985,-288.15814208984375,378.7438659667969,0.9749984741210938,nan
21979,359,-249.21200000000005,-189.5265350341797,482.1376953125,0.5138912796974182,nan
22041,360,-917.118,-248.0338592529297,198.66632080078125,1.4392852783203125,nan
22091,361,-136.89600000000007,-145.5385284423828,283.68804931640625,1.2327492237091064,nan
22142,362,-189.715,-212.664306640625,307.2151184082031,0.43226566910743713,nan
22182,363,-303.87999999999994,-39.18951416015625,493.391845703125,0.3575040102005005,nan
22236,364,-273.77,-205.36537170410156,475.2408142089844,1.0118231773376465,nan
22282,365,-316.172,-442.0253601074219,247.30548095703125,1.6104518175125122,nan
22330,366,-625.164,-403.1336975097656,284.99072265625,1.800597071647644,nan
22377,367,-198.73899999999998,-97.89080047607422,238.84324645996094,1.2688273191452026,nan
22428,368,-300.66099999999994,-249.12876892089844,414.3703308105469,0.9453041553497314,nan
22481,369,-176.48399999999998,-93.64739227294922,477.2288818359375,0.40533071756362915,nan
22536,370,-615.238,-480.61566162109375,592.8958129882812,1.2376893758773804,nan
22588,371,-18.459000000000003,-152.54229736328125,335.85791015625,0.7482563853263855,nan
22628,372,-194.10800000000006,-103.12812805175781,416.34344482421875,0.4817313551902771,nan
22676,373,-189.60200000000003,-228.26809692382812,392.7622985839844,1.3927536010742188,nan
22727,374,-484.663,-398.13916015625,359.0691223144531,1.2021583318710327,nan
22774,375,-54.97699999999993,-149.24417114257812,417.8760681152344,0.887740433216095,nan
22821,376,-258.719,-344.3995666503906,397.7629699707031,0.817857563495636,nan
22876,377,-114.25399999999999,-117.08975982666016,406.44091796875,0.6347132325172424,nan
22921,378,-94.44900000000005,-165.23117065429688,188.22384643554688,1.5603537559509277,nan
22973,379,-234.60700000000003,-245.3035430908203,379.6496276855469,1.004657506942749,nan
23024,380,-114.51199999999997,-169.9550323486328,423.9742431640625,1.002695918083191,nan
23077,381,-415.8880000000001,-491.2845458984375,507.02557373046875,1.2304184436798096,nan
23128,382,-265.66400000000004,-278.16455078125,510.2020263671875,1.2771880626678467,nan
23185,383,-144.41499999999994,-122.7406234741211,354.5679931640625,0.7657084465026855,nan
23231,384,-580.197,-374.557861328125,263.0115661621094,2.3612966537475586,nan
23291,385,-334.1300000000001,-248.3417205810547,476.14208984375,0.8047663569450378,nan
23352,386,-701.095,-655.8816528320312,231.62501525878906,3.066868305206299,nan
23399,387,-143.77800000000002,-123.30784606933594,405.94244384765625,0.6149803996086121,nan
23456,388,-99.85899999999992,-163.61932373046875,317.6538391113281,0.8468109369277954,nan
23512,389,-121.09799999999996,-150.79705810546875,431.49652099609375,0.5611588358879089,nan
23554,390,-318.53399999999993,-165.61444091796875,244.2165985107422,1.0175464153289795,nan
23597,391,-48.48900000000006,-178.9740753173828,207.8114471435547,1.2944430112838745,nan
23648,392,-685.751,-891.1472778320312,353.8452453613281,2.8219988346099854,nan
23693,393,-286.9839999999999,-520.1124267578125,199.11257934570312,2.6241390705108643,nan
23749,394,-219.69400000000005,-360.2870788574219,408.3518371582031,1.1933515071868896,nan
23794,395,-219.0600000000001,-243.88735961914062,291.30126953125,1.8363434076309204,nan
23839,396,-93.21999999999991,-37.90365219116211,504.016845703125,0.5248616337776184,nan
23891,397,-99.26999999999997,-237.99510192871094,290.4958190917969,1.702230453491211,nan
23943,398,-264.584,-260.1938781738281,451.4084167480469,0.7704271674156189,nan
23989,399,-234.26000000000005,-401.39111328125,372.8016052246094,1.508491039276123,nan
24034,400,-279.67799999999994,-622.4613037109375,246.4027862548828,2.9469518661499023,nan
24088,401,-249.19400000000002,-312.46630859375,354.8687438964844,1.3553961515426636,nan
24127,402,-364.88599999999997,-160.9973602294922,556.676513671875,0.5617088675498962,nan
24166,403,-138.376,-84.07951354980469,471.262939453125,0.24317950010299683,nan
24215,404,-315.207,-410.6995849609375,376.2120056152344,1.673295259475708,nan
24255,405,-180.233,-92.76475524902344,444.0013122558594,0.4049709737300873,nan
24313,406,-437.26700000000005,-394.95037841796875,458.9222412109375,1.1626183986663818,nan
24358,407,-169.31500000000005,-160.99725341796875,335.4166564941406,0.859595000743866,nan
24396,408,-198.41900000000004,-46.6217041015625,504.71832275390625,0.3045468032360077,nan
24446,409,-682.299,-942.7291870117188,329.5325927734375,2.833676815032959,nan
24502,410,-54.79999999999987,-80.11836242675781,355.6944580078125,0.5255241394042969,nan
24558,411,-174.20999999999992,-187.5179443359375,400.03033447265625,0.7683232426643372,nan
24606,412,-123.67000000000002,-1.3674081563949585,450.2726135253906,0.023045698180794716,nan
24662,413,-3.456000000000067,-73.36481475830078,273.7884826660156,0.5250429511070251,nan
24709,414,-19.018000000000015,-188.41123962402344,309.2490234375,1.012263536453247,nan
24766,415,-160.37900000000008,-349.9835510253906,326.791259765625,1.521865725517273,nan
24824,416,-159.36599999999999,-251.83335876464844,422.3236083984375,0.5646380186080933,nan
24880,417,-145.07,-140.3548126220703,432.3176574707031,0.36209696531295776,nan
24941,418,14.930000000000064,-127.15209197998047,269.98297119140625,0.8795973658561707,nan
24986,419,-295.544,-598.634521484375,252.27847290039062,2.59063720703125,nan
25038,420,-94.17000000000002,-142.22764587402344,268.661376953125,0.755688488483429,nan
25084,421,-190.25900000000007,-119.34259033203125,277.2409973144531,0.5206573009490967,nan
25137,422,-86.21500000000003,-120.90013122558594,292.2635803222656,0.7707661986351013,nan
25182,423,-189.65400000000002,-319.3577575683594,203.43344116210938,1.7091509103775024,nan
25227,424,-18.755000000000038,-9.58911418914795,263.3213195800781,0.22974424064159393,nan
25287,425,-64.5160000000001,-112.29769134521484,386.01641845703125,0.3874647915363312,nan
25336,426,-260.365,-658.579833984375,302.8610534667969,1.8676741123199463,nan
25373,427,-149.88500000000005,-16.27500343322754,539.0248413085938,0.21661600470542908,nan
25428,428,-593.2080000000002,-400.0997009277344,607.017333984375,0.9419878125190735,nan
25478,429,-143.98800000000003,-21.346698760986328,500.7025451660156,0.27301502227783203,nan
25525,430,-460.62300000000005,-595.2581176757812,313.7850036621094,1.2441787719726562,nan
25569,431,-228.827,-292.7389831542969,220.19320678710938,1.1812787055969238,nan
25614,432,-210.86800000000002,-218.696533203125,317.3447265625,0.7186740636825562,nan
25656,433,-453.86899999999997,-321.0670166015625,156.09732055664062,1.9943933486938477,nan
25706,434,-175.24199999999993,-357.1447448730469,389.0120544433594,0.9186896085739136,nan
25754,435,-219.742,-226.16468811035156,423.69866943359375,0.921762228012085,nan
25808,436,-60.907000000000046,-108.01531982421875,354.538818359375,0.7376822233200073,nan
25849,437,-228.27499999999995,-276.5418701171875,390.0086975097656,1.0755122900009155,nan
25911,438,-396.549,-414.66815185546875,138.53701782226562,3.0579495429992676,nan
25973,439,-86.82799999999996,-374.4843444824219,163.6345977783203,2.496709108352661,nan
26019,440,-243.63100000000003,-238.361083984375,394.9596862792969,1.1647266149520874,nan
26080,441,-100.09900000000005,-527.5906982421875,215.55194091796875,0.41983503103256226,nan
26135,442,101.24899999999994,-16.194162368774414,382.40301513671875,0.12328431010246277,nan
26189,443,-40.03199999999988,-65.50074005126953,412.3706970214844,0.7538236975669861,nan
26231,444,-273.7990000000001,-0.07126061618328094,190.6650390625,0.0035121983382850885,nan
26277,445,-123.58700000000006,-206.48779296875,252.5450439453125,1.3302239179611206,nan
26315,446,-108.07,-32.16572570800781,492.576171875,0.2040795385837555,nan
26362,447,10.860000000000042,-98.3232650756836,292.1737365722656,0.408907026052475,nan
26417,448,-130.91899999999998,-258.3500061035156,409.2685546875,1.2548435926437378,nan
26461,449,-18.236999999999966,-14.483464241027832,593.3403930664062,0.07116492837667465,nan
26499,450,-8.115000000000066,-6.307799339294434,455.3542175292969,0.06010664254426956,nan
26547,451,-114.63100000000007,-126.3927001953125,398.34637451171875,0.8961912393569946,nan
26603,452,69.88300000000002,-163.1743927001953,269.39984130859375,0.33637577295303345,nan
26653,453,-170.39700000000002,-265.4061584472656,307.31036376953125,1.3786413669586182,nan
26692,454,-134.301,-48.54472732543945,468.0242004394531,0.14872369170188904,nan
26743,455,-114.81699999999995,-33.524532318115234,381.5020751953125,0.1416129767894745,nan
26802,456,100.02799999999998,-34.7368049621582,338.90179443359375,0.2635176479816437,nan
26842,457,-48.07000000000008,-46.30390167236328,490.0186462402344,0.060589749366045,nan
26883,458,11.921999999999983,-238.72657775878906,111.06555938720703,2.6615869998931885,nan
26941,459,19.195999999999998,-6.985685348510742,367.7880554199219,0.09146912395954132,nan
26987,460,-99.23899999999998,-160.0175018310547,309.7611083984375,0.6216025948524475,nan
27037,461,-139.59699999999998,-59.768829345703125,277.3497009277344,0.4225897192955017,nan
27074,462,-78.279,-122.03926086425781,486.2807312011719,0.28411415219306946,nan
27121,463,-153.57199999999995,-179.79869079589844,264.29058837890625,0.7940253615379333,nan
27172,464,-49.93,-155.07701110839844,252.35186767578125,0.9460057616233826,nan
27213,465,-78.126,-421.16943359375,250.07962036132812,0.7276900410652161,nan
27272,466,-75.31800000000004,-86.3576431274414,408.8207702636719,0.34375348687171936,nan
27324,467,-4.462000000000046,-152.996826171875,301.54888916015625,0.9266024231910706,nan
27367,468,-170.92900000000006,-263.8590393066406,473.1512145996094,0.8969506621360779,nan
27425,469,-166.82899999999998,-103.27189636230469,431.5250549316406,0.5820840001106262,nan
27478,470,-180.76800000000003,-81.32437896728516,372.29852294921875,0.841735303401947,nan
27526,471,-279.235,-398.4704895019531,292.8994140625,1.6974130868911743,nan
27579,472,25.957999999999913,-29.34976577758789,285.3380432128906,0.31433117389678955,nan
27627,473,-234.55399999999997,-346.3283386230469,235.70608520507812,2.045886278152466,nan
27670,474,-198.574,-261.6920471191406,92.13699340820312,2.9540741443634033,nan
27719,475,-159.04900000000006,-334.0193786621094,338.0608215332031,1.2091766595840454,nan
27781,476,64.18500000000003,-95.02224731445312,120.51104736328125,1.817716360092163,nan
27831,477,-168.38499999999996,-155.0252227783203,460.052734375,0.7555574178695679,nan
27869,478,-3.049000000000042,-31.113325119018555,377.9001770019531,0.3719595968723297,nan
27910,479,-228.231,-438.06317138671875,139.9693145751953,2.989698886871338,nan
27961,480,-228.90100000000007,-595.7362670898438,398.5205383300781,1.4171737432479858,nan
28011,481,-11.207000000000022,-152.57052612304688,236.7739715576172,0.7615662813186646,nan
28053,482,-198.19299999999998,-308.2626953125,368.4005126953125,1.5436407327651978,nan
28094,483,-83.20899999999997,-488.4537353515625,181.128173828125,2.9666919708251953,nan
28132,484,-63.10600000000008,-148.24908447265625,370.92431640625,0.1571905016899109,nan
28187,485,-525.428,-546.0450439453125,569.0550537109375,1.6334120035171509,nan
28237,486,-139.26600000000008,-234.8108673095703,291.1650695800781,1.380048155784607,nan
28282,487,-24.750000000000014,-279.5576171875,163.99368286132812,2.252808094024658,nan
28320,488,-78.05299999999998,-40.97182846069336,366.5648193359375,0.3049637973308563,nan
28365,489,-146.09000000000003,-392.41845703125,134.36593627929688,2.9693732261657715,nan
28412,490,65.90399999999997,-26.963090896606445,200.9779052734375,0.5967240929603577,nan
28450,491,-183.4630000000001,-168.08941650390625,448.9371337890625,0.6585983633995056,nan
28490,492,-549.481,-305.7065734863281,585.854736328125,1.1634366512298584,nan
28531,493,-78.72499999999991,-347.5427551269531,124.814453125,3.0762767791748047,nan
28582,494,-161.09699999999992,-295.4234313964844,150.21031188964844,2.42244815826416,nan
28623,495,-250.16600000000003,-202.90382385253906,79.89688873291016,2.5603909492492676,nan
28668,496,-581.305,-479.9989318847656,164.27687072753906,2.994741439819336,nan
28714,497,-165.23899999999998,-275.1495056152344,175.9474334716797,2.260763645172119,nan
28759,498,-106.48299999999995,-295.7696228027344,103.90284729003906,2.761803150177002,nan
28796,499,-138.37300000000005,-65.18504333496094,465.7279052734375,0.4519476890563965,nan
28845,500,-229.308,-453.4290771484375,276.0608215332031,2.2628870010375977,nan
28886,501,-228.59000000000006,-571.2158203125,169.75326538085938,3.0825934410095215,nan
28936,502,-34.157999999999916,-131.2749481201172,350.84564208984375,1.054593563079834,nan
28986,503,-143.765,-125.99267578125,427.77276611328125,0.829386830329895,nan
29034,504,71.59699999999997,-105.69683837890625,297.6582946777344,0.8620768189430237,nan
29076,505,-549.1729999999999,-386.1497802734375,128.5057373046875,2.9007840156555176,nan
29124,506,-94.09599999999996,-267.2064208984375,341.7096252441406,1.5882940292358398,nan
29183,507,-820.6819999999998,-869.8102416992188,323.1310119628906,2.4984381198883057,nan
29231,508,-143.97600000000006,-179.36129760742188,349.0933532714844,1.065590262413025,nan
29287,509,-741.5169999999999,-916.5136108398438,399.08819580078125,2.616737127304077,nan
29332,510,-153.436,-404.50714111328125,163.52267456054688,2.553518772125244,nan
29378,511,-78.251,-396.474365234375,303.7141418457031,1.9184077978134155,nan
29427,512,-129.5320000000001,-239.24305725097656,230.3750762939453,1.8159425258636475,nan
29470,513,-168.81,-547.7576293945312,193.0089111328125,2.7118654251098633,nan
29523,514,-520.28,-741.390869140625,382.7671203613281,2.294992685317993,nan
29564,515,-113.69599999999996,-311.6015930175781,99.27811431884766,3.069063901901245,nan
29612,516,-123.90700000000001,-240.8722381591797,136.683349609375,2.28932523727417,nan
29661,517,-54.40500000000006,-209.91488647460938,202.15789794921875,2.074645519256592,nan
29703,518,-612.168,-520.9725952148438,175.46914672851562,3.0232326984405518,nan
29748,519,-258.572,-366.097900390625,386.9498596191406,1.960322618484497,nan
29792,520,-138.88699999999997,-493.9776916503906,170.2376708984375,2.8510453701019287,nan
29835,521,-33.36000000000004,-249.1597137451172,266.873291015625,1.9554177522659302,nan
29887,522,-431.161,-765.1848754882812,377.0603942871094,2.4254136085510254,nan
29940,523,-417.09099999999995,-786.751220703125,421.9720458984375,1.983630895614624,nan
29997,524,-857.2579999999999,-1153.729248046875,403.689453125,2.8283650875091553,nan
30000,525,-0.18700000000000006,-1153.729248046875,403.689453125,2.8283650875091553,18.010692307692302
30035,525,-78.027,-129.99819946289062,348.5487060546875,0.5816310048103333,nan
30079,526,-33.355999999999966,-381.2440490722656,385.35540771484375,0.2180291712284088,nan
30121,527,-168.90199999999993,-272.6885070800781,92.22239685058594,2.8913609981536865,nan
30163,528,-53.28700000000003,-264.9800720214844,96.17158508300781,2.5786542892456055,nan
30224,529,-525.313,-399.432373046875,139.04566955566406,2.7867014408111572,nan
30267,530,-265.174,-769.0519409179688,241.42848205566406,2.988584518432617,nan
30312,531,-153.11899999999997,-224.0029296875,410.7525939941406,1.356741189956665,nan
30364,532,-199.38900000000004,-277.5741882324219,341.851318359375,1.3425239324569702,nan
30424,533,-386.885,-569.1287841796875,401.250244140625,1.6818958520889282,nan
30505,534,-837.406,-445.7678527832031,138.9034881591797,3.002178907394409,nan
30563,535,-46.55100000000001,-186.67251586914062,264.12591552734375,1.4666186571121216,nan
30602,536,-88.59700000000004,-81.8125991821289,336.6121826171875,0.5058578848838806,nan
30654,537,-339.48400000000004,-646.2124633789062,356.1648254394531,2.065013885498047,nan
30697,538,-8.344999999999999,-621.5480346679688,214.39752197265625,1.238547444343567,nan
30760,539,-424.885,-455.9677734375,149.5790252685547,3.0108821392059326,nan
30815,540,-259.182,-399.8030090332031,315.7409362792969,1.6902464628219604,nan
30854,541,-58.94700000000003,-117.03202056884766,319.7601013183594,0.506844162940979,nan
30904,542,-226.34999999999997,-576.8656005859375,211.99917602539062,2.7752299308776855,nan
30959,543,-610.713,-993.6312255859375,468.4139404296875,2.549779176712036,nan
31034,544,-195.825,-449.2591857910156,189.46107482910156,2.61228609085083,nan
31093,545,-510.76700000000005,-591.4658203125,515.8773193359375,1.485077142715454,nan
31150,546,-344.734,-627.802490234375,289.12689208984375,2.3117144107818604,nan
31224,547,-553.53,-731.09423828125,266.2000732421875,2.7177791595458984,nan
31269,548,-84.01800000000003,-324.24774169921875,123.9961166381836,2.8384623527526855,nan
31330,549,-181.70300000000003,-331.4248962402344,108.27059173583984,2.900998830795288,nan
31390,550,-161.338,-280.00732421875,246.7445068359375,1.7911510467529297,nan
31445,551,-190.84099999999998,-333.4444580078125,262.2279968261719,1.7723850011825562,nan
31496,552,11.600000000000023,-224.32737731933594,373.0447082519531,0.690812885761261,nan
31548,553,-370.33699999999993,-524.5379638671875,208.51560974121094,2.7105464935302734,nan
31601,554,-445.957,-520.7894897460938,197.22447204589844,2.5290658473968506,nan
31646,555,-258.68299999999994,-668.5091552734375,322.6460876464844,2.2779719829559326,nan
31694,556,-48.47100000000006,-177.04322814941406,243.97683715820312,1.1670769453048706,nan
31748,557,-154.29199999999992,-402.0509338378906,319.5035705566406,1.6717203855514526,nan
31807,558,-123.61300000000001,-139.8156280517578,318.4715576171875,0.8105273842811584,nan
31874,559,-509.4800000000001,-461.4916076660156,174.5543212890625,2.703460693359375,nan
31926,560,-153.62300000000005,-241.88072204589844,267.55029296875,1.5564781427383423,nan
31977,561,-220.43699999999998,-484.2911376953125,164.6085662841797,2.9252684116363525,nan
32038,562,-220.2759999999999,-247.0498809814453,123.11654663085938,2.7222206592559814,nan
32075,563,-229.778,-92.6890640258789,440.52288818359375,0.6102635264396667,nan
32125,564,-135.81200000000007,-187.59765625,310.965576171875,1.2949740886688232,nan
32184,565,-154.79699999999997,-257.636962890625,273.2842712402344,1.3207364082336426,nan
32220,566,-153.43000000000004,-170.87698364257812,449.8097839355469,0.4861278533935547,nan
32281,567,-101.30399999999997,-530.4556884765625,178.29981994628906,2.573115348815918,nan
32329,568,-186.33600000000007,-583.3238525390625,188.4267578125,2.8451967239379883,nan
32385,569,-176.19400000000002,-465.62200927734375,285.0053405761719,2.088515520095825,nan
32453,570,-199.679,-274.5834045410156,273.8946838378906,1.5895030498504639,nan
32498,571,-214.45400000000006,-351.4145812988281,137.35665893554688,2.6549184322357178,nan
32556,572,-465.436,-548.8225708007812,221.0174560546875,2.5639235973358154,nan
32606,573,-183.75400000000002,-417.504638671875,198.7599334716797,2.4316933155059814,nan
32670,574,-942.9420000000002,-174.91708374023438,88.58625030517578,2.112536907196045,nan
32721,575,-4.447000000000109,-77.54373168945312,204.71002197265625,0.8118841052055359,nan
32774,576,-153.402,-142.42613220214844,376.0154724121094,0.6044074892997742,nan
32813,577,-198.09699999999998,-212.4151611328125,338.2882385253906,0.7415965795516968,nan
32866,578,-241.32299999999998,-533.3242797851562,184.75375366210938,2.83109712600708,nan
32916,579,-108.87000000000003,-384.5046691894531,182.51724243164062,1.91824471950531,nan
32977,580,3.303999999999988,-165.19236755371094,63.366085052490234,2.500006675720215,nan
33027,581,-274.639,-638.4505615234375,254.3016357421875,2.475843906402588,nan
33079,582,-212.23800000000006,-446.9048767089844,352.2071838378906,2.08217453956604,nan
33130,583,-547.5790000000001,-1027.1368408203125,429.8808288574219,2.5627472400665283,nan
33180,584,-100.25799999999998,-257.5086364746094,219.66629028320312,1.9188175201416016,nan
33232,585,-266.883,-479.8354187011719,444.6118469238281,1.5479885339736938,nan
33274,586,-303.6850000000001,-550.8525390625,194.64898681640625,2.7822113037109375,nan
33325,587,-655.4710000000001,-888.6328735351562,324.11871337890625,2.758291006088257,nan
33377,588,-379.58500000000004,-547.6889038085938,250.9327850341797,2.5471384525299072,nan
33433,589,-292.68800000000005,-496.21044921875,212.54595947265625,2.1999869346618652,nan
33478,590,-33.488999999999976,-146.9473876953125,298.336669921875,1.2849832773208618,nan
33523,591,-168.83700000000007,-496.7572326660156,186.20640563964844,2.4375250339508057,nan
33573,592,-79.35900000000007,-117.40873718261719,178.14085388183594,1.2629072666168213,nan
33641,593,-25.06899999999998,-172.97171020507812,106.69840240478516,2.08732271194458,nan
33695,594,-337.71699999999987,-518.9909057617188,196.3041534423828,2.724684238433838,nan
33739,595,-218.61499999999995,-326.2167053222656,287.47796630859375,2.16355562210083,nan
33792,596,-245.09400000000008,-458.81219482421875,252.6064453125,2.1310434341430664,nan
33858,597,-417.01300000000015,-504.8302001953125,197.9724578857422,2.8099746704101562,nan
33919,598,-100.49100000000003,-548.5734252929688,203.26141357421875,2.668694019317627,nan
33965,599,-258.44500000000005,-339.2253112792969,345.7099304199219,2.021820306777954,nan
34017,600,-220.303,-505.6387939453125,306.5920104980469,1.8059386014938354,nan
34064,601,-93.75300000000001,-203.22634887695312,192.104736328125,1.5865839719772339,nan
34103,602,-198.51300000000003,-161.2886199951172,361.4271240234375,0.9918937683105469,nan
34149,603,-130.219,-374.0655517578125,190.53135681152344,2.30320405960083,nan
34194,604,-174.05099999999996,-356.97509765625,282.7118835449219,2.0922858715057373,nan
34248,605,-93.76900000000008,-313.05169677734375,284.3951721191406,1.8582441806793213,nan
34286,606,-58.341000000000065,-57.33881378173828,348.1885986328125,0.24812544882297516,nan
34339,607,-199.2460000000001,-618.8526611328125,207.54290771484375,2.783463478088379,nan
34391,608,-94.15399999999998,-138.20921325683594,306.8928527832031,1.047330379486084,nan
34456,609,-350.326,-468.30389404296875,218.0245361328125,2.6097724437713623,nan
34515,610,-120.82900000000005,-201.6320343017578,231.5794677734375,1.4351799488067627,nan
34559,611,-436.58000000000004,-298.0860900878906,118.45158386230469,2.6313817501068115,nan
34617,612,-230.45400000000004,-434.2176208496094,240.83192443847656,2.251016139984131,nan
34660,613,-384.444,-540.93212890625,173.83631896972656,2.7653114795684814,nan
34711,614,-138.91300000000004,-400.5453796386719,246.82789611816406,2.207165002822876,nan
34766,615,-169.03400000000002,-176.2182159423828,355.5212097167969,1.1276663541793823,nan
34815,616,-451.24700000000007,-670.8069458007812,288.4510803222656,2.571554660797119,nan
34879,617,64.77699999999996,-420.1583251953125,146.7035675048828,2.6869447231292725,nan
34925,618,-159.81699999999998,-416.6359558105469,142.5586700439453,2.7602379322052,nan
34975,619,-233.51299999999998,-295.79998779296875,220.34365844726562,2.0102484226226807,nan
35023,620,-595.5040000000001,-611.6729736328125,230.61102294921875,2.590831756591797,nan
35065,621,-138.137,-206.84567260742188,194.25064086914062,1.3145990371704102,nan
35120,622,-338.0629999999999,-761.5560302734375,275.8825378417969,2.533268928527832,nan
35168,623,-606.956,-901.3973388671875,341.8249816894531,2.607942581176758,nan
35217,624,-304.0580000000001,-651.6149291992188,230.53575134277344,2.792980432510376,nan
35286,625,-245.91499999999996,-350.4364013671875,157.8090057373047,2.6629652976989746,nan
35328,626,-158.47500000000002,-679.3300170898438,469.964599609375,1.6924258470535278,nan
35382,627,-18.34800000000007,-76.13317108154297,308.7283020019531,0.8238343000411987,nan
35426,628,-158.39,-502.9517822265625,187.37791442871094,2.3552494049072266,nan
35487,629,-46.634000000000114,-214.93704223632812,127.40412902832031,2.6079306602478027,nan
35540,630,-154.25299999999993,-191.79576110839844,201.95860290527344,1.6592457294464111,nan
35578,631,-199.38099999999997,-480.4207763671875,319.7488098144531,1.5233135223388672,nan
35631,632,-168.95899999999995,-254.05099487304688,309.66497802734375,1.489417552947998,nan
35685,633,-146.12800000000004,-302.1667175292969,231.40664672851562,1.8741453886032104,nan
35736,634,-236.58100000000005,-479.0473327636719,258.4267272949219,2.2275640964508057,nan
35786,635,-228.68700000000007,-243.5281982421875,274.0129089355469,1.5961730480194092,nan
35839,636,-295.366,-534.7008666992188,368.60882568359375,1.4455517530441284,nan
35886,637,-138.555,-534.2848510742188,181.018798828125,2.6169142723083496,nan
35935,638,-214.39000000000001,-484.8558349609375,222.8689422607422,2.4657206535339355,nan
35972,639,-113.24400000000006,-130.9724578857422,328.60107421875,0.5252103805541992,nan
36019,640,-324.14700000000005,-716.0474853515625,280.6609802246094,2.621370792388916,nan
36068,641,-79.03399999999999,-334.1851806640625,275.5601806640625,1.7913575172424316,nan
36117,642,-78.75499999999984,-374.2255859375,166.7591552734375,2.5044524669647217,nan
36173,643,-158.939,-323.417724609375,138.68301391601562,2.1719613075256348,nan
36226,644,-195.39799999999997,-262.8820495605469,294.3245849609375,1.6862454414367676,nan
36272,645,-354.538,-663.7362670898438,237.66253662109375,2.749525308609009,nan
36326,646,-155.73899999999992,-249.22450256347656,221.59800720214844,1.898211121559143,nan
36371,647,-288.859,-625.3029174804688,195.78054809570312,2.888272523880005,nan
36423,648,-154.05899999999997,-329.3506774902344,336.595947265625,1.331304907798767,nan
36487,649,-543.511,-457.99853515625,186.46743774414062,2.4014997482299805,nan
36529,650,-339.6199999999999,-522.362548828125,142.11788940429688,2.847437858581543,nan
36581,651,-55.206000000000046,-215.28501892089844,272.60430908203125,1.3140963315963745,nan
36651,652,-365.70000000000005,-421.48529052734375,175.1738739013672,2.5490152835845947,nan
36690,653,-3.208000000000041,-25.068714141845703,316.01385498046875,0.2542727589607239,nan
36740,654,-345.26300000000003,-724.638671875,288.65057373046875,2.6008241176605225,nan
36803,655,-25.240000000000038,-464.4674377441406,176.23870849609375,2.684779405593872,nan
36859,656,-430.58599999999996,-703.503662109375,294.530517578125,2.314207077026367,nan
36919,657,-152.25100000000003,-260.50152587890625,219.60391235351562,1.8666213750839233,nan
36974,658,-85.99000000000005,-249.16351318359375,183.96461486816406,1.8979891538619995,nan
37028,659,-130.39199999999994,-244.2909393310547,321.50592041015625,1.2966934442520142,nan
37081,660,-168.839,-342.2052001953125,382.51483154296875,1.2418673038482666,nan
37142,661,-392.311,-425.4639587402344,107.1272201538086,2.5501086711883545,nan
37206,662,-346.1600000000001,-508.42529296875,192.52865600585938,2.589442253112793,nan
37245,663,-108.12199999999996,-231.0088348388672,273.9062194824219,1.1790419816970825,nan
37284,664,-68.27300000000004,-32.434513092041016,353.01275634765625,0.32932671904563904,nan
37340,665,-79.91500000000003,-242.66314697265625,185.54022216796875,2.0778207778930664,nan
37399,666,-131.293,-177.62425231933594,290.3487854003906,0.9969181418418884,nan
37440,667,-159.11200000000005,-298.15155029296875,126.82693481445312,2.2771737575531006,nan
37489,668,-842.638,-962.9219970703125,366.7718200683594,2.7404139041900635,nan
37538,669,-145.58999999999995,-379.2640380859375,184.49502563476562,2.1110026836395264,nan
37579,670,-8.823000000000036,-639.9920654296875,276.822265625,2.653839111328125,nan
37631,671,-147.89099999999993,-269.0041809082031,287.3353271484375,1.7402528524398804,nan
37678,672,-159.47,-323.6075134277344,153.5258026123047,2.4705655574798584,nan
37714,673,-93.04200000000003,-70.3980484008789,323.5213928222656,0.36543604731559753,nan
37761,674,-258.691,-362.9340515136719,170.41468811035156,2.6215665340423584,nan
37819,675,-425.562,-680.5628051757812,302.5115966796875,2.218738079071045,nan
37871,676,-189.87799999999996,-281.25909423828125,233.33360290527344,1.4712563753128052,nan
37920,677,-235.2989999999999,-471.6414794921875,262.965576171875,2.1348342895507812,nan
37969,678,-84.71100000000001,-179.616455078125,457.6744689941406,0.9022789001464844,nan
38019,679,-33.75600000000014,-151.37440490722656,260.58392333984375,1.3209495544433594,nan
38059,680,-228.19100000000006,-235.7044219970703,407.1166076660156,0.7303802371025085,nan
38104,681,-274.474,-535.256591796875,193.4218292236328,2.5749850273132324,nan
38145,682,-18.04000000000009,-247.0341033935547,60.82490158081055,2.630967378616333,nan
38186,683,-153.19299999999998,-196.46348571777344,121.34243774414062,2.331773042678833,nan
38236,684,-240.57500000000005,-371.79608154296875,236.81787109375,1.976507544517517,nan
38300,685,-456.9839999999999,-317.5146789550781,155.35064697265625,2.3794050216674805,nan
38350,686,-415.33599999999996,-662.61572265625,278.0574645996094,2.474130153656006,nan
38393,687,-78.77899999999994,-430.5311279296875,134.335205078125,2.4180290699005127,nan
38433,688,-78.07699999999994,-154.48355102539062,325.14422607421875,0.6341328620910645,nan
38482,689,-159.113,-328.1150207519531,232.02557373046875,1.8906489610671997,nan
38528,690,-294.99,-428.4213562011719,298.4361572265625,2.0964114665985107,nan
38570,691,-153.656,-428.0904846191406,171.70492553710938,2.422767400741577,nan
38621,692,-174.14799999999988,-340.17315673828125,144.59400939941406,2.358809471130371,nan
38663,693,-153.15400000000002,-298.801513671875,122.29922485351562,2.524441719055176,nan
38702,694,-288.36499999999995,-142.0457763671875,435.5368957519531,0.5131522417068481,nan
38746,695,-152.312,-337.5425720214844,152.62075805664062,2.4123051166534424,nan
38795,696,-149.66400000000002,-328.3714294433594,271.5677490234375,1.73460853099823,nan
38840,697,-258.91700000000003,-552.0089721679688,201.134765625,2.3613648414611816,nan
38884,698,-198.51300000000003,-518.8997802734375,168.1547393798828,2.5295937061309814,nan
38943,699,-265.4189999999999,-487.88409423828125,251.8883819580078,2.1734955310821533,nan
39000,700,-461.339,-612.18115234375,239.72409057617188,2.377823829650879,nan
39060,701,56.18299999999994,-159.8169708251953,169.1744842529297,1.2647892236709595,nan
39109,702,-84.71799999999995,-234.95700073242188,136.69464111328125,1.7598342895507812,nan
39166,703,-488.355,-780.4468994140625,395.50634765625,1.9925832748413086,nan
39220,704,-99.44099999999997,-320.26605224609375,173.64523315429688,2.0506625175476074,nan
39270,705,-78.75500000000007,-329.24615478515625,323.4028015136719,1.713600754737854,nan
39342,706,-430.904,-705.4459838867188,336.3796691894531,2.4277026653289795,nan
39390,707,-339.8929999999999,-410.2704162597656,176.5489959716797,2.342320203781128,nan
39445,708,-70.81500000000007,-138.7179718017578,223.94309997558594,1.4893264770507812,nan
39495,709,-415.895,-843.1217651367188,294.03070068359375,2.5124754905700684,nan
39543,710,-316.454,-475.55010986328125,190.8497314453125,2.5567877292633057,nan
39579,711,-63.01299999999992,-29.526874542236328,339.3080139160156,0.2922825515270233,nan
39622,712,-63.10200000000003,-203.6834259033203,111.92411041259766,2.152163028717041,nan
39674,713,-331.82599999999996,-491.8249206542969,191.37030029296875,2.370800256729126,nan
39715,714,-363.8,-156.89450073242188,45.16417694091797,2.3688905239105225,nan
39767,715,-407.0540000000001,-477.5005798339844,242.8495635986328,2.4498472213745117,nan
39817,716,-119.86199999999995,-493.2789001464844,210.1146240234375,2.238959789276123,nan
39866,717,-196.89799999999994,-376.53045654296875,227.3820343017578,1.7355486154556274,nan
39913,718,-510.20199999999994,-764.3206787109375,286.25775146484375,2.329819440841675,nan
39957,719,-198.79199999999994,-387.7984619140625,194.44729614257812,2.2408905029296875,nan
40000,720,-44.066999999999936,-42.440879821777344,300.67437744140625,0.5622223615646362,72.05696153846154
40003,720,-225.87799999999993,-326.21588134765625,170.0242156982422,2.1669387817382812,nan
40049,721,-53.89600000000007,-207.4130096435547,103.02493286132812,1.9314002990722656,nan
40097,722,-336.74,-479.8153381347656,298.1475830078125,1.9553606510162354,nan
40146,723,-280.55699999999996,-404.81817626953125,192.53268432617188,2.1522648334503174,nan
40201,724,-78.67499999999995,-247.13388061523438,163.45440673828125,1.823884129524231,nan
40248,725,-370.485,-641.9884033203125,282.32781982421875,2.2141571044921875,nan
40300,726,-234.24499999999995,-640.2254028320312,339.1849060058594,1.6300443410873413,nan
40352,727,-288.88499999999993,-512.057373046875,272.816650390625,2.0778377056121826,nan
40404,728,-243.704,-396.4527282714844,201.1914520263672,2.175304651260376,nan
40463,729,-219.35900000000004,-259.06134033203125,282.1645812988281,1.6778663396835327,nan
40516,730,-198.56199999999998,-395.6012268066406,236.53485107421875,1.6434048414230347,nan
40568,731,-401.9580000000001,-693.453369140625,345.4626159667969,1.7388986349105835,nan
40621,732,-179.21500000000003,-521.215576171875,247.11280822753906,1.6179968118667603,nan
40688,733,-610.4929999999999,-251.4830322265625,123.58344268798828,2.1000921726226807,nan
40733,734,-271.317,-551.7314453125,179.12796020507812,2.246168613433838,nan
40773,735,-284.51499999999993,-126.25508117675781,470.5498962402344,0.513335645198822,nan
40824,736,-244.40900000000005,-412.1138000488281,238.83172607421875,2.0345747470855713,nan
40870,737,-248.67300000000006,-797.9725952148438,279.5957336425781,2.2165591716766357,nan
40921,738,-79.41600000000008,-220.6782684326172,170.11517333984375,1.5768234729766846,nan
40977,739,-535.5900000000001,-603.6361083984375,304.1123962402344,2.056748628616333,nan
41035,740,-529.225,-699.417236328125,413.6314697265625,1.8406658172607422,nan
41088,741,-194.86999999999995,-425.7684326171875,184.32196044921875,2.092153310775757,nan
41138,742,-205.64700000000005,-391.26544189453125,219.30709838867188,1.905620813369751,nan
41195,743,-229.167,-311.7830505371094,164.5787811279297,1.9384249448776245,nan
41246,744,-124.57300000000012,-307.3312683105469,136.67869567871094,1.910963773727417,nan
41300,745,-168.954,-366.3131408691406,170.84689331054688,1.7480452060699463,nan
41354,746,-256.111,-352.5217590332031,173.40365600585938,1.8657853603363037,nan
41409,747,-109.0020000000001,-177.1002655029297,110.9841079711914,1.7134207487106323,nan
41459,748,-123.339,-218.8551788330078,149.88229370117188,1.7852061986923218,nan
41514,749,-354.91499999999996,-658.7899780273438,287.3828430175781,2.054927110671997,nan
41566,750,-303.99399999999997,-483.2070007324219,209.8113250732422,1.9259191751480103,nan
41643,751,-499.685,-336.04302978515625,199.5631866455078,1.7599570751190186,nan
41693,752,-174.05100000000004,-360.2334899902344,182.33436584472656,1.7026456594467163,nan
41745,753,-795.586,-1086.7803955078125,402.9035339355469,1.6503491401672363,nan
41794,754,-205.11099999999988,-241.15492248535156,283.33941650390625,1.2476232051849365,nan
41835,755,-228.736,-205.01458740234375,131.87527465820312,1.7097578048706055,nan
41875,756,-33.07299999999992,-16.693950653076172,332.61248779296875,0.14046745002269745,nan
41942,757,-187.30800000000008,-429.1683654785156,169.90573120117188,1.559112310409546,nan
41981,758,-183.41500000000002,-114.07420349121094,416.64385986328125,0.3496997356414795,nan
42044,759,-249.13000000000005,-137.82228088378906,98.19281005859375,1.6030675172805786,nan
42102,760,-144.69800000000004,-211.11383056640625,192.10484313964844,1.0808426141738892,nan
42159,761,-199.53000000000006,-223.6352996826172,240.6324462890625,1.1344894170761108,nan
42198,762,-3.0860000000000696,-129.0944366455078,291.7215881347656,0.49630415439605713,nan
42283,763,-341.23499999999996,-215.1070098876953,116.49311828613281,1.3229539394378662,nan
42323,764,-84.0,-6.830935478210449,351.76898193359375,0.07656389474868774,nan
42412,765,-56.10700000000007,-153.22442626953125,111.06016540527344,1.2557189464569092,nan
42516,766,-261.70100000000025,-177.90280151367188,66.1395492553711,1.2973037958145142,nan
42577,767,-262.7369999999999,-907.8948974609375,179.35153198242188,0.9928890466690063,nan
42622,768,-258.833,-301.55926513671875,153.56414794921875,1.2110217809677124,nan
42686,769,-168.72800000000012,-61.34722900390625,66.54927062988281,0.8870205283164978,nan
42770,770,-206.09100000000007,-106.08558654785156,63.244651794433594,0.9590429067611694,nan
42835,771,-65.67599999999997,-165.7680206298828,84.05374908447266,1.0300500392913818,nan
42925,772,-111.93100000000005,-125.18852233886719,103.7506103515625,0.599958062171936,nan
43084,773,-251.76899999999998,-89.1444320678711,88.05630493164062,0.5450825691223145,nan
43153,774,-273.54699999999997,-35.0271110534668,83.6988754272461,0.3453754186630249,nan
43481,775,-957.275999999998,-0.7627267837524414,25.128488540649414,0.16424492001533508,nan
43797,776,-1157.302999999998,-3.794188976287842,19.612545013427734,0.20281237363815308,nan
44195,777,-1202.8679999999927,0.004316707607358694,17.72752571105957,0.0029751108959317207,nan
44589,778,-1242.6569999999908,0.000338881480274722,34.610591888427734,0.00013255524390842766,nan
45033,779,-1783.5330000000106,-0.0,208.00637817382812,1.4253938199031146e-13,nan
45466,780,-1417.9849999999947,-0.0,205.115234375,1.4894854148900585e-14,nan
45906,781,-1298.0269999999994,-0.0,222.6737823486328,3.040681262334033e-09,nan
46347,782,-1743.653000000015,-0.0,277.1760559082031,1.047271666720917e-06,nan
46781,783,-1522.8259999999932,-0.0,269.29107666015625,3.3737439508740863e-09,nan
47246,784,-1543.457999999992,-0.0,382.117919921875,3.215523403099496e-10,nan
47696,785,-1423.051000000008,-0.0,306.76800537109375,8.223914882421468e-10,nan
48146,786,-1173.9780000000064,-0.0,363.71990966796875,7.39281247330581e-10,nan
48555,787,-1707.3659999999868,-0.0,212.8603515625,8.052925295487512e-06,nan
49010,788,-1313.7450000000022,-0.0,374.4117736816406,2.6980159772982404e-10,nan
49469,789,-1328.127999999999,-0.0,193.48822021484375,7.894439590927504e-07,nan
49921,790,-1342.7640000000013,-0.0,337.7371520996094,1.2545027239241335e-09,nan
50000,791,204.44700000000037,-0.0,43.208770751953125,1.1664220522789037e-07,68.92670833333331
50375,791,-1517.3710000000094,-0.0,224.6757049560547,2.4276646399812307e-06,nan
50813,792,-1572.4619999999875,0.0012542599579319358,210.15032958984375,5.849836452398449e-05,nan
51256,793,-867.8169999999966,-0.0,367.3724060058594,1.0103319254994858e-05,nan
51682,794,-1362.6429999999934,-0.0,349.1714172363281,1.64329212566372e-05,nan
52143,795,-1473.0830000000087,-0.0,440.4218444824219,1.0872105121961795e-05,nan
52572,796,-1462.9419999999946,-0.0,327.03497314453125,1.0496012691874057e-05,nan
53002,797,-1127.6719999999973,0.0016610128805041313,342.1364440917969,5.993634840706363e-05,nan
53458,798,-1651.9770000000144,0.00015315460041165352,275.35723876953125,3.222713348804973e-05,nan
53895,799,-1377.748999999989,-0.0,195.30169677734375,6.750757730600299e-10,nan
54355,800,-1583.4659999999947,0.008511874824762344,215.447021484375,0.0004837839805986732,nan
54776,801,-1452.9550000000079,0.049057163298130035,356.7233581542969,0.0014732701238244772,nan
55199,802,-1573.189999999993,0.0027759915683418512,363.3548278808594,0.00010831461258931085,nan
55632,803,-1128.8080000000034,-0.0,363.0411376953125,1.1054366950702388e-06,nan
56080,804,-1478.748,-0.0,352.90045166015625,5.27297424923745e-06,nan
56519,805,-1748.906999999988,-0.0,236.63746643066406,1.0300378562533297e-05,nan
56978,806,-1418.3809999999967,-0.0,242.20120239257812,1.3506729374057613e-05,nan
57429,807,-1463.6959999999972,-0.0,307.4988708496094,2.729021844061208e-06,nan
57858,808,-1547.271999999993,-0.0,238.26475524902344,2.2073419481127843e-12,nan
58298,809,-1677.7829999999863,-0.0,268.0550537109375,1.3638118412373501e-11,nan
58751,810,-1463.4240000000045,0.0041333530098199844,329.27691650390625,0.0001542538229841739,nan
59210,811,-1243.6640000000018,-0.0,281.1448059082031,1.4462851140706334e-05,nan
59677,812,-1428.396000000009,0.00859967339783907,366.7682189941406,0.00029803276993334293,nan
60000,813,-871.3850000000019,-0.00027476699324324727,10.951942443847656,0.00028809136711061,96.85566666666669
