step,episode,return,actor_loss,critic_loss,noise_std,eval_mean_return,eval_success_rate
166,0,-218.6514954861063,,,0.39917,,
320,1,-346.2322914367038,,,0.39840000000000003,,
498,2,-228.9883599943401,,,0.39751000000000003,,
667,3,-377.8289093360492,,,0.39666500000000005,,
828,4,-709.8523943459452,,,0.39586000000000005,,
997,5,-121.30033338504686,,,0.395015,,
1168,6,-246.65642165484778,,,0.39416,,
1342,7,-177.2587649736085,,,0.39329000000000003,,
1518,8,-48.32850474847536,,,0.39241000000000004,,
1685,9,-330.46114440222317,,,0.391575,,
1839,10,-166.55070589087455,,,0.390805,,
2000,11,-381.32510166750154,,,0.39,-365.3919609976788,0.0
2005,11,-430.97377618477856,0.06048859655857086,1.6796364784240723,0.389975,,
2029,12,-57.05866516831576,0.028700951486825943,3.2443838119506836,0.389855,,
2200,13,-186.18670982435842,-0.03257037326693535,1.617566704750061,0.389,,
2417,14,-709.7866611927917,-0.13498777151107788,3.828791618347168,0.387915,,
2644,15,-1853.1314179789645,-0.1127605065703392,3.7838683128356934,0.38678,,
2859,16,-1318.1608470426481,-0.0054288748651742935,3.8488922119140625,0.385705,,
3059,17,-1925.2353275099736,0.024146389216184616,6.572738170623779,0.384705,,
3141,18,-80.58871762411098,-0.10218774527311325,8.751720428466797,0.384295,,
3252,19,-45.19597576556364,-0.06041476130485535,4.889469146728516,0.38374,,
3474,20,-1347.813578318383,0.27749648690223694,6.910856246948242,0.38263,,
3763,21,-198.29319118903433,0.03139938414096832,6.458739280700684,0.381185,,
4000,22,-27.56148518332741,-0.11934508383274078,6.0565595626831055,0.38,-6834.8130174171365,0.0
4124,22,-78.36224315540318,0.0584462508559227,6.431821346282959,0.37938000000000005,,
4473,23,-378.3631212524251,-0.04246259480714798,2.6700820922851562,0.377635,,
4782,24,-46.19316984348969,-0.06462568044662476,3.2407984733581543,0.37609000000000004,,
5177,25,-333.50518309081076,0.04525389522314072,3.862037181854248,0.37411500000000003,,
5569,26,-788.5104118784128,-0.2687702178955078,4.126633644104004,0.372155,,
5942,27,-79.72463068120766,0.02231013774871826,4.367056846618652,0.37029,,
6000,28,-4.243908949684298,0.23259976506233215,3.3052947521209717,0.37,-3224.772002707927,0.0
6324,28,-1183.0228915776152,0.18825414776802063,3.376904010772705,0.36838000000000004,,
6693,29,-160.5617742605264,0.2513713538646698,1.6726975440979004,0.366535,,
6987,30,-69.70712688166556,0.20267266035079956,1.9394761323928833,0.36506500000000003,,
7011,31,-32.85223773206203,0.19118280708789825,5.363281726837158,0.364945,,
7414,32,-53.5035985145627,0.3080022633075714,3.791996955871582,0.36293000000000003,,
7461,33,29.917934782222915,0.24505192041397095,4.055821895599365,0.36269500000000005,,
7512,34,30.58447665345225,0.42830267548561096,4.150447845458984,0.36244000000000004,,
7873,35,-213.92786994930503,0.07480066269636154,1.4377673864364624,0.36063500000000004,,
8000,36,-165.78361567284657,0.08586490154266357,1.0788767337799072,0.36000000000000004,-6201.411019449048,0.0
8115,36,-219.5032647465252,-0.32046011090278625,2.3024978637695312,0.359425,,
8522,37,-785.3368511777874,0.1755179464817047,3.5933799743652344,0.35739000000000004,,
8776,38,-674.4186496830814,0.27258142828941345,1.985854983329773,0.35612,,
8777,39,14.39966647708416,0.27258142828941345,2.5472025871276855,0.356115,,
9014,40,-170.77197161013697,0.09516800194978714,1.8962810039520264,0.35493,,
9223,41,-357.45712670635686,0.25690269470214844,1.6170746088027954,0.353885,,
9234,42,18.54739887951515,0.056882843375205994,3.0956919193267822,0.35383000000000003,,
9386,43,-323.14736581362337,0.1942707896232605,1.8798928260803223,0.35307,,
9656,44,-207.39965596815014,-0.029519177973270416,2.3576574325561523,0.35172000000000003,,
9803,45,-342.6487706245097,0.07231289148330688,2.0061912536621094,0.350985,,
9964,46,-57.03524428398927,0.025299005210399628,3.531886339187622,0.35018000000000005,,
10000,47,-249.6508564337792,0.1695130467414856,4.5410871505737305,0.35000000000000003,-1301.9053432372405,0.0
10120,47,-602.9242131833012,0.3841249346733093,1.9334365129470825,0.34940000000000004,,
10260,48,-50.733339505080735,0.0093836709856987,3.8486013412475586,0.3487,,
10278,49,-258.352806205955,-0.13463358581066132,0.810165286064148,0.34861000000000003,,
10364,50,-23.999483037293302,-0.1273135542869568,4.280725479125977,0.34818000000000005,,
10510,51,-149.59221653205967,0.009392721578478813,2.1621932983398438,0.34745000000000004,,
10689,52,-422.88868463654825,-0.1270969808101654,3.0359952449798584,0.346555,,
10718,53,24.372820833429053,-0.2616506814956665,0.5760089159011841,0.34641,,
10806,54,-351.88169113416507,-0.008267804980278015,3.92506742477417,0.34597,,
10853,55,-29.834344476070903,0.1833573579788208,1.5320992469787598,0.345735,,
11030,56,-1156.5915777502785,-0.08550883829593658,2.0273172855377197,0.34485000000000005,,
11202,57,-101.8199082625139,-0.17656849324703217,2.539156913757324,0.34399,,
11244,58,-4.171483900985228,-0.23763532936573029,2.144052028656006,0.34378000000000003,,
11410,59,-647.5333493214239,-0.26420724391937256,3.3650059700012207,0.34295000000000003,,
11552,60,-289.3563859030337,-0.22073103487491608,4.386443138122559,0.34224000000000004,,
11817,61,-2049.766862780727,-0.21792933344841003,2.0085582733154297,0.340915,,
12000,62,-979.6602565007665,-0.23377883434295654,1.5915085077285767,0.34,-1332.5940714835117,0.2
12038,62,-1355.7373533362909,-0.018783707171678543,4.06031608581543,0.33981,,
12081,63,3.6011512222837503,-0.24866770207881927,5.3432536125183105,0.33959500000000004,,
12150,64,-21.624201959195062,-0.5280694961547852,3.2543187141418457,0.33925000000000005,,
12346,65,-163.1031701161564,-0.49900978803634644,2.494619131088257,0.33827,,
12514,66,-853.3292409441972,-0.08597496896982193,1.7130266427993774,0.33743,,
12657,67,-244.68935723790298,-0.2150437980890274,3.9227328300476074,0.33671500000000004,,
12705,68,-22.188179539901014,-0.29420915246009827,4.17917537689209,0.336475,,
12927,69,-922.5115737266328,0.35841235518455505,3.3373770713806152,0.335365,,
13197,70,-1046.5504359609733,-0.3639090657234192,5.694805145263672,0.334015,,
13364,71,-309.7795729740668,-0.5227784514427185,4.633641719818115,0.33318000000000003,,
13405,72,19.16988351618947,-0.1509995013475418,5.068304061889648,0.332975,,
13471,73,-105.06487631738703,0.1185619980096817,4.285224914550781,0.332645,,
13632,74,-396.9791615921254,0.1439504623413086,3.7246522903442383,0.33184,,
13772,75,-168.00114039682174,-0.2835361361503601,1.526853322982788,0.33114,,
13972,76,-548.3842846569917,-0.3320434093475342,1.0700427293777466,0.33014,,
14000,77,-0.5583499605453894,0.037636030465364456,5.179689884185791,0.33,-1258.2182389010845,0.2
14138,77,-992.9689299831709,-0.3348349332809448,5.34214973449707,0.32931,,
14295,78,-35.84258202676017,-0.16923660039901733,1.4505926370620728,0.328525,,
14341,79,23.757567493044906,0.05039512366056442,3.0833616256713867,0.328295,,
14497,80,-162.96820214851004,-0.02723640203475952,1.09145188331604,0.327515,,
14875,81,-2903.8122437953243,-0.2668033540248871,4.700802803039551,0.32562500000000005,,
14895,82,16.098008738262084,-0.18893727660179138,3.311284303665161,0.325525,,
15119,83,-158.7638371714754,-0.38972264528274536,2.938596725463867,0.32440500000000005,,
15309,84,-144.00246112923543,0.1958707571029663,2.7027382850646973,0.32345500000000005,,
15572,85,-523.0839693761981,-0.06681569665670395,1.6510270833969116,0.32214000000000004,,
15767,86,-142.110395314102,0.1926015019416809,4.242907524108887,0.32116500000000003,,
15999,87,-173.7449705574853,0.17960955202579498,5.235633850097656,0.32000500000000004,,
16000,88,-0.0110000996472016,0.38843604922294617,3.9723668098449707,0.32,-417.5506990071714,0.2
16247,88,-253.91413723849237,-0.05589248239994049,6.222795009613037,0.318765,,
16459,89,-663.971928106528,-0.1284354329109192,3.630333423614502,0.317705,,
16678,90,-500.0674025148727,0.4270498752593994,7.463469505310059,0.31661,,
16888,91,-49.672439339175625,0.2742006778717041,4.215377330780029,0.31556,,
17272,92,-1853.0438062771632,0.09959963709115982,4.510383129119873,0.31364000000000003,,
17460,93,-69.23039116939991,0.3228228688240051,5.262237548828125,0.31270000000000003,,
17571,94,-253.90869267741704,-0.00429660826921463,5.4509429931640625,0.312145,,
17623,95,-177.79008308515608,0.4083746075630188,4.247836112976074,0.311885,,
17862,96,-279.07753477556616,0.4390535354614258,4.529150485992432,0.31069,,
18000,97,-79.74854067162696,-0.04955480992794037,4.545296669006348,0.31000000000000005,-2538.226277666074,0.0
18328,97,-1261.3530675936718,-0.32224854826927185,4.1092376708984375,0.30836,,
18352,98,20.324250109248112,0.25155961513519287,4.750717639923096,0.30824,,
18368,99,-33.588682172609055,0.3778182864189148,3.179931640625,0.30816,,
18449,100,-50.15588387260686,0.453924298286438,2.7631115913391113,0.307755,,
18510,101,-23.343736946213745,0.484915554523468,1.1167516708374023,0.30745,,
18859,102,-223.7534982976601,0.1997458040714264,4.507643699645996,0.305705,,
19273,103,-137.57880023520968,0.7428146600723267,6.974501609802246,0.303635,,
19735,104,-808.4042939311752,0.5053833723068237,1.2502567768096924,0.301325,,
20000,105,-207.62393787852713,1.0065957307815552,2.223745346069336,0.30000000000000004,-1278.6984945265715,0.2
20078,105,-259.3678793301734,0.9546558856964111,4.595688819885254,0.29961000000000004,,
20379,106,-356.4895987229578,1.0678465366363525,3.9456095695495605,0.298105,,
20440,107,-54.08214942908294,0.8622326254844666,0.11200331896543503,0.2978,,
20475,108,27.449698782152105,0.8315910696983337,2.753840923309326,0.29762500000000003,,
20766,109,-977.7299506851957,0.5841748118400574,1.4806668758392334,0.29617000000000004,,
21098,110,-978.5405605608887,0.5618293285369873,1.0488147735595703,0.29451000000000005,,
21430,111,-483.0719086674181,0.400168776512146,3.9825551509857178,0.29285000000000005,,
21824,112,-209.66440725216782,1.074547290802002,5.477153778076172,0.29088,,
22000,113,-205.6368078570971,0.9507632255554199,0.9442847967147827,0.29000000000000004,-911.5188064606361,0.2
22238,113,-609.676295919731,1.2291274070739746,3.825967311859131,0.28881,,
22541,114,-926.0106447494825,0.455135315656662,2.437441349029541,0.287295,,
22568,115,-284.92676207602506,0.9269219040870667,1.423020362854004,0.28716,,
22858,116,-676.3681222607291,1.2006546258926392,2.0076351165771484,0.28571,,
22885,117,1.7920568098794227,1.2806981801986694,1.7060301303863525,0.285575,,
23174,118,-474.39297123564177,0.9821845889091492,3.1004738807678223,0.28413,,
23200,119,-26.138605769483988,0.7794322967529297,4.4166669845581055,0.28400000000000003,,
23700,120,-655.6640713276786,1.478669285774231,3.2992773056030273,0.28150000000000003,,
24000,121,-295.79679321911874,0.7979966998100281,3.217461585998535,0.28,-1095.7305282241236,0.2
24017,121,-371.70654993880163,1.086243987083435,8.17179012298584,0.279915,,
24308,122,-1101.234495060418,2.0640909671783447,4.932389259338379,0.27846000000000004,,
24326,123,17.701865269322536,1.509206771850586,3.947601318359375,0.27837,,
24364,124,-26.039890502632794,1.4680129289627075,3.7119033336639404,0.27818000000000004,,
24633,125,-699.412294650996,1.2642359733581543,2.3395090103149414,0.27683500000000005,,
24666,126,-127.20308943468778,1.7980833053588867,3.1163077354431152,0.27667,,
24828,127,-97.49494191123077,1.4086604118347168,4.3182220458984375,0.27586,,
24928,128,-275.04301079224444,2.1766533851623535,3.3157973289489746,0.27536000000000005,,
24970,129,1.0650625047713689,1.6903071403503418,5.138494491577148,0.27515,,
25463,130,-55.30479967464047,1.7738356590270996,4.233506202697754,0.272685,,
25496,131,27.070552510157444,1.1305608749389648,1.6569592952728271,0.27252,,
25880,132,-403.96453623042265,2.1461520195007324,2.8749935626983643,0.27060000000000006,,
26000,133,-1.112951946818416,1.5441559553146362,4.430965423583984,0.27,-639.6978569456303,0.4
26346,133,-55.0289467293658,1.937334656715393,0.8616907000541687,0.26827,,
26397,134,-120.42054156952999,2.316779136657715,1.3635774850845337,0.268015,,
26753,135,-847.9288821236131,1.9990696907043457,4.018840789794922,0.266235,,
27064,136,-100.36516896640168,2.486576557159424,2.122781276702881,0.26468,,
27118,137,20.641633878421,1.1427183151245117,3.385634422302246,0.26441000000000003,,
27618,138,-382.95836658024723,1.8309420347213745,3.9411559104919434,0.26191000000000003,,
27935,139,-519.5515081118865,2.586853504180908,1.6377575397491455,0.26032500000000003,,
27953,140,22.07624709924815,2.305941104888916,3.632934331893921,0.260235,,
28000,141,-25.13188801056242,1.7766127586364746,3.767857074737549,0.26,-1066.670036627039,0.4
28452,141,-431.57422135946643,2.248182535171509,5.220050811767578,0.25774,,
28480,142,24.359693936699166,2.4429521560668945,3.9703264236450195,0.25760000000000005,,
28511,143,27.884958967438834,2.2718794345855713,3.881159782409668,0.25744500000000003,,
28912,144,-406.975777073248,2.8949689865112305,1.4271008968353271,0.25544,,
28918,145,16.593648400551483,2.1953606605529785,3.2220053672790527,0.25541,,
28932,146,-34.657539831979626,1.6692447662353516,1.637974739074707,0.25534,,
28964,147,3.425552691956664,2.153496026992798,2.7832417488098145,0.25518,,
29009,148,-70.2232967605691,2.4709060192108154,3.183302402496338,0.25495500000000004,,
29080,149,-324.43661597287957,2.737065076828003,2.5205039978027344,0.25460000000000005,,
29099,150,20.551787699395675,2.585630178451538,0.9375491142272949,0.254505,,
29108,151,18.04071109997348,2.2878684997558594,5.431332588195801,0.25446,,
29148,152,-3.5494125739929974,2.2150309085845947,3.747495174407959,0.25426000000000004,,
29214,153,-99.27003991349333,2.3572258949279785,2.836679458618164,0.25393,,
29635,154,-348.3147428935841,2.4132587909698486,3.369215965270996,0.251825,,
29641,155,17.457087503232675,2.392771005630493,2.39571475982666,0.251795,,
29679,156,-148.06140144568243,2.326169013977051,3.884998321533203,0.251605,,
29725,157,-229.9819958774586,2.682856559753418,4.364618301391602,0.251375,,
29779,158,27.92377959460206,3.6517064571380615,5.170784950256348,0.251105,,
29780,159,14.989,2.331631898880005,5.437134265899658,0.2511,,
29798,160,-57.46175487943225,3.2574095726013184,3.7734148502349854,0.25101,,
29819,161,17.108483211263945,1.8168011903762817,2.8518123626708984,0.25090500000000004,,
29837,162,-6.892137407710132,2.030200481414795,5.6918230056762695,0.250815,,
29864,163,19.248253876464826,2.0915260314941406,1.420928955078125,0.25068,,
30000,164,-26.734830585533476,2.625058650970459,5.576842308044434,0.25,-3230.7981933136393,0.0
30364,164,-31.181213221627544,3.398599147796631,3.352285861968994,0.24818,,
30860,165,-632.3864259163279,2.3225297927856445,2.4382503032684326,0.24570000000000003,,
30930,166,-147.01180450551115,2.971196413040161,7.090910911560059,0.24535,,
31242,167,-303.5143644738443,3.0352110862731934,3.8679659366607666,0.24379000000000003,,
31691,168,-78.54000074551861,2.374342441558838,2.5165653228759766,0.241545,,
31958,169,-5.884149385037526,2.658776044845581,2.537313222885132,0.24021000000000003,,
32000,170,9.553296307588523,2.773898124694824,4.743231296539307,0.24000000000000002,-317.754581984975,0.4
32033,170,1.0330292417678812,2.20113468170166,3.9059009552001953,0.23983500000000002,,
32119,171,-45.6040407562596,3.0520381927490234,1.5840293169021606,0.23940500000000003,,
32185,172,-176.84323473517054,3.038625478744507,4.432396411895752,0.239075,,
32660,173,-234.97908972918734,3.1286869049072266,1.6273387670516968,0.23670000000000002,,
32667,174,19.268093392412677,2.9948222637176514,4.385479927062988,0.23666500000000001,,
32678,175,17.53320774384722,2.9581921100616455,3.3286325931549072,0.23661000000000001,,
33161,176,-153.50399890151945,2.7445080280303955,2.906094789505005,0.23419500000000001,,
33661,177,-579.1674673627581,3.5141544342041016,3.4506852626800537,0.231695,,
33680,178,22.811552503806368,2.9061007499694824,2.2540667057037354,0.23160000000000003,,
33776,179,-552.0240740786481,3.314681053161621,4.2714152336120605,0.23112000000000002,,
33791,180,24.17451075612051,3.5729973316192627,5.494906425476074,0.23104500000000003,,
34000,181,-1176.6500402855252,3.2683675289154053,3.620542049407959,0.23,-398.4984058974383,0.6
34020,181,-1161.5409146860372,2.6789777278900146,6.89066219329834,0.22990000000000002,,
34520,182,-2258.5793855172597,3.173670768737793,3.8322362899780273,0.22740000000000002,,
34538,183,2.2033846264321006,4.038593769073486,6.273338317871094,0.22731,,
34877,184,-232.49236534943765,3.3790321350097656,2.8072736263275146,0.225615,,
34882,185,16.196819523714115,2.8982186317443848,2.7493720054626465,0.22559,,
34945,186,-51.13692860935325,4.195314407348633,5.699761390686035,0.22527500000000003,,
35209,187,-308.81281398876865,3.644550323486328,5.233030319213867,0.22395500000000002,,
35315,188,-76.1284657650069,3.4369614124298096,3.4572465419769287,0.223425,,
35341,189,0.7120610830812559,3.5288174152374268,1.71860933303833,0.22329500000000002,,
35444,190,-76.31438713870205,3.036449670791626,2.665599822998047,0.22278000000000003,,
35517,191,-143.65962717812192,3.901825428009033,3.760310173034668,0.22241500000000003,,
35544,192,31.725033140347726,3.5582475662231445,3.072420835494995,0.22228000000000003,,
35571,193,-4.497693358634464,3.0663540363311768,2.9724628925323486,0.222145,,
36000,194,-3.643794588975047,3.9973397254943848,4.387065887451172,0.22000000000000003,-533.8420157670864,0.6
36071,194,-5.719298000007807,3.569880247116089,3.270599842071533,0.21964500000000003,,
36080,195,18.556803301468044,3.8235390186309814,3.4965620040893555,0.21960000000000002,,
36572,196,-232.70039519116193,3.9316554069519043,5.5582594871521,0.21714000000000003,,
36623,197,-74.64529553218172,4.1058573722839355,3.8864667415618896,0.21688500000000002,,
36676,198,-22.587933417874623,3.184802532196045,3.089104175567627,0.21662000000000003,,
36742,199,-199.18471168459575,3.670240640640259,3.089183807373047,0.21629,,
36756,200,21.062762828355297,3.9478635787963867,5.948171138763428,0.21622000000000002,,
36776,201,19.256287524604147,3.670401096343994,4.280818939208984,0.21612000000000003,,
36809,202,-80.83757038490637,3.2538111209869385,3.650235414505005,0.21595500000000004,,
36848,203,7.559158951213359,3.633824348449707,3.681459903717041,0.21576000000000004,,
37148,204,-548.8157711273035,3.139789581298828,1.5950195789337158,0.21426000000000003,,
37179,205,21.267987522649626,3.796607732772827,2.322126865386963,0.21410500000000002,,
37215,206,-69.56400512305595,4.1375885009765625,2.5368056297302246,0.21392500000000003,,
37228,207,19.54964500235502,3.69366717338562,3.697336196899414,0.21386000000000002,,
37530,208,-401.19856278668783,4.041576862335205,3.0692243576049805,0.21235,,
37630,209,26.44786218062341,3.4467287063598633,3.4290294647216797,0.21185,,
37661,210,-18.73108149574544,3.4707140922546387,4.096955299377441,0.21169500000000002,,
37708,211,-321.8359022978186,3.8207364082336426,3.266180992126465,0.21146,,
37782,212,-18.35567333882033,3.594104766845703,3.9761910438537598,0.21109000000000003,,
37807,213,19.46430001467276,3.9838826656341553,7.523980617523193,0.210965,,
37829,214,21.39299426539457,4.434578895568848,3.8675570487976074,0.21085500000000001,,
37940,215,-22.335182948981362,3.9279532432556152,3.172039031982422,0.21030000000000001,,
37965,216,21.791908582583094,4.166756629943848,2.8975296020507812,0.21017500000000003,,
37976,217,-7.27305601391202,3.868870973587036,3.7925288677215576,0.21012000000000003,,
38000,218,0.1750813964379175,4.3705153465271,4.380025863647461,0.21000000000000002,-726.2090521021015,0.6
38382,218,-599.000705375612,3.695488929748535,0.5417925119400024,0.20809000000000002,,
38397,219,18.23218066400761,3.6732659339904785,3.710235118865967,0.20801500000000003,,
38426,220,21.879661770536366,3.817399740219116,3.857923984527588,0.20787000000000003,,
38454,221,24.590752951452426,3.7563371658325195,3.0173540115356445,0.20773000000000003,,
38568,222,24.998456544270237,4.06791877746582,1.434434175491333,0.20716,,
39068,223,-406.6485150492085,3.874819755554199,1.306539535522461,0.20466,,
39287,224,-1139.5056028835108,4.310693740844727,1.7202417850494385,0.20356500000000002,,
39735,225,-131.21936681464678,4.394182205200195,5.078073978424072,0.20132500000000003,,
39773,226,20.966302344150275,3.742023468017578,2.451871395111084,0.20113500000000004,,
40000,227,-74.29908493076412,4.431972980499268,2.7514567375183105,0.2,-1235.5726563470876,0.4
40245,227,-151.15409228041378,4.156655788421631,3.219926357269287,0.19877500000000003,,
40281,228,-28.169192582770325,3.542374610900879,4.272459030151367,0.19859500000000002,,
40432,229,21.31209904559396,4.215343952178955,4.887777805328369,0.19784000000000002,,
40486,230,-525.5670586017596,4.64032506942749,2.239206552505493,0.19757000000000002,,
40598,231,-217.5818258313422,4.409633636474609,6.899112701416016,0.19701000000000002,,
41098,232,-255.7884542957574,3.6519460678100586,3.831749677658081,0.19451000000000002,,
41578,233,-155.68563222969422,4.715987205505371,6.773219108581543,0.19211000000000003,,
41649,234,-304.40517379738355,4.393979072570801,1.6980481147766113,0.191755,,
41671,235,20.180753193388306,4.106009483337402,1.547979474067688,0.191645,,
41719,236,-55.68708609428802,4.599911689758301,2.204073429107666,0.19140500000000002,,
41733,237,19.300705410012444,5.122357368469238,0.9113495945930481,0.19133500000000003,,
41797,238,-176.76869110089365,4.908140182495117,5.362033367156982,0.19101500000000002,,
41820,239,27.511030884901274,4.743702411651611,4.691584587097168,0.19090000000000001,,
41914,240,19.77833343542391,4.460414409637451,1.5877164602279663,0.19043000000000002,,
41940,241,25.975663063233476,4.152942180633545,4.899149417877197,0.19030000000000002,,
41995,242,15.560698477391597,4.504440784454346,4.709738254547119,0.19002500000000003,,
42000,243,0.5353344273985134,4.365110874176025,1.1639883518218994,0.19000000000000003,-634.0988884984702,0.8
42034,243,-51.27245953066168,3.9091429710388184,1.9961583614349365,0.18983000000000003,,
42044,244,17.790810014017232,4.647630214691162,4.490443706512451,0.18978000000000003,,
42062,245,17.025353003710094,4.05393123626709,4.843191146850586,0.18969000000000003,,
42074,246,15.98311525122731,4.260766983032227,3.7119674682617188,0.18963000000000002,,
42091,247,17.086142759116235,4.810666561126709,1.584098219871521,0.18954500000000002,,
42125,248,-22.145031821571663,4.276341438293457,2.954794406890869,0.18937500000000002,,
42192,249,16.410430836517612,4.41629695892334,3.2210497856140137,0.18904,,
42207,250,25.133227688403984,4.306122303009033,2.2481613159179688,0.18896500000000002,,
42309,251,16.315813401764668,4.535061836242676,4.293605804443359,0.188455,,
42332,252,-2.888989374974841,4.216961860656738,5.182265281677246,0.18834000000000004,,
42406,253,4.838261048648324,4.479555130004883,0.948910117149353,0.18797000000000003,,
42409,254,16.43143505990256,4.0144944190979,3.7495250701904297,0.187955,,
42520,255,-556.5040769035684,4.284567832946777,3.2692840099334717,0.1874,,
42574,256,21.677308570406435,5.007104396820068,7.261076927185059,0.18713000000000002,,
42637,257,-75.53250586120609,5.006776332855225,1.584965467453003,0.186815,,
42677,258,4.390679275378286,4.533819675445557,3.2838118076324463,0.18661500000000003,,
42702,259,23.856171372702526,3.6715433597564697,2.430610418319702,0.18649000000000002,,
42760,260,-50.2486496666868,4.346712112426758,3.025778293609619,0.18620000000000003,,
42796,261,-104.94549776078523,4.466460704803467,1.7496235370635986,0.18602000000000002,,
42853,262,28.01318797164914,4.559263229370117,2.1194610595703125,0.185735,,
42892,263,-2.4637217070007296,4.246315956115723,2.10446834564209,0.18554,,
43280,264,-145.2499892092301,4.533822059631348,4.387277126312256,0.1836,,
43307,265,26.562051145534284,5.133488655090332,1.9137271642684937,0.18346500000000002,,
43350,266,-151.61127326829234,4.871169567108154,1.1612913608551025,0.18325000000000002,,
43361,267,19.8019808140267,4.209185600280762,3.2641384601593018,0.18319500000000002,,
43390,268,31.628976240623956,4.272021770477295,2.472365379333496,0.18305000000000002,,
43405,269,-104.82154388405667,4.862425327301025,2.761068820953369,0.18297500000000003,,
43434,270,27.952282208761677,4.52618932723999,1.6823053359985352,0.18283000000000002,,
43457,271,-1.6061810922371897,4.462525367736816,1.9875224828720093,0.18271500000000002,,
43650,272,-53.03995219236161,4.413179397583008,2.7552804946899414,0.18175000000000002,,
43662,273,20.508884302817627,4.944892883300781,6.068447113037109,0.18169000000000002,,
43697,274,25.931762024337253,5.183219909667969,3.126307964324951,0.181515,,
43776,275,-208.05969517360583,5.181637287139893,2.2758092880249023,0.18112000000000003,,
43824,276,-21.056408726956924,4.431840896606445,2.528564453125,0.18088,,
43861,277,-21.870703442379693,4.453901767730713,2.387770652770996,0.18069500000000002,,
43875,278,21.441655469606562,4.688282489776611,2.0633466243743896,0.18062500000000004,,
43910,279,-282.68254065666986,4.644752025604248,5.895591735839844,0.18045000000000003,,
43977,280,25.131257726503065,4.935108184814453,3.6823532581329346,0.18011500000000003,,
44000,281,5.164604282812736,4.761848449707031,3.622312068939209,0.18000000000000002,-519.5618400750442,0.6
44020,281,0.753018166280544,3.8885762691497803,1.720665454864502,0.17990000000000003,,
44129,282,-70.38543918240741,4.429343223571777,3.996859073638916,0.17935500000000001,,
44265,283,-823.9223638317873,4.937155246734619,3.0677542686462402,0.17867500000000003,,
44289,284,-23.91740083508965,4.440342903137207,4.251351356506348,0.17855500000000002,,
44295,285,16.58971604127783,4.1799540519714355,3.4900588989257812,0.17852500000000002,,
44361,286,-7.1735677298723015,4.404687404632568,2.735478401184082,0.17819500000000002,,
44401,287,24.83970032364424,4.855400085449219,3.9403202533721924,0.17799500000000001,,
44478,288,19.040501215215276,4.375729560852051,1.7393934726715088,0.17761000000000002,,
44680,289,-331.3250267761902,4.959865570068359,7.26198673248291,0.17660000000000003,,
44768,290,-172.84689735493535,4.251102924346924,2.706376075744629,0.17616,,
45268,291,-583.4294367561428,4.988932132720947,1.5694096088409424,0.17366,,
45377,292,-52.82997830487526,4.548926830291748,6.6767988204956055,0.17311500000000002,,
45389,293,-2.4418595749290404,4.719398021697998,4.5831522941589355,0.17305500000000001,,
45842,294,-154.0024901836118,5.073736190795898,2.6459708213806152,0.17079000000000003,,
45885,295,-66.09390894362619,4.900154113769531,2.825756072998047,0.17057500000000003,,
45943,296,-177.58730984802676,5.743045330047607,3.3048691749572754,0.17028500000000002,,
46000,297,1.6598047493052184,4.6331400871276855,1.69347083568573,0.17,-935.9104508071075,0.4
46141,297,-26.316413458043698,5.612522125244141,1.7476011514663696,0.16929500000000003,,
46227,298,-151.5867578505083,4.991464614868164,2.310518741607666,0.16886500000000002,,
46234,299,18.615955793996662,4.63182258605957,0.6660243272781372,0.16883000000000004,,
46255,300,-1.6607283844627574,4.855048179626465,2.283615827560425,0.168725,,
46288,301,31.082028751617145,4.816625595092773,2.6347432136535645,0.16856000000000002,,
46311,302,-107.85865177882738,5.664234161376953,2.0621283054351807,0.168445,,
46373,303,-228.54379586997013,4.927906513214111,1.7073472738265991,0.16813500000000003,,
46560,304,4.109212648800385,5.065867900848389,1.2550355195999146,0.16720000000000002,,
46583,305,-26.98818248945353,4.8176093101501465,4.404610633850098,0.167085,,
46661,306,-22.816724935977582,4.840320587158203,3.1043663024902344,0.166695,,
46672,307,16.232257565143982,5.201932430267334,2.800625801086426,0.16664,,
46714,308,20.10095043617494,5.478208065032959,3.646639347076416,0.16643000000000002,,
46729,309,-233.01089186474508,5.107325077056885,5.427050590515137,0.16635500000000003,,
47177,310,-922.1353477565941,5.046017169952393,2.653715133666992,0.164115,,
47229,311,-126.06119263136732,5.638991832733154,1.7588326930999756,0.16385500000000003,,
47257,312,-9.546437156326373,5.055678367614746,2.0177371501922607,0.16371500000000003,,
47377,313,22.60039459678675,5.285419464111328,5.388452529907227,0.163115,,
47379,314,16.388152202352206,5.389586448669434,3.3668723106384277,0.16310500000000003,,
47480,315,-82.0052029828523,4.608469486236572,2.1307413578033447,0.16260000000000002,,
47532,316,15.191983723433937,5.243603706359863,3.5433781147003174,0.16234,,
47643,317,-458.1709429580391,5.052578926086426,1.6079540252685547,0.161785,,
47778,318,-49.03724016555337,5.353482723236084,3.7193288803100586,0.16111000000000003,,
47863,319,-96.65295860778006,5.181218147277832,1.6924762725830078,0.16068500000000002,,
47871,320,20.310654747666938,5.212737083435059,2.8083529472351074,0.160645,,
47911,321,-47.70125031621336,5.329190731048584,2.775203227996826,0.16044500000000003,,
48000,322,-200.00468237549057,4.990599632263184,2.747553825378418,0.16000000000000003,-826.7692289313267,0.8
48088,323,-144.36714588453128,4.876471519470215,1.0037753582000732,0.15956000000000004,,
48097,324,19.944713517561354,5.076547622680664,1.0777071714401245,0.15951500000000002,,
48113,325,17.34804320114582,4.944174766540527,2.950085163116455,0.15943500000000002,,
48168,326,-52.80728863691319,4.700244426727295,0.9428186416625977,0.15916000000000002,,
48201,327,-20.4080565144493,5.273807525634766,2.398650646209717,0.15899500000000003,,
48251,328,23.896402646631454,5.022878170013428,3.7146353721618652,0.15874500000000002,,
48288,329,22.81776756548908,5.191118240356445,7.162991046905518,0.15856000000000003,,
48360,330,-218.0954489091594,5.439428329467773,4.139337062835693,0.15820000000000004,,
48402,331,18.87286470708054,5.191112041473389,1.9317233562469482,0.15799000000000002,,
48460,332,-45.409132588218874,5.250285625457764,1.8880500793457031,0.15770000000000003,,
48481,333,-49.94556450000159,4.866426467895508,2.788203716278076,0.157595,,
48576,334,25.246659661473558,5.290419101715088,2.3309412002563477,0.15712,,
48723,335,-405.51111196011954,4.988858222961426,2.031322956085205,0.15638500000000002,,
48752,336,-122.30215183351788,5.605419635772705,2.411149501800537,0.15624000000000002,,
48787,337,-132.00198921822314,5.23321533203125,1.8316377401351929,0.156065,,
48828,338,22.68005881511126,5.582693099975586,3.9723005294799805,0.15586000000000003,,
48914,339,21.03175314297883,5.1235880851745605,1.1523479223251343,0.15543,,
48915,340,15.411789607017766,5.1235880851745605,2.968844413757324,0.15542500000000004,,
48922,341,-83.36739034568896,5.22218656539917,2.3321428298950195,0.15539000000000003,,
48935,342,-53.22593375670568,4.81075382232666,3.3665614128112793,0.15532500000000002,,
48988,343,-491.2064103166912,4.58030366897583,3.259654998779297,0.15506000000000003,,
49058,344,28.393175687499152,4.978271484375,1.5542292594909668,0.15471000000000001,,
49078,345,17.357117403824187,5.533472061157227,2.3972220420837402,0.15461000000000003,,
49109,346,-330.91064859461693,5.171738147735596,0.28868043422698975,0.154455,,
49198,347,-147.7382848958488,5.377479553222656,4.5224833488464355,0.15401000000000004,,
49278,348,-321.82984302581673,5.483901500701904,2.7188596725463867,0.15361000000000002,,
49307,349,-69.06421072668199,5.055568218231201,7.400274276733398,0.15346500000000002,,
49323,350,-0.578510612692261,5.283174991607666,7.484183311462402,0.15338500000000002,,
49352,351,-93.7128865392206,5.681234359741211,3.589977264404297,0.15324000000000002,,
49393,352,1.8371472304591876,5.635939598083496,4.668588638305664,0.15303500000000003,,
49404,353,19.993285941956273,5.1227946281433105,1.670762062072754,0.15298000000000003,,
49818,354,-1779.9184252532025,5.1927571296691895,0.8639957904815674,0.15091000000000002,,
49863,355,-2.1863790556715283,5.072626113891602,5.018726348876953,0.150685,,
49908,356,20.885615527501276,4.618480205535889,2.3800008296966553,0.15046,,
49965,357,-0.917719857394836,5.290318489074707,0.7558956742286682,0.15017500000000003,,
50000,358,-43.05536124522998,6.1620306968688965,3.124152183532715,0.15000000000000002,-176.90134748252123,0.4
50006,358,-26.961798729558303,5.477242469787598,4.3001298904418945,0.15000000000000002,,
50077,359,19.21983746046412,5.42478609085083,2.0959179401397705,0.15000000000000002,,
50121,360,-702.5383724365331,5.891883850097656,4.467677116394043,0.15000000000000002,,
50164,361,16.65906169830933,5.028347015380859,2.449967861175537,0.15000000000000002,,
50242,362,20.265867195224548,5.683221817016602,4.326183795928955,0.15000000000000002,,
50317,363,-269.1528361760142,5.701263427734375,3.499349594116211,0.15000000000000002,,
50413,364,-169.30550764518952,5.31303596496582,6.182999610900879,0.15000000000000002,,
50483,365,-84.43724942611165,5.03244686126709,0.5477190017700195,0.15000000000000002,,
50515,366,26.794613656971535,5.486696720123291,2.647184371948242,0.15000000000000002,,
50554,367,-2.5642943753079877,5.414327621459961,2.9104151725769043,0.15000000000000002,,
50694,368,-831.3674358784368,5.007373809814453,2.8888869285583496,0.15000000000000002,,
50764,369,16.54467673452229,5.019711017608643,1.7838704586029053,0.15000000000000002,,
50945,370,4.117465931565436,5.6346964836120605,2.9455509185791016,0.15000000000000002,,
50981,371,18.80932765958886,5.149327278137207,4.822098255157471,0.15000000000000002,,
51017,372,-101.7706709790379,5.732800483703613,4.0895538330078125,0.15000000000000002,,
51042,373,-44.67288114564314,5.2543792724609375,4.543931007385254,0.15000000000000002,,
51125,374,-29.878466326024586,5.860315799713135,1.468470811843872,0.15000000000000002,,
51147,375,-72.83717577443386,5.602507591247559,3.772042751312256,0.15000000000000002,,
51212,376,20.339764777535994,4.36852502822876,1.7871074676513672,0.15000000000000002,,
51278,377,1.1315926027615557,4.60036563873291,0.9144185781478882,0.15000000000000002,,
51309,378,20.196537920429382,4.946476936340332,4.274466514587402,0.15000000000000002,,
51462,379,-151.81413385636185,5.36415958404541,3.4620885848999023,0.15000000000000002,,
51468,380,17.576244776301603,5.613047122955322,2.77939510345459,0.15000000000000002,,
51479,381,21.88043629007617,5.441103935241699,3.2111027240753174,0.15000000000000002,,
51495,382,-2.1080554627978234,5.1461591720581055,1.4434313774108887,0.15000000000000002,,
51514,383,-73.5932241842354,5.450717449188232,1.6210708618164062,0.15000000000000002,,
51614,384,-20.525811956249104,5.945204734802246,3.7601053714752197,0.15000000000000002,,
51617,385,16.779086716016145,5.027859687805176,2.4418225288391113,0.15000000000000002,,
51649,386,19.849683296917163,5.673381805419922,3.8614165782928467,0.15000000000000002,,
51706,387,-117.25572969479121,5.858712196350098,5.199007034301758,0.15000000000000002,,
51724,388,18.630893941131887,5.1336259841918945,3.2894792556762695,0.15000000000000002,,
51742,389,-27.93542181836984,6.101349830627441,3.0590407848358154,0.15000000000000002,,
51761,390,15.482936157131162,5.932608127593994,2.3246445655822754,0.15000000000000002,,
51773,391,18.232088447496427,5.6118059158325195,1.0858409404754639,0.15000000000000002,,
51796,392,21.860969959127505,5.37813663482666,4.084319591522217,0.15000000000000002,,
51798,393,15.577123404916358,5.610843658447266,2.856518268585205,0.15000000000000002,,
51823,394,-21.444873711880213,5.173969268798828,3.164921760559082,0.15000000000000002,,
51837,395,-7.861961374779584,5.836910247802734,4.650452613830566,0.15000000000000002,,
51908,396,-98.61161016767558,4.6151885986328125,1.6555255651474,0.15000000000000002,,
51932,397,21.365634385762423,5.3060455322265625,1.7114906311035156,0.15000000000000002,,
51945,398,23.418406290183192,5.477535247802734,3.411464214324951,0.15000000000000002,,
51957,399,17.71121163228778,5.345434665679932,3.178673505783081,0.15000000000000002,,
51981,400,21.35890400106088,4.6801252365112305,4.927752494812012,0.15000000000000002,,
52000,401,3.8733106987903625,6.18381404876709,1.5511577129364014,0.15000000000000002,-1917.0178885383434,0.4
52014,401,22.1995498853755,6.189180850982666,3.9919486045837402,0.15000000000000002,,
52049,402,-3.132587431072759,5.069321632385254,5.6035943031311035,0.15000000000000002,,
52058,403,-59.28800946895114,5.477128028869629,6.435685157775879,0.15000000000000002,,
52127,404,-493.16942596674016,5.110431671142578,2.0026848316192627,0.15000000000000002,,
52147,405,0.5889767238939569,5.289363384246826,3.9274518489837646,0.15000000000000002,,
52255,406,21.899384521595962,4.810458183288574,3.4567954540252686,0.15000000000000002,,
52298,407,-47.29778285072716,5.111414909362793,2.5915279388427734,0.15000000000000002,,
52351,408,19.03836154320776,5.861802101135254,3.3671352863311768,0.15000000000000002,,
52441,409,-130.46249409424607,5.904612064361572,5.099616050720215,0.15000000000000002,,
52476,410,-49.96528404493761,5.283935546875,2.308605194091797,0.15000000000000002,,
52691,411,-2145.2482096949498,4.3408050537109375,3.1465606689453125,0.15000000000000002,,
52705,412,22.59335595782255,5.762013912200928,3.481290340423584,0.15000000000000002,,
52725,413,26.470871268440256,5.789712429046631,2.4389612674713135,0.15000000000000002,,
52787,414,-97.40164930710287,5.957049369812012,3.0519895553588867,0.15000000000000002,,
52811,415,17.078451708125698,5.518075942993164,4.367932319641113,0.15000000000000002,,
52836,416,22.609117641243486,5.834510326385498,3.296355962753296,0.15000000000000002,,
52849,417,25.772307314847104,5.5822672843933105,1.9401154518127441,0.15000000000000002,,
52874,418,-1.1238844002621438,5.866488456726074,3.8057174682617188,0.15000000000000002,,
53164,419,-1097.940754610565,6.220375061035156,3.0239477157592773,0.15000000000000002,,
53229,420,3.373835314580724,5.230426788330078,3.7293896675109863,0.15000000000000002,,
53310,421,20.598101217489017,5.178811073303223,2.1659703254699707,0.15000000000000002,,
53510,422,-904.8013365552247,5.744644641876221,3.3032307624816895,0.15000000000000002,,
53521,423,22.490424026358966,5.872076034545898,1.6423826217651367,0.15000000000000002,,
53538,424,18.504748208019024,5.243161678314209,2.9826314449310303,0.15000000000000002,,
53546,425,20.312841738976623,5.544733047485352,4.026554107666016,0.15000000000000002,,
53550,426,17.773085947503038,5.433258056640625,2.2214624881744385,0.15000000000000002,,
53658,427,-254.10690386625552,5.780047416687012,2.567013740539551,0.15000000000000002,,
53664,428,16.512404540111156,5.976506233215332,5.096386909484863,0.15000000000000002,,
53675,429,22.699839973567897,5.856618404388428,8.363582611083984,0.15000000000000002,,
53715,430,-105.32973020326187,4.824212074279785,2.0441181659698486,0.15000000000000002,,
53821,431,-28.736875483310605,5.354615211486816,0.9077726602554321,0.15000000000000002,,
53857,432,-49.5013257326463,5.488602161407471,3.043437957763672,0.15000000000000002,,
53909,433,-49.978767714193474,5.764596462249756,2.5128908157348633,0.15000000000000002,,
53976,434,-250.69456175473627,5.772704124450684,2.647800922393799,0.15000000000000002,,
54000,435,-41.857407660369304,5.138358116149902,1.7019623517990112,0.15000000000000002,-2.9640081432569763,0.6
54010,435,-23.15643021797645,5.541414260864258,4.623439788818359,0.15000000000000002,,
54019,436,17.422521611458386,6.052185535430908,6.309631824493408,0.15000000000000002,,
54033,437,-79.40561518241057,5.339951992034912,4.270099639892578,0.15000000000000002,,
54095,438,21.91389634125715,5.831978797912598,2.3192687034606934,0.15000000000000002,,
54131,439,21.98377191976912,5.225783824920654,4.525945663452148,0.15000000000000002,,
54148,440,20.50129985442924,5.167769432067871,3.0617809295654297,0.15000000000000002,,
54208,441,-1.414273931743141,5.0621819496154785,7.100868225097656,0.15000000000000002,,
54483,442,-71.41135093100834,5.722336769104004,4.773992538452148,0.15000000000000002,,
54500,443,20.218962402294757,5.778560161590576,4.014174938201904,0.15000000000000002,,
54507,444,18.729419217231452,5.76929235458374,1.6722519397735596,0.15000000000000002,,
54514,445,19.613364661873323,5.370326042175293,5.447681427001953,0.15000000000000002,,
54521,446,19.627748472344646,6.5776543617248535,6.246732711791992,0.15000000000000002,,
54793,447,-45.2521321361066,6.118940830230713,2.4067764282226562,0.15000000000000002,,
54875,448,-273.2793113903758,5.913814544677734,0.996956467628479,0.15000000000000002,,
54904,449,17.81370743119814,5.26002836227417,3.8846068382263184,0.15000000000000002,,
54961,450,-45.03435110223795,5.479925155639648,2.2586543560028076,0.15000000000000002,,
54963,451,15.698001569382033,5.204200744628906,2.5190374851226807,0.15000000000000002,,
54996,452,24.097722200193346,5.367301940917969,1.3134655952453613,0.15000000000000002,,
55012,453,25.512818863295756,5.479574203491211,4.590309143066406,0.15000000000000002,,
55365,454,-50.85180945234641,5.820468902587891,3.8192877769470215,0.15000000000000002,,
55591,455,-134.054803758222,5.288821220397949,3.7089719772338867,0.15000000000000002,,
55849,456,-440.9504811560138,5.804793357849121,2.4664502143859863,0.15000000000000002,,
55912,457,-94.68312159498296,5.270910739898682,2.930840015411377,0.15000000000000002,,
55944,458,-20.26184856251743,6.0048322677612305,0.7681454420089722,0.15000000000000002,,
56000,459,-60.53161679305351,5.6056413650512695,1.6852138042449951,0.15000000000000002,-493.6592875104223,0.4
56002,459,-44.90826212527803,5.663981914520264,3.034633159637451,0.15000000000000002,,
56022,460,3.471081880831429,5.688174247741699,4.980365753173828,0.15000000000000002,,
56148,461,14.664077571642483,5.677192687988281,3.115429401397705,0.15000000000000002,,
56199,462,-147.48196636517002,5.713035583496094,4.017179489135742,0.15000000000000002,,
56240,463,21.793357801300417,5.919384002685547,1.3347088098526,0.15000000000000002,,
56246,464,19.134129045469283,5.513645172119141,4.969412326812744,0.15000000000000002,,
56283,465,-100.19512256806482,5.039463996887207,2.7956442832946777,0.15000000000000002,,
56304,466,-227.42524477968703,5.9682817459106445,3.1391119956970215,0.15000000000000002,,
56332,467,-4.44409577688708,5.702602386474609,3.2687768936157227,0.15000000000000002,,
56366,468,27.793741136142344,6.191628456115723,0.8235407471656799,0.15000000000000002,,
56435,469,-78.39502639554787,5.362637042999268,4.849775314331055,0.15000000000000002,,
56715,470,-449.2945704951711,4.942596435546875,4.122148036956787,0.15000000000000002,,
56728,471,-8.000627006329408,5.906083106994629,1.9176852703094482,0.15000000000000002,,
56752,472,-20.294932259115,5.92230224609375,6.064451694488525,0.15000000000000002,,
56756,473,17.171475470574684,5.272751331329346,2.539778709411621,0.15000000000000002,,
56761,474,17.82958751864732,5.933829307556152,4.173084735870361,0.15000000000000002,,
56803,475,25.321995080655437,5.510399341583252,3.991684913635254,0.15000000000000002,,
57112,476,-469.72627098427495,5.264147758483887,3.4087517261505127,0.15000000000000002,,
57182,477,-500.65129459123517,5.819276332855225,1.85016667842865,0.15000000000000002,,
57203,478,-22.063136317368592,5.803404331207275,3.323282480239868,0.15000000000000002,,
57428,479,-1141.5710205068283,5.459571838378906,3.853163719177246,0.15000000000000002,,
57696,480,-1223.1789131684916,5.763655185699463,4.2279157638549805,0.15000000000000002,,
57727,481,23.604369101896978,5.969476222991943,3.584218740463257,0.15000000000000002,,
58000,482,-50.48636833950965,5.664816856384277,3.196192741394043,0.15000000000000002,-538.2572330766002,0.4
58004,482,-101.05743974854661,5.577659606933594,1.697960376739502,0.15000000000000002,,
58038,483,21.30460612209083,5.557923316955566,3.31527042388916,0.15000000000000002,,
58323,484,-273.1639126330745,5.498574256896973,1.632681131362915,0.15000000000000002,,
58361,485,25.496018520431726,5.399946212768555,5.204729080200195,0.15000000000000002,,
58432,486,-24.169493753186316,5.400528430938721,3.5677993297576904,0.15000000000000002,,
58451,487,17.935758523683397,6.066744804382324,3.402900457382202,0.15000000000000002,,
58570,488,-306.45034791122765,5.841685771942139,5.463785648345947,0.15000000000000002,,
58601,489,29.711758103811484,5.538620948791504,2.949127435684204,0.15000000000000002,,
58629,490,20.532626197490064,5.539963245391846,1.6754424571990967,0.15000000000000002,,
58668,491,-4.950519795590006,5.790121078491211,3.145937919616699,0.15000000000000002,,
58692,492,20.557317062243655,5.700203895568848,4.299578666687012,0.15000000000000002,,
58737,493,-46.24816017507709,5.213122367858887,5.454984664916992,0.15000000000000002,,
58750,494,22.908307388205802,6.724749565124512,4.536958694458008,0.15000000000000002,,
58775,495,21.58061050410443,5.860915184020996,1.4863184690475464,0.15000000000000002,,
58827,496,-774.0768292577409,6.131264686584473,5.339298725128174,0.15000000000000002,,
58890,497,26.081702267290233,6.085485458374023,5.598550796508789,0.15000000000000002,,
58942,498,1.2604469225927435,5.770090103149414,3.6276423931121826,0.15000000000000002,,
58986,499,-162.1157450164314,5.3672404289245605,4.362177848815918,0.15000000000000002,,
58995,500,17.174275250438793,6.127098083496094,3.2848358154296875,0.15000000000000002,,
59207,501,-154.41087660474167,5.7194623947143555,1.8147077560424805,0.15000000000000002,,
59236,502,-53.654465498977196,5.442568778991699,2.0882694721221924,0.15000000000000002,,
59479,503,-1105.7994408314726,4.8102617263793945,2.6317331790924072,0.15000000000000002,,
59514,504,-46.594997338981685,5.392866611480713,3.9153361320495605,0.15000000000000002,,
59545,505,-95.197262928706,5.390589714050293,2.805325746536255,0.15000000000000002,,
59616,506,-327.2588720611764,5.251864433288574,3.3487892150878906,0.15000000000000002,,
59646,507,23.273066104167704,6.089544296264648,2.92887806892395,0.15000000000000002,,
59710,508,-354.2905217942865,5.491700649261475,1.7188793420791626,0.15000000000000002,,
59749,509,-71.962311001699,4.878626346588135,2.34255313873291,0.15000000000000002,,
59766,510,26.82395267080976,6.002766132354736,7.181474208831787,0.15000000000000002,,
59788,511,-30.426159145268016,5.766582489013672,5.089927673339844,0.15000000000000002,,
60000,512,-130.2780605512356,5.433074474334717,3.0552425384521484,0.15000000000000002,-1420.9028243124953,0.0
60030,512,-205.4421594256531,5.939853191375732,2.2994275093078613,0.15000000000000002,,
60251,513,-1080.7231808406384,5.789179801940918,2.3201591968536377,0.15000000000000002,,
60263,514,20.22011266987067,5.460388660430908,4.572024345397949,0.15000000000000002,,
60507,515,-731.6762213872073,5.991503715515137,4.447752475738525,0.15000000000000002,,
60728,516,-475.24944834489236,6.279853820800781,2.5221848487854004,0.15000000000000002,,
60739,517,18.04013769250502,6.429734706878662,6.5009074211120605,0.15000000000000002,,
60958,518,-1001.9702871847438,5.588809490203857,3.476820945739746,0.15000000000000002,,
61205,519,-404.63308140850773,6.005878925323486,4.549014091491699,0.15000000000000002,,
61402,520,-1225.1158959221912,5.426795482635498,0.9461590647697449,0.15000000000000002,,
61420,521,-8.606483941654194,6.3856520652771,2.1957333087921143,0.15000000000000002,,
61681,522,-477.06945488432507,5.753599166870117,1.112971305847168,0.15000000000000002,,
61921,523,-673.0555678257742,6.351766109466553,3.132704257965088,0.15000000000000002,,
62000,524,-214.83594302651554,6.519856929779053,0.8627084493637085,0.15000000000000002,-1425.9767699739077,0.2
62106,524,-992.114299350608,6.2079854011535645,3.23757266998291,0.15000000000000002,,
62149,525,-4.187709865758817,5.345314979553223,4.544053077697754,0.15000000000000002,,
62162,526,18.870694288829096,5.890817642211914,3.8194756507873535,0.15000000000000002,,
62236,527,-99.16011000294195,6.570913791656494,4.670202255249023,0.15000000000000002,,
62287,528,-229.64489092940485,6.964009761810303,2.069431781768799,0.15000000000000002,,
62312,529,29.91701892273091,6.281922340393066,2.7466254234313965,0.15000000000000002,,
62356,530,27.182425557446297,6.125949382781982,5.165307998657227,0.15000000000000002,,
62392,531,1.805154040261442,5.326239109039307,5.373341083526611,0.15000000000000002,,
62726,532,-44.069655506060585,6.348509788513184,4.528250694274902,0.15000000000000002,,
62731,533,15.858755320364681,5.798155307769775,3.15240478515625,0.15000000000000002,,
63047,534,-724.014829106687,6.462463855743408,5.123696804046631,0.15000000000000002,,
63064,535,-128.64736775013588,6.010316371917725,3.442209243774414,0.15000000000000002,,
63396,536,-96.01947872378294,5.60274600982666,3.2145791053771973,0.15000000000000002,,
63467,537,-41.76066250810345,6.264480113983154,4.873186111450195,0.15000000000000002,,
63576,538,-94.97628371335678,6.2571916580200195,1.6010394096374512,0.15000000000000002,,
63695,539,-274.0272748990874,6.5251922607421875,6.326224327087402,0.15000000000000002,,
63719,540,28.189598307387218,6.194476127624512,2.915619373321533,0.15000000000000002,,
63877,541,-143.3842542432539,6.458213806152344,4.148423194885254,0.15000000000000002,,
63956,542,-67.34912666890969,6.1597089767456055,3.7361035346984863,0.15000000000000002,,
63990,543,-74.03124958260433,5.513228893280029,1.5838005542755127,0.15000000000000002,,
64000,544,3.2064191324723383,6.982849597930908,4.887775421142578,0.15000000000000002,-2614.4445602426003,0.4
64035,544,27.46823772527885,5.651686191558838,3.3982930183410645,0.15000000000000002,,
64066,545,-4.238414409879708,6.125399589538574,5.215978145599365,0.15000000000000002,,
64156,546,-99.89446854900673,5.52318000793457,1.684062123298645,0.15000000000000002,,
64262,547,-1026.3833126207676,6.674630641937256,1.6430177688598633,0.15000000000000002,,
64265,548,15.83817569128799,6.092623710632324,2.064862012863159,0.15000000000000002,,
64377,549,-601.0020873063328,6.072850227355957,4.789678573608398,0.15000000000000002,,
64441,550,28.405364232307345,6.159626007080078,4.2056379318237305,0.15000000000000002,,
64443,551,15.474589551321557,5.976124286651611,4.6363677978515625,0.15000000000000002,,
64476,552,-246.65862707598845,6.999404430389404,5.844697952270508,0.15000000000000002,,
64555,553,-20.894010339186853,5.707200050354004,6.968664169311523,0.15000000000000002,,
64685,554,13.626179912876452,6.777763843536377,1.237851619720459,0.15000000000000002,,
64902,555,-1593.435825966757,6.758291244506836,5.422618389129639,0.15000000000000002,,
64966,556,28.095806107043725,6.187278747558594,1.5255153179168701,0.15000000000000002,,
64983,557,24.255108631081306,6.012112617492676,2.887408494949341,0.15000000000000002,,
64999,558,26.446402428169534,6.66940975189209,3.304138660430908,0.15000000000000002,,
65023,559,23.250521051441176,6.524306774139404,1.6637753248214722,0.15000000000000002,,
65109,560,-70.04593707478028,6.285092353820801,6.083634376525879,0.15000000000000002,,
65123,561,-28.904538024981044,5.06830358505249,2.1454110145568848,0.15000000000000002,,
65153,562,30.378156129728318,6.9144134521484375,4.794800758361816,0.15000000000000002,,
65227,563,-377.53084354024446,6.076055526733398,3.6371612548828125,0.15000000000000002,,
65323,564,-123.19316469531935,7.0205817222595215,3.609278678894043,0.15000000000000002,,
65387,565,-3.6754009348392884,6.516747951507568,2.863030433654785,0.15000000000000002,,
65419,566,-74.44593493127266,6.298627853393555,3.3822243213653564,0.15000000000000002,,
65450,567,26.174318640035118,6.209469318389893,5.273138046264648,0.15000000000000002,,
65473,568,-1.5133332848689403,6.534109115600586,3.5969150066375732,0.15000000000000002,,
65484,569,20.65665570659403,5.363592147827148,3.966309070587158,0.15000000000000002,,
65513,570,18.441680592556533,5.309474945068359,3.140378475189209,0.15000000000000002,,
65569,571,-417.8591871958308,6.193671703338623,6.386012077331543,0.15000000000000002,,
65596,572,0.12507101580194835,5.1596360206604,1.639411211013794,0.15000000000000002,,
65694,573,-5.853491051023612,6.212014198303223,3.943039894104004,0.15000000000000002,,
65738,574,-44.72664636627399,5.893003940582275,5.380002021789551,0.15000000000000002,,
65797,575,10.622461541832159,6.148283004760742,1.7313523292541504,0.15000000000000002,,
65828,576,29.316577771614483,5.658843040466309,6.863534927368164,0.15000000000000002,,
65870,577,28.574122409261037,5.548825263977051,3.2508888244628906,0.15000000000000002,,
66000,578,-240.03588052674695,6.4708452224731445,6.487339973449707,0.15000000000000002,-934.4159950264345,0.6
66001,578,-224.3622338329605,6.4708452224731445,3.7362945079803467,0.15000000000000002,,
66019,579,-3.27529587264109,6.366555213928223,3.8019862174987793,0.15000000000000002,,
66062,580,-2.245521849821518,6.3312087059021,2.0121560096740723,0.15000000000000002,,
66092,581,-57.97363413977104,5.595941066741943,3.2216484546661377,0.15000000000000002,,
66096,582,17.579430190166455,5.681564807891846,4.214050769805908,0.15000000000000002,,
66155,583,28.836762846390297,6.137817859649658,5.379006385803223,0.15000000000000002,,
66164,584,-3.46537922500025,6.468892574310303,4.465572357177734,0.15000000000000002,,
66179,585,22.572840700119805,5.796436786651611,2.5188658237457275,0.15000000000000002,,
66199,586,-51.45154923296302,6.020227909088135,3.9105563163757324,0.15000000000000002,,
66324,587,-5.17142389853367,6.920581817626953,6.106498718261719,0.15000000000000002,,
66354,588,26.02071047352539,5.660192012786865,5.617131233215332,0.15000000000000002,,
66369,589,-207.54324958340277,5.672685623168945,1.7407312393188477,0.15000000000000002,,
66404,590,-149.57229562799807,6.348737716674805,3.310108184814453,0.15000000000000002,,
66501,591,-21.981583620130067,6.422065734863281,3.3137764930725098,0.15000000000000002,,
66616,592,-325.9699702829848,6.686480522155762,4.109872341156006,0.15000000000000002,,
66650,593,27.7148300777926,6.167728900909424,1.8812305927276611,0.15000000000000002,,
66670,594,26.241004408706793,5.476860046386719,5.575932025909424,0.15000000000000002,,
66699,595,25.262897759583414,6.699129581451416,3.531080961227417,0.15000000000000002,,
66725,596,7.394991533975423,5.313910484313965,2.3221054077148438,0.15000000000000002,,
67093,597,-1007.4632976426898,6.466349124908447,4.396374702453613,0.15000000000000002,,
67164,598,-56.12695282582892,6.605955123901367,3.067450523376465,0.15000000000000002,,
67209,599,-200.10889347555903,6.3803253173828125,2.6588737964630127,0.15000000000000002,,
67231,600,31.337285890438714,6.436117172241211,4.438495635986328,0.15000000000000002,,
67248,601,25.055400099127233,5.749806880950928,5.63908576965332,0.15000000000000002,,
67264,602,20.579866871453653,6.059161186218262,2.1085081100463867,0.15000000000000002,,
67289,603,-224.5227901198211,6.215843200683594,2.434433937072754,0.15000000000000002,,
67302,604,19.10355874403923,6.181575775146484,3.888087272644043,0.15000000000000002,,
67327,605,30.714793745907997,6.081362724304199,4.125093936920166,0.15000000000000002,,
67466,606,-250.31075002903162,6.144803047180176,2.3802196979522705,0.15000000000000002,,
67490,607,-45.867389667580035,6.2768025398254395,5.282600402832031,0.15000000000000002,,
67527,608,19.958798139439804,7.336499214172363,5.763557434082031,0.15000000000000002,,
67560,609,25.976229199048262,5.779265403747559,3.009547710418701,0.15000000000000002,,
67572,610,16.3586329486127,6.141963481903076,5.307347297668457,0.15000000000000002,,
67644,611,9.070992584388273,6.028107166290283,3.7681772708892822,0.15000000000000002,,
67706,612,18.26039158928959,6.644278526306152,8.12728500366211,0.15000000000000002,,
67767,613,27.251296134437073,5.938305854797363,1.6784639358520508,0.15000000000000002,,
67793,614,22.95804426129888,6.418251991271973,2.3171067237854004,0.15000000000000002,,
67857,615,-103.23188333918819,6.306901931762695,5.830318927764893,0.15000000000000002,,
68000,616,-1049.9737919965582,6.342230319976807,5.0606818199157715,0.15000000000000002,-1401.8668086800585,0.4
68186,616,-1058.6153144142684,6.296746730804443,4.040803909301758,0.15000000000000002,,
68210,617,-1.0321570345173203,6.424528121948242,3.7619123458862305,0.15000000000000002,,
68324,618,5.420681639158364,6.012803077697754,1.5759598016738892,0.15000000000000002,,
68347,619,21.079672388545536,6.771154403686523,1.659404993057251,0.15000000000000002,,
68382,620,-75.96149338789273,6.249527931213379,3.246267795562744,0.15000000000000002,,
68393,621,-2.984247777570978,6.5704755783081055,2.2982535362243652,0.15000000000000002,,
68410,622,-55.21098714553413,7.350987911224365,5.464200019836426,0.15000000000000002,,
68428,623,-203.44680653390395,6.575969696044922,2.271692991256714,0.15000000000000002,,
68563,624,-147.41527557895955,6.377558708190918,3.499177932739258,0.15000000000000002,,
68577,625,22.74518799794081,6.462340354919434,4.9377875328063965,0.15000000000000002,,
68654,626,23.66343123377799,6.126521587371826,2.7318115234375,0.15000000000000002,,
68665,627,16.58589171585852,6.159686088562012,3.5107364654541016,0.15000000000000002,,
68768,628,-75.20300192746446,6.013760566711426,3.7956082820892334,0.15000000000000002,,
68801,629,17.63584732571967,6.767442226409912,4.567594051361084,0.15000000000000002,,
68818,630,19.041432998996047,6.193119049072266,4.151977062225342,0.15000000000000002,,
68843,631,-48.30673612875694,6.331643581390381,5.000912189483643,0.15000000000000002,,
68998,632,-118.59036864820399,6.113552570343018,2.4293172359466553,0.15000000000000002,,
69106,633,-246.41266330631075,6.490270137786865,0.9584357738494873,0.15000000000000002,,
69139,634,-194.07123802626958,5.770927429199219,3.9833953380584717,0.15000000000000002,,
69279,635,-1048.4761236447052,5.88251256942749,2.582942008972168,0.15000000000000002,,
69288,636,17.494184660439508,6.750889778137207,7.362792015075684,0.15000000000000002,,
69685,637,-118.35926854066912,6.564365386962891,4.416696548461914,0.15000000000000002,,
69792,638,21.48967356753245,5.474667549133301,4.238681316375732,0.15000000000000002,,
69803,639,20.894228458843497,6.749505043029785,3.6075034141540527,0.15000000000000002,,
69851,640,14.740234941928014,5.735814571380615,3.1487698554992676,0.15000000000000002,,
69872,641,-0.5699202607390923,6.712696075439453,0.9297255277633667,0.15000000000000002,,
69972,642,-223.72411919775197,5.601988792419434,2.1643857955932617,0.15000000000000002,,
69984,643,23.408247522358703,6.00186824798584,4.854805946350098,0.15000000000000002,,
70000,644,2.2130380860231647,6.838584899902344,2.396409034729004,0.15000000000000002,-1893.8143622681557,0.4
70008,644,18.39169695133854,6.37105655670166,7.049502372741699,0.15000000000000002,,
70060,645,-142.34909951189817,6.192216396331787,2.2506027221679688,0.15000000000000002,,
70143,646,-44.887881413046166,6.461328029632568,6.37286376953125,0.15000000000000002,,
70247,647,-94.56385175633757,6.286455154418945,3.484149217605591,0.15000000000000002,,
70284,648,-0.3098893883016842,6.629604816436768,7.043333053588867,0.15000000000000002,,
70305,649,2.922340022791621,6.346334934234619,1.7144412994384766,0.15000000000000002,,
70360,650,-144.5524405871784,6.12177038192749,2.861790657043457,0.15000000000000002,,
70378,651,-131.7001614142148,6.319220542907715,4.860258102416992,0.15000000000000002,,
70502,652,-470.6384269702858,5.9039106369018555,3.8430449962615967,0.15000000000000002,,
70533,653,8.840307925089173,6.8043718338012695,5.850175380706787,0.15000000000000002,,
70582,654,5.483080044646007,6.191699981689453,4.138542175292969,0.15000000000000002,,
70710,655,34.575199148622886,6.578822612762451,5.190728187561035,0.15000000000000002,,
70741,656,-248.72454670113774,6.865218639373779,6.514704704284668,0.15000000000000002,,
70789,657,24.840868242328504,7.214395523071289,5.020204067230225,0.15000000000000002,,
70821,658,27.75479330949376,5.982054233551025,2.339510440826416,0.15000000000000002,,
70882,659,-18.36902850971434,5.964773178100586,3.1778814792633057,0.15000000000000002,,
70895,660,24.496463941513536,5.6343889236450195,4.6666646003723145,0.15000000000000002,,
71229,661,-900.3046995893641,6.471749305725098,3.17842698097229,0.15000000000000002,,
71287,662,-26.295137934985657,5.7239837646484375,3.1013190746307373,0.15000000000000002,,
71298,663,-6.400129406069643,6.560627460479736,2.20505690574646,0.15000000000000002,,
71305,664,18.08151055335604,6.387822151184082,5.535118579864502,0.15000000000000002,,
71317,665,17.238711020371166,5.795150279998779,0.5132050514221191,0.15000000000000002,,
71384,666,-45.676659550488615,5.787378311157227,1.7156691551208496,0.15000000000000002,,
71438,667,-78.80790625817174,6.118221759796143,2.599395275115967,0.15000000000000002,,
71472,668,1.9115741297580087,6.157649040222168,3.71475887298584,0.15000000000000002,,
71497,669,3.700553528839544,6.830918312072754,4.145691871643066,0.15000000000000002,,
71499,670,15.838029238225007,6.300661563873291,1.9043583869934082,0.15000000000000002,,
71550,671,21.96999830807203,6.433798789978027,5.132135391235352,0.15000000000000002,,
71582,672,-381.5334293073206,6.817612648010254,3.3744373321533203,0.15000000000000002,,
71684,673,27.825504289115333,6.9406023025512695,3.197850227355957,0.15000000000000002,,
71693,674,17.984535958384505,5.949929714202881,3.498386859893799,0.15000000000000002,,
71746,675,25.86174345996608,7.208348274230957,2.8223414421081543,0.15000000000000002,,
71798,676,-70.88133265442534,5.75494384765625,6.292728424072266,0.15000000000000002,,
71820,677,25.94922861678962,6.2863593101501465,3.6916520595550537,0.15000000000000002,,
71826,678,15.920820332275994,6.463490009307861,3.5155386924743652,0.15000000000000002,,
71883,679,-43.76723925225585,6.554953575134277,7.309211254119873,0.15000000000000002,,
71904,680,21.98955519648017,6.412013053894043,3.4448251724243164,0.15000000000000002,,
71974,681,-120.22005622732534,7.138266563415527,1.4616799354553223,0.15000000000000002,,
72000,682,-68.36832408242816,7.356379508972168,5.58437442779541,0.15000000000000002,-791.6152680005537,0.4
72096,682,-49.637658127489196,5.939979076385498,3.2132062911987305,0.15000000000000002,,
72105,683,22.181317019651075,6.2612738609313965,2.7913851737976074,0.15000000000000002,,
72151,684,-76.71770852592479,6.130023002624512,2.528400421142578,0.15000000000000002,,
72235,685,-14.025225940940349,6.974503993988037,1.5993473529815674,0.15000000000000002,,
72290,686,-648.6500158813674,6.291980266571045,3.29492449760437,0.15000000000000002,,
72337,687,-23.240160025946526,6.493137836456299,2.740078926086426,0.15000000000000002,,
72488,688,-1722.8049287331207,5.846902847290039,3.919119358062744,0.15000000000000002,,
72503,689,17.99885303489381,7.085484504699707,2.4780547618865967,0.15000000000000002,,
72559,690,-73.48732946089783,6.159659385681152,3.5231828689575195,0.15000000000000002,,
72690,691,-619.0851994982428,6.48347282409668,3.3289546966552734,0.15000000000000002,,
72810,692,26.267497747384013,7.4430389404296875,3.1726346015930176,0.15000000000000002,,
72885,693,24.005479156715204,6.836114883422852,6.468952655792236,0.15000000000000002,,
72927,694,28.310280895095637,6.733246326446533,5.423600673675537,0.15000000000000002,,
73025,695,-27.072976094779648,6.344293117523193,4.515509605407715,0.15000000000000002,,
73136,696,26.30845796603153,5.274168968200684,4.83175802230835,0.15000000000000002,,
73170,697,31.737722643498003,7.291568756103516,5.846799850463867,0.15000000000000002,,
73199,698,-7.319566276653873,6.659220218658447,4.2237701416015625,0.15000000000000002,,
73237,699,-2.3912965976349803,5.793436050415039,4.658377170562744,0.15000000000000002,,
73276,700,-23.44428902591336,6.580976963043213,0.9167722463607788,0.15000000000000002,,
73390,701,-2402.0347203007946,6.506173610687256,3.625025987625122,0.15000000000000002,,
73417,702,-100.77440809080078,5.802957534790039,4.082218647003174,0.15000000000000002,,
73418,703,15.930238994155928,6.466655731201172,4.906871795654297,0.15000000000000002,,
73541,704,24.505887665911935,6.741941452026367,4.665019512176514,0.15000000000000002,,
73547,705,18.001773453302746,6.649223327636719,2.585216522216797,0.15000000000000002,,
73560,706,19.812951909866026,6.676288604736328,4.2644243240356445,0.15000000000000002,,
73588,707,23.05157192922497,6.783700942993164,4.82215690612793,0.15000000000000002,,
73614,708,24.322646019866546,6.2512993812561035,2.0761313438415527,0.15000000000000002,,
73647,709,0.9630847759428445,6.353541374206543,3.2418160438537598,0.15000000000000002,,
73712,710,0.5740481151478924,8.006484031677246,5.113121032714844,0.15000000000000002,,
73808,711,-26.192326784197462,6.51493501663208,6.576974391937256,0.15000000000000002,,
73812,712,16.751557597236655,6.565447807312012,5.216897010803223,0.15000000000000002,,
74000,713,12.984500875623453,6.602663993835449,4.251043319702148,0.15000000000000002,-578.7138119262847,0.6
74152,713,-35.99812787371292,6.283919811248779,2.6046762466430664,0.15000000000000002,,
74158,714,19.499228327912814,5.651035308837891,2.4555013179779053,0.15000000000000002,,
74609,715,-4828.6087243020565,7.07009220123291,4.999690055847168,0.15000000000000002,,
74631,716,22.574128129685064,6.526579856872559,4.044008255004883,0.15000000000000002,,
74696,717,25.661574004126,7.1581220626831055,3.5405259132385254,0.15000000000000002,,
74722,718,23.90576693947797,6.841605186462402,4.445215225219727,0.15000000000000002,,
74732,719,19.432599795612926,5.260561466217041,4.0275983810424805,0.15000000000000002,,
74794,720,25.81127882287388,7.559338092803955,3.712752342224121,0.15000000000000002,,
74948,721,0.5194916096303022,7.341064929962158,5.294583320617676,0.15000000000000002,,
74981,722,-100.90779165569263,6.984149932861328,4.1229329109191895,0.15000000000000002,,
75361,723,-1315.811182155532,6.653610706329346,5.0487871170043945,0.15000000000000002,,
75379,724,29.846748311136366,6.916546821594238,7.103096961975098,0.15000000000000002,,
75418,725,-35.05334749653803,6.564650058746338,2.618220806121826,0.15000000000000002,,
75430,726,23.160977882122378,7.385622024536133,3.1625256538391113,0.15000000000000002,,
75573,727,-19.097761350292657,6.31714391708374,2.038853883743286,0.15000000000000002,,
75629,728,5.613831430663035,7.97141170501709,6.400591850280762,0.15000000000000002,,
75641,729,19.46475133841095,7.223869323730469,3.672229051589966,0.15000000000000002,,
75946,730,-123.74973796174504,7.908552646636963,3.219463348388672,0.15000000000000002,,
76000,731,-15.340235314644069,7.075860500335693,7.868325233459473,0.15000000000000002,-1482.0807764223825,0.0
76278,731,-595.5339598774463,6.158688068389893,4.294288635253906,0.15000000000000002,,
76297,732,-227.76258084925834,6.647551536560059,5.002025604248047,0.15000000000000002,,
76303,733,18.672851036836384,6.718614101409912,5.555233955383301,0.15000000000000002,,
76384,734,-301.1694768347326,6.905338287353516,2.877425193786621,0.15000000000000002,,
76397,735,18.47098462051121,7.244389057159424,9.080657958984375,0.15000000000000002,,
76428,736,-45.45385750139436,7.544843673706055,3.309619665145874,0.15000000000000002,,
76442,737,22.376417491245352,6.740077018737793,4.103662967681885,0.15000000000000002,,
76753,738,-49.62318582520692,7.579710483551025,6.761548042297363,0.15000000000000002,,
76770,739,-55.45239948117707,7.712350845336914,6.134942054748535,0.15000000000000002,,
77073,740,-48.66659631735816,7.198613166809082,3.2175581455230713,0.15000000000000002,,
77199,741,-744.0424557816107,7.0398359298706055,5.843987464904785,0.15000000000000002,,
77223,742,-30.399434805161942,7.801324844360352,2.2953035831451416,0.15000000000000002,,
77255,743,-77.02230796753356,7.24257230758667,1.587186574935913,0.15000000000000002,,
77740,744,-126.3586689523288,6.533397674560547,3.378483772277832,0.15000000000000002,,
77774,745,29.058840650569508,7.441174507141113,2.1601386070251465,0.15000000000000002,,
78000,746,-92.55592047063156,7.134603500366211,1.0520274639129639,0.15000000000000002,-774.3795528537054,0.2
78040,746,-77.6598839672179,7.769278049468994,0.6389906406402588,0.15000000000000002,,
78476,747,-304.0140647567945,7.0720086097717285,1.7978236675262451,0.15000000000000002,,
78875,748,-98.8657930572931,7.56810188293457,3.2809362411499023,0.15000000000000002,,
78908,749,32.16152360322313,7.254596710205078,2.063262462615967,0.15000000000000002,,
78926,750,19.672232598360594,7.67614221572876,3.2001261711120605,0.15000000000000002,,
79007,751,26.709501580513965,7.178219318389893,6.853877067565918,0.15000000000000002,,
79059,752,-224.40495662936993,7.568675518035889,5.732658386230469,0.15000000000000002,,
79085,753,22.416682143729613,7.4979987144470215,0.5996843576431274,0.15000000000000002,,
79237,754,32.123918976751106,7.654299736022949,4.169094085693359,0.15000000000000002,,
79630,755,-251.31296973396795,8.05458927154541,4.101335525512695,0.15000000000000002,,
79637,756,-6.152747260030697,7.675428867340088,4.677501201629639,0.15000000000000002,,
79653,757,16.057512534989147,7.526154518127441,4.025309085845947,0.15000000000000002,,
79690,758,-45.81297397689511,7.180636405944824,5.579205513000488,0.15000000000000002,,
79774,759,-199.61073748513215,7.61722993850708,4.754912853240967,0.15000000000000002,,
79779,760,-9.35138460082313,7.348479270935059,5.536127090454102,0.15000000000000002,,
79856,761,-170.82974923741932,7.757735252380371,1.025139570236206,0.15000000000000002,,
80000,762,2.355429837231682,7.7329535484313965,5.807914733886719,0.15000000000000002,-1129.4841813598487,0.6
