step,episode,return,loss,epsilon,eval_cost_per_order
86,0,-122.73600000000008,14.744661331176758,0.999183,nan
177,1,-111.36799999999997,14.94717788696289,0.9983185,nan
273,2,27.154999999999816,10.333725929260254,0.9974065,nan
369,3,-386.80199999999996,9.87726879119873,0.9964945,nan
438,4,-152.36400000000015,11.883402824401855,0.995839,nan
546,5,-872.5049999999999,17.083467483520508,0.994813,nan
624,6,-166.70699999999997,10.100232124328613,0.994072,nan
732,7,213.38799999999998,11.911596298217773,0.993046,nan
804,8,-87.25100000000018,12.80419921875,0.992362,nan
916,9,-30.371000000000066,9.986787796020508,0.991298,nan
977,10,-54.27200000000009,7.6287841796875,0.9907185000000001,nan
1051,11,-489.44300000000004,8.598875045776367,0.9900155,nan
1155,12,46.236999999999824,15.312238693237305,0.9890275,nan
1235,13,-492.46600000000007,8.693598747253418,0.9882675,nan
1297,14,-240.003,10.945429801940918,0.9876785,nan
1355,15,-215.09699999999992,7.3850884437561035,0.9871275,nan
1428,16,56.4200000000001,6.462093830108643,0.986434,nan
1521,17,-101.04300000000003,11.323062896728516,0.9855505,nan
1575,18,-194.23100000000008,13.999268531799316,0.9850375,nan
1662,19,-435.04300000000035,9.44020938873291,0.984211,nan
1733,20,-356.22999999999996,12.871047019958496,0.9835365,nan
1799,21,-160.20899999999995,14.886658668518066,0.9829095,nan
1869,22,-177.5689999999999,12.107755661010742,0.9822445,nan
1937,23,40.804999999999964,10.136438369750977,0.9815985,nan
2021,24,-1178.7609999999997,13.10081958770752,0.9808005,nan
2100,25,-919.182,15.423567771911621,0.98005,nan
2169,26,-111.31099999999994,9.509571075439453,0.9793945,nan
2264,27,2.3779999999998935,12.693557739257812,0.978492,nan
2325,28,-132.228,9.507732391357422,0.9779125,nan
2390,29,-430.8430000000001,14.295252799987793,0.977295,nan
2483,30,56.09800000000012,10.55868148803711,0.9764115,nan
2549,31,-775.326,8.376080513000488,0.9757845,nan
2600,32,-493.03799999999995,12.701233863830566,0.9753000000000001,nan
2697,33,-131.59000000000003,11.750271797180176,0.9743785,nan
2789,34,-342.059,5.765889644622803,0.9735045,nan
2866,35,-309.884,6.556861400604248,0.972773,nan
2971,36,-136.2439999999998,9.240068435668945,0.9717755,nan
3017,37,-435.303,11.628110885620117,0.9713385,nan
3067,38,-512.554,14.495672225952148,0.9708635,nan
3147,39,-12.656000000000105,13.30927848815918,0.9701035,nan
3211,40,-76.98099999999998,8.907230377197266,0.9694955,nan
3270,41,-640.24,10.815666198730469,0.968935,nan
3324,42,-244.17600000000002,10.04863166809082,0.968422,nan
3446,43,285.1449999999999,10.657829284667969,0.967263,nan
3534,44,-192.64800000000002,13.30327320098877,0.966427,nan
3622,45,1.52900000000011,10.116267204284668,0.965591,nan
3681,46,-505.59400000000005,9.03067684173584,0.9650305,nan
3746,47,-295.47699999999986,19.214157104492188,0.964413,nan
3820,48,-182.74699999999996,10.24336051940918,0.96371,nan
3877,49,-90.41300000000001,9.525383949279785,0.9631685,nan
3949,50,-134.48100000000005,16.825780868530273,0.9624845,nan
4049,51,-275.5469999999998,8.859193801879883,0.9615345,nan
4109,52,-226.36799999999997,9.682393074035645,0.9609645,nan
4160,53,-149.53200000000004,14.47633171081543,0.96048,nan
4264,54,118.72499999999992,11.96137523651123,0.959492,nan
4333,55,-895.992,9.649740219116211,0.9588365,nan
4400,56,-178.43199999999996,6.942132949829102,0.9582,nan
4465,57,-258.35699999999997,7.630870819091797,0.9575825,nan
4552,58,-507.0680000000001,8.811785697937012,0.956756,nan
4662,59,278.4659999999999,6.9629411697387695,0.955711,nan
4729,60,-137.3039999999999,14.125374794006348,0.9550745,nan
4784,61,-198.75799999999992,8.394441604614258,0.954552,nan
4841,62,-251.60100000000006,11.118395805358887,0.9540105,nan
4917,63,-145.74300000000002,13.496475219726562,0.9532885,nan
4992,64,11.174999999999834,11.808259010314941,0.952576,nan
5056,65,-282.19599999999997,5.570034027099609,0.951968,nan
5157,66,-44.480000000000004,12.481056213378906,0.9510085,nan
5242,67,-77.029,13.234441757202148,0.950201,nan
5339,68,-155.0599999999998,8.92917537689209,0.9492795,nan
5422,69,152.01399999999992,6.602453708648682,0.948491,nan
5486,70,-463.155,10.680703163146973,0.947883,nan
5551,71,-512.8340000000001,14.31977653503418,0.9472655,nan
5617,72,-101.04000000000009,14.401701927185059,0.9466385,nan
5714,73,-750.928,13.936424255371094,0.945717,nan
5785,74,-401.74700000000007,6.302883625030518,0.9450425,nan
5848,75,-268.601,10.608375549316406,0.9444440000000001,nan
5907,76,-676.457,10.064414024353027,0.9438835,nan
5977,77,-358.957,13.099040031433105,0.9432185,nan
6042,78,33.416000000000025,12.058769226074219,0.942601,nan
6100,79,-313.4129999999999,11.915664672851562,0.94205,nan
6166,80,-825.418,9.812732696533203,0.941423,nan
6229,81,-176.39200000000002,20.671106338500977,0.9408245,nan
6284,82,-120.10100000000006,12.943058967590332,0.940302,nan
6348,83,-575.939,9.11131477355957,0.939694,nan
6405,84,-140.44500000000002,12.41619873046875,0.9391525000000001,nan
6492,85,-360.63599999999997,7.737098693847656,0.938326,nan
6572,86,-525.352,10.045493125915527,0.937566,nan
6641,87,-287.78700000000003,9.958229064941406,0.9369105,nan
6687,88,-138.667,16.31458282470703,0.9364735,nan
6781,89,-138.55399999999997,7.975964069366455,0.9355805,nan
6853,90,-255.17500000000004,10.98314094543457,0.9348965,nan
6899,91,-78.42800000000008,10.927268981933594,0.9344595,nan
6964,92,-152.67999999999995,9.475401878356934,0.9338420000000001,nan
7036,93,-191.11499999999995,6.147493362426758,0.933158,nan
7106,94,-243.19799999999992,4.468101501464844,0.932493,nan
7186,95,-348.612,12.881902694702148,0.931733,nan
7264,96,-576.603,11.577033996582031,0.930992,nan
7372,97,207.21400000000037,9.860994338989258,0.9299660000000001,nan
7440,98,-467.01500000000004,10.23352336883545,0.92932,nan
7498,99,-127.51999999999998,8.83576488494873,0.928769,nan
7556,100,-165.31799999999996,10.741950035095215,0.928218,nan
7610,101,-762.2840000000001,15.954551696777344,0.927705,nan
7704,102,-58.38400000000013,23.01702880859375,0.926812,nan
7767,103,-62.48100000000005,12.747525215148926,0.9262135,nan
7844,104,-153.34800000000016,10.69754695892334,0.925482,nan
7919,105,-7.80999999999986,8.390798568725586,0.9247695,nan
8020,106,-238.30999999999992,13.219160079956055,0.92381,nan
8083,107,-131.1630000000001,9.247011184692383,0.9232115,nan
8187,108,-10.735,12.539741516113281,0.9222235,nan
8261,109,-211.97900000000004,12.946541786193848,0.9215205,nan
8329,110,-386.068,8.26327896118164,0.9208745,nan
8400,111,-69.221,10.72990608215332,0.9202,nan
8454,112,-130.06800000000007,8.078596115112305,0.919687,nan
8548,113,-139.17400000000004,7.612017631530762,0.918794,nan
8607,114,-238.62899999999993,14.372204780578613,0.9182335,nan
8660,115,-220.49600000000015,11.259540557861328,0.91773,nan
8722,116,-272.37800000000004,17.933263778686523,0.917141,nan
8791,117,98.5570000000001,15.28339958190918,0.9164855000000001,nan
8903,118,-163.1189999999998,16.407777786254883,0.9154215,nan
8976,119,-75.98600000000002,8.262699127197266,0.914728,nan
9076,120,-110.53100000000006,11.180109977722168,0.913778,nan
9154,121,-18.288000000000068,13.010473251342773,0.913037,nan
9228,122,-154.04499999999996,9.970193862915039,0.912334,nan
9309,123,75.49400000000014,10.574514389038086,0.9115645,nan
9373,124,-86.69700000000002,16.007726669311523,0.9109565000000001,nan
9434,125,-161.48099999999997,5.337520599365234,0.910377,nan
9490,126,-172.92800000000005,7.8436598777771,0.909845,nan
9549,127,-117.77500000000015,17.499547958374023,0.9092845,nan
9604,128,-274.597,11.354315757751465,0.908762,nan
9676,129,-2.162000000000063,14.100669860839844,0.908078,nan
9745,130,-386.9399999999999,10.331287384033203,0.9074225,nan
9819,131,-54.72200000000013,7.6045098304748535,0.9067195,nan
9874,132,-170.973,12.714102745056152,0.906197,nan
9930,133,-449.1449999999999,6.597269535064697,0.905665,nan
9985,134,-357.48900000000015,15.381868362426758,0.9051425,nan
10000,135,43.913000000000004,9.473554611206055,0.905,20.349565217391298
10052,135,-402.9,15.503610610961914,0.904506,nan
10118,136,-551.18,8.40131950378418,0.903879,nan
10187,137,-392.55,8.471632957458496,0.9032235,nan
10252,138,-802.5120000000001,6.440140247344971,0.902606,nan
10311,139,-181.71699999999998,12.302224159240723,0.9020455000000001,nan
10371,140,-292.756,16.687843322753906,0.9014755,nan
10443,141,-105.06800000000001,17.367923736572266,0.9007915,nan
10558,142,-227.96000000000026,6.652111053466797,0.899699,nan
10622,143,-398.5180000000001,14.258732795715332,0.899091,nan
10686,144,-667.675,9.990785598754883,0.898483,nan
10782,145,-495.1920000000001,7.848171710968018,0.897571,nan
10833,146,-48.14700000000006,15.099247932434082,0.8970865,nan
10884,147,-255.67499999999998,10.554351806640625,0.896602,nan
10958,148,-423.81100000000004,12.145785331726074,0.895899,nan
11035,149,-9.738000000000056,14.127034187316895,0.8951675,nan
11101,150,-269.1940000000001,13.090463638305664,0.8945405,nan
11183,151,22.79700000000004,9.895143508911133,0.8937615,nan
11247,152,-256.65000000000003,9.602434158325195,0.8931535,nan
11338,153,-685.5939999999999,13.81948184967041,0.892289,nan
11403,154,-47.782,8.10683822631836,0.8916715,nan
11458,155,-93.216,16.257034301757812,0.891149,nan
11540,156,-58.409000000000184,13.419918060302734,0.89037,nan
11613,157,-38.741999999999976,9.122520446777344,0.8896765,nan
11681,158,-304.6150000000001,13.451963424682617,0.8890305000000001,nan
11735,159,-180.972,14.402175903320312,0.8885175000000001,nan
11788,160,-69.96900000000007,13.985602378845215,0.888014,nan
11895,161,-113.34299999999998,9.673879623413086,0.8869975,nan
12001,162,-148.93100000000004,9.61449909210205,0.8859905,nan
12093,163,59.770000000000124,4.809859752655029,0.8851165,nan
12143,164,-506.7460000000001,14.783835411071777,0.8846415,nan
12215,165,-504.4900000000001,7.172612190246582,0.8839575,nan
12289,166,-436.263,8.596659660339355,0.8832545,nan
12354,167,-130.17000000000007,8.622563362121582,0.882637,nan
12419,168,-118.65399999999995,6.434708595275879,0.8820195,nan
12515,169,20.805000000000007,10.645515441894531,0.8811075,nan
12604,170,-514.6960000000001,7.028100967407227,0.880262,nan
12689,171,-226.70799999999997,8.279443740844727,0.8794545,nan
12748,172,-280.43199999999996,9.86032485961914,0.878894,nan
12809,173,-136.83099999999996,9.25914478302002,0.8783145,nan
12882,174,-179.535,10.283114433288574,0.877621,nan
12979,175,-546.0780000000002,8.765481948852539,0.8766995,nan
13041,176,-97.78299999999986,10.673125267028809,0.8761105,nan
13098,177,-686.1260000000001,8.553433418273926,0.875569,nan
13192,178,-542.4270000000001,11.366436004638672,0.874676,nan
13268,179,-26.855999999999938,19.227985382080078,0.873954,nan
13357,180,23.386000000000024,8.712708473205566,0.8731085000000001,nan
13440,181,-71.22900000000013,9.267663955688477,0.87232,nan
13494,182,-210.91900000000004,15.006731033325195,0.871807,nan
13561,183,-233.38199999999983,16.935592651367188,0.8711705,nan
13656,184,-376.7089999999999,14.205068588256836,0.870268,nan
13721,185,-221.14599999999996,11.350892066955566,0.8696505,nan
13790,186,-46.15400000000005,8.759979248046875,0.868995,nan
13843,187,-219.317,11.864689826965332,0.8684915,nan
13910,188,-586.2060000000001,11.468984603881836,0.867855,nan
13967,189,-219.80900000000003,9.368149757385254,0.8673135000000001,nan
14014,190,-144.28999999999996,4.6605658531188965,0.866867,nan
14070,191,-64.637,13.481842041015625,0.8663350000000001,nan
14133,192,-410.636,8.075203895568848,0.8657365,nan
14197,193,-205.025,8.561673164367676,0.8651285,nan
14265,194,-195.55500000000004,10.099615097045898,0.8644825,nan
14338,195,12.613000000000042,7.748055458068848,0.863789,nan
14421,196,-130.845,15.020556449890137,0.8630005000000001,nan
14524,197,195.9369999999999,6.767711162567139,0.8620220000000001,nan
14588,198,-19.34400000000018,9.134476661682129,0.861414,nan
14654,199,-282.44100000000003,5.975390911102295,0.860787,nan
14710,200,-603.356,4.577798366546631,0.860255,nan
14782,201,17.700999999999965,10.01619815826416,0.859571,nan
14874,202,-283.534,7.42334508895874,0.858697,nan
14917,203,-255.27499999999998,14.724651336669922,0.8582885,nan
14998,204,7.565000000000168,7.076432704925537,0.857519,nan
15062,205,-67.12999999999994,11.10377025604248,0.856911,nan
15148,206,83.67099999999965,8.020944595336914,0.856094,nan
15233,207,-122.23800000000003,10.760828971862793,0.8552865000000001,nan
15309,208,-24.424999999999983,12.317672729492188,0.8545645,nan
15428,209,233.76999999999998,9.665115356445312,0.853434,nan
15490,210,-61.7680000000001,6.7872419357299805,0.852845,nan
15578,211,-376.52000000000004,6.441352844238281,0.852009,nan
15637,212,-302.228,5.992304801940918,0.8514485,nan
15711,213,-256.0820000000001,4.484563827514648,0.8507455,nan
15768,214,-214.335,7.56294059753418,0.850204,nan
15825,215,-230.305,11.524864196777344,0.8496625,nan
15914,216,-640.5590000000002,8.01343059539795,0.848817,nan
15977,217,-308.90999999999997,6.375426292419434,0.8482185,nan
16070,218,26.302000000000007,16.688066482543945,0.847335,nan
16167,219,150.62500000000003,11.320525169372559,0.8464135,nan
16227,220,-78.27300000000002,9.712158203125,0.8458435,nan
16292,221,-364.9269999999999,11.460945129394531,0.845226,nan
16375,222,-333.3560000000002,6.840766906738281,0.8444375,nan
16464,223,-284.9000000000001,15.82737922668457,0.843592,nan
16524,224,-63.04399999999993,10.951234817504883,0.843022,nan
16580,225,-85.99299999999997,4.682219505310059,0.84249,nan
16670,226,25.272999999999918,9.374253273010254,0.841635,nan
16719,227,-646.987,9.47977066040039,0.8411695,nan
16784,228,-116.70500000000006,8.078412055969238,0.840552,nan
16855,229,-91.248,9.265324592590332,0.8398775,nan
16934,230,-813.2400000000002,13.176775932312012,0.839127,nan
17008,231,26.452999999999975,5.648848533630371,0.8384240000000001,nan
17076,232,-331.1479999999999,15.392023086547852,0.837778,nan
17153,233,-23.775999999999982,9.707110404968262,0.8370465,nan
17205,234,-93.938,7.109125137329102,0.8365525,nan
17277,235,-574.378,13.156317710876465,0.8358685,nan
17351,236,-287.654,13.073875427246094,0.8351655,nan
17418,237,-100.22000000000001,15.12794017791748,0.834529,nan
17497,238,-290.2,6.407215595245361,0.8337785,nan
17585,239,-474.0530000000001,14.211934089660645,0.8329425,nan
17659,240,34.92699999999985,16.136837005615234,0.8322395,nan
17734,241,-216.22200000000012,11.439995765686035,0.831527,nan
17782,242,-190.036,10.628450393676758,0.831071,nan
17878,243,76.30199999999999,11.106338500976562,0.830159,nan
17936,244,-128.32099999999997,14.04734992980957,0.829608,nan
18001,245,-91.93399999999994,15.734594345092773,0.8289905,nan
18083,246,-624.8090000000002,16.061983108520508,0.8282115,nan
18155,247,-787.9,3.480901002883911,0.8275275,nan
18241,248,210.99300000000017,15.345529556274414,0.8267105,nan
18300,249,-331.27599999999995,10.153730392456055,0.82615,nan
18376,250,-40.90200000000001,8.151860237121582,0.825428,nan
18422,251,-265.203,7.966772079467773,0.824991,nan
18485,252,-146.756,20.806509017944336,0.8243925000000001,nan
18538,253,-247.82199999999992,14.20816707611084,0.823889,nan
18595,254,-322.20799999999986,16.24294090270996,0.8233475,nan
18674,255,4.450000000000038,9.184249877929688,0.822597,nan
18724,256,-138.62800000000004,7.947831630706787,0.822122,nan
18789,257,-550.9839999999999,8.488039016723633,0.8215045,nan
18853,258,-262.21199999999993,4.973361968994141,0.8208965,nan
18923,259,-1081.1580000000001,12.59864616394043,0.8202315,nan
18969,260,-692.2379999999999,10.302213668823242,0.8197945,nan
19027,261,-18.88899999999998,11.028633117675781,0.8192435,nan
19100,262,-103.98299999999992,15.381160736083984,0.81855,nan
19190,263,56.74000000000002,8.442251205444336,0.8176950000000001,nan
19255,264,-430.29900000000004,8.459508895874023,0.8170775,nan
19315,265,-685.8200000000002,8.563562393188477,0.8165075,nan
19375,266,-292.07000000000005,7.151794910430908,0.8159375,nan
19453,267,-243.71300000000014,6.708737373352051,0.8151965,nan
19548,268,-124.52299999999997,7.264098167419434,0.8142940000000001,nan
19614,269,-275.77300000000014,12.409650802612305,0.813667,nan
19679,270,-407.26599999999996,9.475722312927246,0.8130495,nan
19744,271,-303.31699999999995,10.183838844299316,0.812432,nan
19811,272,-220.92499999999995,9.638341903686523,0.8117955,nan
19890,273,-116.5929999999999,12.865078926086426,0.811045,nan
19953,274,-165.59700000000004,10.73550796508789,0.8104465,nan
20000,275,294.40700000000004,6.400863170623779,0.81,81.25121739130432
20022,275,-162.2589999999999,13.444263458251953,0.809791,nan
20084,276,-385.73500000000007,12.82384204864502,0.809202,nan
20135,277,-147.21099999999987,17.234601974487305,0.8087175,nan
20208,278,-59.32399999999998,13.839550971984863,0.808024,nan
20289,279,-282.594,18.876188278198242,0.8072545,nan
20348,280,-211.02300000000002,16.712371826171875,0.806694,nan
20426,281,-9.497999999999976,11.092421531677246,0.805953,nan
20526,282,99.12599999999998,5.329256534576416,0.805003,nan
20589,283,-25.507000000000062,12.093816757202148,0.8044045,nan
20674,284,-344.263,10.684896469116211,0.803597,nan
20739,285,-625.609,10.471221923828125,0.8029795,nan
20806,286,-175.9370000000001,9.131840705871582,0.802343,nan
20866,287,-398.875,9.764240264892578,0.801773,nan
20957,288,19.38899999999984,8.656779289245605,0.8009085,nan
21001,289,-309.626,21.91100311279297,0.8004905,nan
21076,290,-47.991000000000014,13.366935729980469,0.799778,nan
21137,291,-1020.237,6.261414527893066,0.7991985,nan
21210,292,101.09099999999995,25.986766815185547,0.798505,nan
21264,293,-90.78500000000008,10.977620124816895,0.797992,nan
21328,294,-280.635,17.323341369628906,0.797384,nan
21393,295,-150.949,10.402531623840332,0.7967664999999999,nan
21471,296,-132.06100000000006,10.119251251220703,0.7960255,nan
21536,297,-151.506,6.940089702606201,0.795408,nan
21594,298,-151.74899999999997,6.532541275024414,0.794857,nan
21659,299,-129.95300000000006,11.103524208068848,0.7942395,nan
21717,300,-188.74000000000004,18.296775817871094,0.7936885,nan
21799,301,85.1380000000001,9.20589542388916,0.7929095,nan
21852,302,-294.656,13.706510543823242,0.792406,nan
21910,303,-175.1540000000001,12.31955337524414,0.791855,nan
21955,304,-168.64500000000007,8.881559371948242,0.7914275,nan
22019,305,-212.75499999999988,12.632457733154297,0.7908195,nan
22096,306,-217.15399999999994,14.983046531677246,0.790088,nan
22161,307,-663.6189999999999,14.424335479736328,0.7894705,nan
22223,308,-81.94500000000001,10.395439147949219,0.7888815,nan
22286,309,-205.53500000000005,5.748341083526611,0.7882830000000001,nan
22354,310,-74.792,11.452552795410156,0.787637,nan
22415,311,69.43300000000002,7.693637371063232,0.7870575,nan
22485,312,-247.01300000000015,6.5027031898498535,0.7863925,nan
22542,313,-124.27700000000002,11.584665298461914,0.785851,nan
22636,314,71.39300000000003,5.494720458984375,0.784958,nan
22689,315,-194.608,9.618180274963379,0.7844545,nan
22788,316,-585.5860000000002,16.758480072021484,0.783514,nan
22849,317,-35.315999999999946,10.206262588500977,0.7829345,nan
22887,318,-198.484,12.039901733398438,0.7825735,nan
22949,319,-415.869,5.021459102630615,0.7819845,nan
22999,320,-219.30200000000002,8.85859489440918,0.7815095000000001,nan
23056,321,-174.18499999999997,10.299307823181152,0.780968,nan
23121,322,-192.78499999999997,14.263351440429688,0.7803505,nan
23197,323,59.23099999999992,13.119549751281738,0.7796285000000001,nan
23267,324,-79.69200000000004,14.335371017456055,0.7789635,nan
23340,325,-759.2799999999999,10.214481353759766,0.77827,nan
23417,326,27.422999999999945,12.106001853942871,0.7775385,nan
23455,327,-213.42800000000003,10.301175117492676,0.7771775,nan
23529,328,-1130.0120000000002,6.815737247467041,0.7764745,nan
23594,329,-321.93199999999996,7.6411638259887695,0.775857,nan
23670,330,-65.69099999999993,11.417473793029785,0.775135,nan
23729,331,-91.47599999999997,17.193405151367188,0.7745744999999999,nan
23781,332,-100.66700000000003,5.18999719619751,0.7740805,nan
23864,333,-169.94600000000003,9.861183166503906,0.773292,nan
23906,334,-168.62199999999999,17.65164566040039,0.772893,nan
23975,335,-206.73899999999986,14.41979694366455,0.7722375,nan
24029,336,-295.697,10.744926452636719,0.7717245,nan
24096,337,-54.485000000000085,9.395390510559082,0.771088,nan
24171,338,-255.6620000000001,16.358530044555664,0.7703755,nan
24258,339,-96.62500000000016,10.461167335510254,0.769549,nan
24312,340,-18.298999999999978,18.856510162353516,0.769036,nan
24363,341,-737.8410000000001,9.494891166687012,0.7685515,nan
24417,342,-124.70699999999991,8.123993873596191,0.7680385000000001,nan
24480,343,-93.45600000000005,6.765881538391113,0.76744,nan
24552,344,-102.23099999999998,16.337282180786133,0.766756,nan
24619,345,-265.2459999999999,16.01657485961914,0.7661195000000001,nan
24684,346,-437.0430000000001,12.785913467407227,0.765502,nan
24734,347,-99.26900000000006,9.636604309082031,0.765027,nan
24804,348,72.34700000000004,7.52695369720459,0.764362,nan
24891,349,-34.19900000000003,10.83961296081543,0.7635355,nan
24976,350,-427.6240000000001,16.153682708740234,0.762728,nan
25048,351,-150.62799999999987,9.436049461364746,0.762044,nan
25134,352,-65.74800000000005,12.52147102355957,0.761227,nan
25210,353,-189.664,18.147245407104492,0.760505,nan
25269,354,-116.31200000000001,6.329407215118408,0.7599445,nan
25332,355,-184.606,9.515854835510254,0.7593460000000001,nan
25415,356,79.06199999999993,9.511640548706055,0.7585575,nan
25485,357,83.66400000000002,9.330866813659668,0.7578925,nan
25552,358,-142.57400000000004,12.273107528686523,0.7572559999999999,nan
25636,359,-588.1060000000002,14.164515495300293,0.7564580000000001,nan
25711,360,-327.37299999999993,11.343362808227539,0.7557455,nan
25783,361,2.02800000000002,13.069242477416992,0.7550615,nan
25862,362,-811.7879999999998,14.225286483764648,0.754311,nan
25907,363,-250.93600000000004,11.527236938476562,0.7538834999999999,nan
25969,364,-302.241,13.610754013061523,0.7532945,nan
26020,365,-125.59599999999998,11.963062286376953,0.75281,nan
26070,366,-49.13700000000014,17.078842163085938,0.752335,nan
26120,367,-279.729,12.427225112915039,0.75186,nan
26189,368,-271.76,14.666248321533203,0.7512045,nan
26282,369,-87.84400000000002,14.752476692199707,0.750321,nan
26359,370,-367.61199999999997,12.744083404541016,0.7495895,nan
26432,371,-47.154000000000025,12.404861450195312,0.748896,nan
26487,372,-288.855,8.25255012512207,0.7483735,nan
26556,373,-156.08499999999987,6.452163219451904,0.747718,nan
26620,374,-469.26800000000003,23.679126739501953,0.7471099999999999,nan
26695,375,-78.60199999999996,11.157392501831055,0.7463975,nan
26759,376,-635.613,5.946694850921631,0.7457895,nan
26856,377,-504.93199999999996,10.728887557983398,0.744868,nan
26931,378,-37.36999999999999,7.210769176483154,0.7441555,nan
27003,379,-550.942,5.409726142883301,0.7434715000000001,nan
27072,380,-1.3660000000000423,18.412641525268555,0.7428159999999999,nan
27133,381,-144.99500000000012,13.309347152709961,0.7422365,nan
27198,382,-157.81900000000002,15.729239463806152,0.741619,nan
27300,383,-631.6459999999998,8.703432083129883,0.74065,nan
27343,384,-216.44099999999995,17.416648864746094,0.7402415,nan
27421,385,-169.10399999999998,13.345165252685547,0.7395005,nan
27483,386,-257.0360000000001,9.652677536010742,0.7389114999999999,nan
27539,387,-92.00400000000003,13.253125190734863,0.7383795,nan
27609,388,-427.7779999999999,13.585209846496582,0.7377145,nan
27682,389,27.359000000000023,13.720311164855957,0.7370209999999999,nan
27741,390,-518.1109999999999,13.613851547241211,0.7364605,nan
27797,391,-268.08799999999997,16.031782150268555,0.7359285,nan
27859,392,-303.1650000000001,6.857136249542236,0.7353395,nan
27926,393,26.662999999999855,7.197890281677246,0.734703,nan
27986,394,-140.26799999999997,21.528390884399414,0.734133,nan
28045,395,-340.2210000000001,11.483963966369629,0.7335725,nan
28094,396,-346.68200000000013,14.682719230651855,0.733107,nan
28192,397,-300.57399999999996,10.577621459960938,0.7321759999999999,nan
28262,398,-123.23100000000002,17.263948440551758,0.731511,nan
28319,399,-215.19,13.18400764465332,0.7309695,nan
28395,400,-480.41500000000013,14.10934066772461,0.7302475,nan
28468,401,-123.70800000000003,11.616649627685547,0.729554,nan
28517,402,-585.481,15.451745986938477,0.7290885,nan
28573,403,-231.99,14.848402976989746,0.7285565,nan
28619,404,-114.95400000000012,15.831140518188477,0.7281195,nan
28676,405,-236.29599999999996,13.12281322479248,0.7275780000000001,nan
28742,406,-27.431999999999988,8.408622741699219,0.726951,nan
28800,407,-146.80399999999997,4.768463611602783,0.7264,nan
28848,408,-138.38800000000003,6.238142013549805,0.7259439999999999,nan
28902,409,-175.38600000000008,8.914393424987793,0.7254309999999999,nan
28974,410,-208.9150000000001,14.964808464050293,0.724747,nan
29051,411,-247.16799999999984,8.298625946044922,0.7240155,nan
29104,412,-154.45800000000006,18.27227020263672,0.7235119999999999,nan
29171,413,-271.7029999999999,9.575170516967773,0.7228755,nan
29239,414,-93.39000000000003,10.234643936157227,0.7222295000000001,nan
29316,415,-711.1170000000001,14.843877792358398,0.721498,nan
29387,416,56.07999999999996,13.677556991577148,0.7208235000000001,nan
29449,417,-249.954,12.002537727355957,0.7202345000000001,nan
29561,418,7.676000000000187,14.413415908813477,0.7191705,nan
29611,419,-251.85000000000002,15.217575073242188,0.7186955,nan
29679,420,18.39499999999984,9.491165161132812,0.7180495,nan
29749,421,-1.0249999999999346,8.950562477111816,0.7173845000000001,nan
29805,422,-85.249,15.493066787719727,0.7168525,nan
29868,423,-376.1939999999999,9.791784286499023,0.716254,nan
29937,424,-147.70000000000027,7.988348960876465,0.7155985,nan
30000,425,290.307,9.264183044433594,0.7150000000000001,79.30233333333332
30019,425,-362.36600000000004,13.140181541442871,0.7148194999999999,nan
30108,426,-572.894,14.96098804473877,0.713974,nan
30155,427,-128.5019999999999,15.884398460388184,0.7135275000000001,nan
30236,428,-436.0199999999999,16.466590881347656,0.712758,nan
30300,429,-316.08599999999996,13.826399803161621,0.7121500000000001,nan
30376,430,-590.2340000000002,10.994071006774902,0.7114280000000001,nan
30447,431,-514.2310000000001,12.013914108276367,0.7107535,nan
30512,432,-183.60699999999997,20.349580764770508,0.710136,nan
30568,433,-64.02299999999997,13.096899032592773,0.709604,nan
30627,434,-424.24199999999996,13.482966423034668,0.7090435,nan
30670,435,-370.60800000000006,16.5947322845459,0.708635,nan
30731,436,-200.53700000000003,10.53898811340332,0.7080555,nan
30787,437,-335.8380000000001,14.459535598754883,0.7075235,nan
30843,438,-79.82899999999998,19.297632217407227,0.7069915,nan
30917,439,-323.0139999999999,14.030536651611328,0.7062885,nan
30971,440,-256.94999999999993,12.300626754760742,0.7057755,nan
31054,441,-279.458,16.743854522705078,0.704987,nan
31130,442,-138.10999999999993,13.943142890930176,0.7042649999999999,nan
31182,443,25.895000000000067,13.451970100402832,0.703771,nan
31244,444,-304.12300000000005,7.378551483154297,0.703182,nan
31320,445,32.04900000000001,15.019631385803223,0.7024600000000001,nan
31359,446,-258.58500000000004,11.570369720458984,0.7020895,nan
31441,447,-474.92400000000004,10.11435317993164,0.7013105,nan
31523,448,-206.70599999999993,15.868795394897461,0.7005315000000001,nan
31580,449,-91.28300000000006,11.959001541137695,0.69999,nan
31642,450,-506.254,15.379256248474121,0.699401,nan
31708,451,-186.38700000000006,17.017417907714844,0.698774,nan
31762,452,-7.470000000000027,9.584470748901367,0.698261,nan
31837,453,-542.98,14.830406188964844,0.6975485,nan
31893,454,-77.786,16.454574584960938,0.6970165,nan
31980,455,148.34799999999987,24.741046905517578,0.6961900000000001,nan
32064,456,61.23000000000013,17.496166229248047,0.695392,nan
32108,457,-138.45400000000006,12.10989761352539,0.694974,nan
32150,458,-60.771999999999935,11.172425270080566,0.6945749999999999,nan
32233,459,-413.1769999999999,12.23508071899414,0.6937865000000001,nan
32294,460,68.97900000000004,17.936925888061523,0.693207,nan
32373,461,-312.8569999999999,14.433908462524414,0.6924565,nan
32439,462,-552.216,15.540494918823242,0.6918295,nan
32494,463,-131.1810000000001,16.35850715637207,0.691307,nan
32570,464,-254.20400000000012,16.859325408935547,0.690585,nan
32624,465,-130.943,11.178719520568848,0.690072,nan
32703,466,-156.98900000000015,17.959203720092773,0.6893215,nan
32785,467,-609.4750000000001,16.018184661865234,0.6885425000000001,nan
32847,468,-404.3289999999999,11.391464233398438,0.6879535000000001,nan
32899,469,-274.0369999999999,18.638164520263672,0.6874595,nan
32957,470,-285.918,11.917194366455078,0.6869085,nan
33026,471,-597.8460000000001,13.076995849609375,0.686253,nan
33091,472,-18.324000000000083,16.729663848876953,0.6856355000000001,nan
33171,473,-429.8530000000002,15.712054252624512,0.6848755,nan
33241,474,-20.745000000000005,15.99451732635498,0.6842105,nan
33313,475,-221.849,13.485980987548828,0.6835265,nan
33385,476,84.11700000000002,14.820703506469727,0.6828425,nan
33439,477,-55.27100000000003,9.044026374816895,0.6823295,nan
33490,478,-324.95300000000003,11.64636516571045,0.681845,nan
33552,479,-687.0550000000001,10.30201244354248,0.6812560000000001,nan
33606,480,-335.138,19.28578758239746,0.680743,nan
33688,481,-73.36799999999998,5.305759906768799,0.679964,nan
33739,482,-271.853,9.922301292419434,0.6794795,nan
33798,483,-158.37699999999995,13.769237518310547,0.678919,nan
33871,484,23.706999999999965,13.268638610839844,0.6782254999999999,nan
33929,485,-75.59400000000014,13.052968978881836,0.6776745,nan
34006,486,-549.2159999999999,11.042657852172852,0.6769430000000001,nan
34064,487,-246.35699999999994,17.437286376953125,0.676392,nan
34148,488,-278.909,17.95726776123047,0.675594,nan
34198,489,-48.71499999999996,7.262322425842285,0.675119,nan
34285,490,-147.5989999999999,14.772979736328125,0.6742925,nan
34341,491,-515.1830000000001,14.377805709838867,0.6737605,nan
34412,492,-148.68000000000012,10.554522514343262,0.6730860000000001,nan
34478,493,-108.80399999999995,19.33039665222168,0.672459,nan
34535,494,-162.76600000000008,16.51978302001953,0.6719175,nan
34595,495,-165.07699999999994,11.683173179626465,0.6713475,nan
34668,496,-28.588999999999885,13.916496276855469,0.6706540000000001,nan
34743,497,-557.9010000000001,13.659780502319336,0.6699415,nan
34800,498,-40.83200000000005,16.143409729003906,0.6694,nan
34862,499,-266.73499999999996,13.09578800201416,0.668811,nan
34922,500,-252.19100000000003,15.383914947509766,0.6682410000000001,nan
34987,501,-521.667,18.62091827392578,0.6676234999999999,nan
35055,502,57.48999999999985,18.747201919555664,0.6669775,nan
35113,503,-20.516000000000076,11.59354019165039,0.6664265,nan
35194,504,-198.06500000000008,13.642112731933594,0.665657,nan
35240,505,-93.41299999999995,15.378327369689941,0.66522,nan
35290,506,-166.56800000000007,9.962482452392578,0.664745,nan
35357,507,-195.02200000000002,6.76447057723999,0.6641085,nan
35429,508,-204.00300000000016,5.471634864807129,0.6634245000000001,nan
35486,509,-406.9519999999999,12.83615779876709,0.662883,nan
35544,510,-31.172999999999945,10.76398754119873,0.662332,nan
35599,511,-257.284,14.133766174316406,0.6618095,nan
35702,512,-306.494,14.549871444702148,0.660831,nan
35777,513,-200.49200000000002,21.26045799255371,0.6601185,nan
35862,514,-120.49899999999998,8.573073387145996,0.659311,nan
35920,515,-634.5649999999999,10.315220832824707,0.65876,nan
35991,516,-79.4560000000002,13.030517578125,0.6580855,nan
36056,517,-292.7609999999999,12.09399700164795,0.6574679999999999,nan
36107,518,-190.78300000000002,6.738217353820801,0.6569834999999999,nan
36162,519,-240.2680000000001,13.432458877563477,0.656461,nan
36221,520,-63.82599999999999,8.03692626953125,0.6559005,nan
36273,521,-79.47600000000006,14.26970100402832,0.6554065,nan
36331,522,-166.63700000000003,17.28281593322754,0.6548555,nan
36403,523,-314.55099999999993,9.489110946655273,0.6541715,nan
36455,524,-114.94399999999999,15.54947280883789,0.6536775,nan
36508,525,-270.4890000000001,16.11030387878418,0.6531739999999999,nan
36569,526,-2.3540000000000134,18.226552963256836,0.6525945,nan
36641,527,-47.58100000000006,13.72325611114502,0.6519105000000001,nan
36713,528,-798.5070000000003,15.614357948303223,0.6512264999999999,nan
36759,529,-220.60699999999994,5.710444927215576,0.6507895,nan
36807,530,-310.19499999999994,24.861042022705078,0.6503335,nan
36862,531,-85.097,11.156475067138672,0.649811,nan
36920,532,-114.40799999999999,13.888663291931152,0.6492600000000001,nan
36992,533,-87.44699999999993,16.874862670898438,0.648576,nan
37035,534,-309.9849999999999,12.470648765563965,0.6481675,nan
37100,535,-446.021,19.061538696289062,0.6475500000000001,nan
37159,536,-345.5350000000001,16.32862091064453,0.6469895000000001,nan
37210,537,-250.878,16.836048126220703,0.6465050000000001,nan
37256,538,-360.769,11.974753379821777,0.6460680000000001,nan
37325,539,-812.025,14.553728103637695,0.6454125,nan
37392,540,-29.550000000000033,10.24698257446289,0.644776,nan
37442,541,-143.85000000000002,17.274818420410156,0.644301,nan
37502,542,-214.45200000000003,10.910200119018555,0.643731,nan
37549,543,-302.81100000000004,15.545230865478516,0.6432845,nan
37623,544,-51.00199999999995,18.897855758666992,0.6425815,nan
37702,545,-454.43699999999995,9.377281188964844,0.641831,nan
37778,546,-930.415,16.858129501342773,0.641109,nan
37855,547,51.81799999999993,9.906539916992188,0.6403775,nan
37896,548,-60.80200000000002,9.740938186645508,0.639988,nan
37953,549,-40.681999999999974,16.239822387695312,0.6394465,nan
38022,550,-477.21000000000004,8.585173606872559,0.638791,nan
38082,551,-196.17700000000013,10.468968391418457,0.638221,nan
38139,552,-46.084,10.524402618408203,0.6376795,nan
38198,553,-221.81000000000006,11.89487075805664,0.637119,nan
38244,554,-457.977,6.760921478271484,0.636682,nan
38300,555,-340.8850000000001,15.479426383972168,0.63615,nan
38362,556,-335.03599999999994,13.621671676635742,0.635561,nan
38424,557,-151.55299999999994,18.274259567260742,0.634972,nan
38492,558,-444.21700000000016,10.402650833129883,0.6343260000000001,nan
38555,559,-69.99900000000008,9.418413162231445,0.6337275,nan
38614,560,-302.46200000000005,9.58625602722168,0.633167,nan
38685,561,-134.5200000000001,9.987714767456055,0.6324925,nan
38762,562,-33.68900000000005,15.202497482299805,0.631761,nan
38817,563,-325.83500000000004,10.363190650939941,0.6312385,nan
38886,564,72.076,4.991061210632324,0.6305830000000001,nan
38944,565,-20.847000000000023,8.622559547424316,0.630032,nan
39003,566,-165.86,15.301512718200684,0.6294715,nan
39091,567,-713.5989999999998,17.944793701171875,0.6286355,nan
39157,568,-351.457,16.18233299255371,0.6280085,nan
39211,569,-265.41599999999994,11.585235595703125,0.6274955,nan
39295,570,-240.20799999999997,25.128625869750977,0.6266975,nan
39358,571,-203.64399999999995,14.537915229797363,0.626099,nan
39456,572,-397.55500000000006,10.332881927490234,0.625168,nan
39519,573,-771.2659999999998,12.334312438964844,0.6245695,nan
39584,574,-826.895,21.69961929321289,0.6239520000000001,nan
39653,575,-205.26000000000002,9.709066390991211,0.6232965,nan
39723,576,-87.75799999999992,18.659996032714844,0.6226315,nan
39778,577,-380.626,6.240784645080566,0.622109,nan
39839,578,-382.40400000000005,8.26967716217041,0.6215295000000001,nan
39902,579,-23.15299999999989,7.169737339019775,0.620931,nan
39967,580,108.69500000000005,8.844194412231445,0.6203135,nan
40000,581,303.065,16.547582626342773,0.62,70.14199999999998
40011,581,-59.72800000000005,25.656108856201172,0.6198954999999999,nan
40073,582,-130.40100000000012,20.38025665283203,0.6193065,nan
40139,583,-476.18899999999996,13.719852447509766,0.6186795,nan
40206,584,-400.21099999999996,14.541807174682617,0.6180430000000001,nan
40261,585,41.88000000000011,18.330951690673828,0.6175204999999999,nan
40331,586,-365.05899999999997,19.426515579223633,0.6168555,nan
40382,587,-214.165,10.889775276184082,0.616371,nan
40463,588,-776.166,15.495826721191406,0.6156015,nan
40512,589,-160.43400000000005,20.38125991821289,0.615136,nan
40581,590,-101.29899999999998,15.586691856384277,0.6144805,nan
40643,591,-229.55700000000002,19.620134353637695,0.6138915,nan
40702,592,-151.282,10.878767013549805,0.6133310000000001,nan
40790,593,-146.98399999999987,12.002103805541992,0.612495,nan
40848,594,-350.9290000000001,19.005172729492188,0.611944,nan
40915,595,-235.12500000000006,17.600719451904297,0.6113075,nan
40977,596,-205.732,26.069244384765625,0.6107184999999999,nan
41051,597,6.228000000000051,18.18252182006836,0.6100155,nan
41112,598,-117.509,19.1048641204834,0.6094360000000001,nan
41173,599,-403.4410000000001,15.419939994812012,0.6088565,nan
41259,600,-182.73300000000012,13.67194652557373,0.6080395000000001,nan
41322,601,-96.18,13.539770126342773,0.6074410000000001,nan
41360,602,-124.69200000000004,18.68543243408203,0.6070800000000001,nan
41409,603,-286.156,17.36286163330078,0.6066145000000001,nan
41467,604,-69.99899999999997,9.551301956176758,0.6060635000000001,nan
41526,605,-250.50599999999997,9.788407325744629,0.605503,nan
41569,606,-129.1140000000001,19.774049758911133,0.6050945000000001,nan
41631,607,-219.36199999999997,34.10160827636719,0.6045055,nan
41681,608,-85.4499999999999,12.184503555297852,0.6040305,nan
41750,609,-193.0399999999999,10.670011520385742,0.603375,nan
41827,610,-447.7840000000001,16.690643310546875,0.6026435000000001,nan
41861,611,-78.07099999999997,15.175947189331055,0.6023205,nan
41927,612,-235.46199999999993,12.957978248596191,0.6016935000000001,nan
41969,613,-138.26600000000005,16.974655151367188,0.6012945000000001,nan
42018,614,-205.07799999999997,14.37716293334961,0.6008290000000001,nan
42076,615,-72.766,11.000814437866211,0.600278,nan
42138,616,-405.358,21.95212745666504,0.599689,nan
42228,617,-380.93399999999997,24.722854614257812,0.5988340000000001,nan
42301,618,-443.892,11.550962448120117,0.5981405,nan
42348,619,-634.82,14.142300605773926,0.597694,nan
42396,620,-287.581,22.44963264465332,0.5972379999999999,nan
42457,621,-231.202,13.064375877380371,0.5966585,nan
42515,622,-261.81100000000004,21.335140228271484,0.5961075,nan
42572,623,-289.626,11.8615140914917,0.595566,nan
42623,624,-679.3950000000001,17.00956916809082,0.5950815,nan
42681,625,-182.16500000000002,19.86090087890625,0.5945305000000001,nan
42738,626,-524.5880000000001,14.775793075561523,0.5939890000000001,nan
42817,627,-898.6780000000001,11.412506103515625,0.5932385,nan
42875,628,-150.18400000000008,13.25029182434082,0.5926875,nan
42960,629,-212.37800000000004,13.071736335754395,0.59188,nan
43020,630,-26.32600000000005,22.909090042114258,0.59131,nan
43068,631,-694.0369999999999,21.496097564697266,0.590854,nan
43141,632,-275.91,15.791177749633789,0.5901605,nan
43213,633,-118.40599999999996,19.443252563476562,0.5894765,nan
43268,634,-205.78300000000002,13.96101188659668,0.588954,nan
43328,635,-100.055,27.794940948486328,0.588384,nan
43393,636,-407.08200000000005,13.332534790039062,0.5877665000000001,nan
43451,637,-380.644,19.471731185913086,0.5872155,nan
43502,638,-229.05599999999998,28.13971710205078,0.586731,nan
43563,639,-220.44200000000004,27.455455780029297,0.5861514999999999,nan
43641,640,-182.1190000000001,14.741393089294434,0.5854105000000001,nan
43714,641,-156.47199999999998,11.970155715942383,0.584717,nan
43771,642,-423.3429999999999,17.274959564208984,0.5841755,nan
43825,643,-175.10200000000003,13.249472618103027,0.5836625,nan
43932,644,-771.9920000000001,22.043685913085938,0.582646,nan
43995,645,-279.22900000000016,19.181453704833984,0.5820475,nan
44049,646,-70.26200000000001,11.973335266113281,0.5815345000000001,nan
44119,647,-839.014,10.413189888000488,0.5808694999999999,nan
44182,648,-305.70900000000006,23.6114444732666,0.580271,nan
44251,649,-117.91,16.79521942138672,0.5796155000000001,nan
44296,650,-198.5739999999999,8.203076362609863,0.579188,nan
44398,651,-358.119,17.094802856445312,0.578219,nan
44476,652,-95.28699999999995,10.272055625915527,0.577478,nan
44559,653,-402.9780000000003,15.984321594238281,0.5766895000000001,nan
44619,654,-154.546,18.492687225341797,0.5761195000000001,nan
44695,655,-152.93700000000007,11.406943321228027,0.5753975,nan
44753,656,-19.756000000000014,16.1114444732666,0.5748465,nan
44824,657,41.60099999999987,12.121502876281738,0.574172,nan
44880,658,-446.05699999999996,9.477630615234375,0.57364,nan
44946,659,-271.0709999999999,11.505581855773926,0.573013,nan
45008,660,-21.835999999999984,14.358505249023438,0.572424,nan
45077,661,-108.0810000000001,18.268367767333984,0.5717685,nan
45151,662,-476.074,13.485231399536133,0.5710655,nan
45204,663,-485.2829999999999,13.000707626342773,0.570562,nan
45296,664,-746.077,14.518707275390625,0.569688,nan
45363,665,-200.53300000000002,17.208728790283203,0.5690515,nan
45448,666,-199.3339999999999,37.51679992675781,0.568244,nan
45514,667,-179.6280000000001,7.6066789627075195,0.567617,nan
45583,668,-299.08500000000004,21.83201026916504,0.5669615,nan
45651,669,-212.52199999999996,13.038818359375,0.5663155,nan
45695,670,-9.253000000000043,10.538652420043945,0.5658974999999999,nan
45776,671,-8.127000000000209,13.351285934448242,0.5651280000000001,nan
45835,672,-256.232,15.341866493225098,0.5645675000000001,nan
45889,673,-381.04300000000006,10.405198097229004,0.5640545,nan
45934,674,-250.34599999999995,12.12399959564209,0.563627,nan
45984,675,-190.352,15.882269859313965,0.563152,nan
46056,676,-479.50800000000027,12.091060638427734,0.562468,nan
46096,677,-153.289,15.506497383117676,0.562088,nan
46159,678,-396.556,16.15371322631836,0.5614895,nan
46219,679,-139.65900000000005,10.680641174316406,0.5609195,nan
46274,680,-143.88600000000002,16.877614974975586,0.560397,nan
46354,681,-257.6980000000001,16.39803695678711,0.5596369999999999,nan
46429,682,-347.3999999999999,15.88728141784668,0.5589245,nan
46495,683,-120.07800000000006,8.466875076293945,0.5582975000000001,nan
46571,684,-89.70100000000005,20.101299285888672,0.5575755,nan
46651,685,-145.25299999999993,13.247217178344727,0.5568155,nan
46727,686,-521.136,15.190521240234375,0.5560935,nan
46772,687,-123.98000000000006,13.943170547485352,0.555666,nan
46830,688,-817.6229999999999,14.400480270385742,0.555115,nan
46922,689,-590.5110000000001,13.321714401245117,0.554241,nan
46968,690,-273.6890000000001,16.330909729003906,0.553804,nan
47017,691,-235.71000000000006,25.231884002685547,0.5533385000000001,nan
47088,692,-161.41300000000007,16.15970230102539,0.552664,nan
47157,693,-357.359,18.74209213256836,0.5520085,nan
47230,694,-761.1870000000001,17.53367042541504,0.551315,nan
47290,695,34.41000000000004,21.3074951171875,0.550745,nan
47355,696,-24.9020000000001,15.205315589904785,0.5501275,nan
47399,697,-214.01199999999992,21.479290008544922,0.5497095000000001,nan
47448,698,-271.44999999999993,19.189075469970703,0.5492440000000001,nan
47542,699,-605.512,15.91330337524414,0.548351,nan
47617,700,-163.27899999999988,10.208723068237305,0.5476385,nan
47688,701,-127.83200000000005,13.937660217285156,0.546964,nan
47733,702,-180.08099999999996,11.703340530395508,0.5465365,nan
47822,703,-192.1980000000001,18.274742126464844,0.545691,nan
47901,704,-452.827,14.117918968200684,0.5449405,nan
47957,705,-54.363999999999976,15.112273216247559,0.5444085000000001,nan
48014,706,-161.177,19.362924575805664,0.543867,nan
48075,707,-1011.765,15.059101104736328,0.5432875,nan
48136,708,-222.072,15.927896499633789,0.542708,nan
48195,709,-266.067,31.982107162475586,0.5421475,nan
48273,710,-240.92700000000002,13.19172477722168,0.5414065,nan
48327,711,-302.856,18.50460433959961,0.5408935,nan
48410,712,-152.05699999999993,16.77848243713379,0.5401050000000001,nan
48468,713,-613.9250000000002,20.20393943786621,0.5395540000000001,nan
48516,714,-349.574,9.973438262939453,0.5390980000000001,nan
48574,715,-347.45400000000006,14.258512496948242,0.538547,nan
48642,716,-291.12100000000004,14.747855186462402,0.537901,nan
48710,717,-113.93600000000008,11.433032989501953,0.537255,nan
48773,718,-554.269,11.668366432189941,0.5366565000000001,nan
48838,719,-156.74599999999998,19.37451934814453,0.536039,nan
48920,720,-186.50399999999996,11.477692604064941,0.5352600000000001,nan
49003,721,-212.83499999999998,11.969602584838867,0.5344715,nan
49052,722,-188.72399999999993,8.43344783782959,0.534006,nan
49133,723,-225.66100000000006,12.888410568237305,0.5332365000000001,nan
49212,724,-249.94900000000007,17.065608978271484,0.532486,nan
49288,725,-421.439,20.246145248413086,0.531764,nan
49374,726,-358.6450000000001,13.132217407226562,0.5309470000000001,nan
49450,727,-458.264,19.088415145874023,0.530225,nan
49503,728,-198.95699999999997,13.369634628295898,0.5297215,nan
49596,729,-530.1430000000003,13.227581977844238,0.528838,nan
49664,730,-292.145,25.558164596557617,0.528192,nan
49726,731,-212.485,11.35110092163086,0.527603,nan
49790,732,-86.94600000000011,8.907383918762207,0.526995,nan
49870,733,-272.063,15.825417518615723,0.526235,nan
49965,734,-292.21799999999996,29.531993865966797,0.5253325,nan
50000,735,268.08600000000007,13.013270378112793,0.525,46.5829722222222
50022,735,-471.8499999999999,18.137487411499023,0.524791,nan
50099,736,-416.963,23.491165161132812,0.5240594999999999,nan
50179,737,-385.298,12.365375518798828,0.5232995,nan
50255,738,-52.18000000000008,10.987737655639648,0.5225774999999999,nan
50345,739,-165.72300000000004,19.292402267456055,0.5217225000000001,nan
50410,740,-409.326,20.992961883544922,0.521105,nan
50479,741,-759.9559999999999,17.82001304626465,0.5204495,nan
50536,742,-308.4530000000001,14.49011516571045,0.519908,nan
50638,743,-156.43999999999994,12.801279067993164,0.518939,nan
50734,744,-30.740000000000027,16.534912109375,0.518027,nan
50814,745,-190.41000000000005,13.402166366577148,0.5172669999999999,nan
50898,746,-316.4210000000002,11.421064376831055,0.5164690000000001,nan
50974,747,-352.62199999999996,7.877254009246826,0.5157470000000001,nan
51050,748,-283.315,17.41386604309082,0.5150250000000001,nan
51136,749,-127.02399999999997,15.051472663879395,0.514208,nan
51220,750,-430.982,21.188846588134766,0.51341,nan
51305,751,-510.8119999999999,14.625986099243164,0.5126025000000001,nan
51358,752,-154.5990000000001,17.85674285888672,0.512099,nan
51421,753,-333.51099999999997,23.120197296142578,0.5115005000000001,nan
51525,754,-198.887,12.952085494995117,0.5105125,nan
51588,755,-167.06599999999997,10.305953025817871,0.509914,nan
51656,756,-399.37699999999995,10.288482666015625,0.509268,nan
51742,757,-320.9060000000001,16.80525016784668,0.508451,nan
51811,758,-386.563,14.959532737731934,0.5077955000000001,nan
51876,759,-766.9019999999997,8.890878677368164,0.507178,nan
51956,760,-260.1370000000001,8.13908576965332,0.506418,nan
52053,761,-610.2940000000001,16.90447998046875,0.5054965,nan
52149,762,-737.0049999999999,20.677186965942383,0.5045845,nan
52233,763,-501.0210000000001,17.562278747558594,0.5037865000000001,nan
52315,764,-490.64899999999994,17.243085861206055,0.5030075,nan
52430,765,-11.485000000000397,15.897809982299805,0.5019150000000001,nan
52544,766,-372.52700000000027,27.19123077392578,0.5008319999999999,nan
52638,767,-266.29400000000015,18.654733657836914,0.499939,nan
52710,768,-436.6049999999999,16.801095962524414,0.499255,nan
52775,769,-208.40200000000002,17.71741485595703,0.49863749999999996,nan
52890,770,-326.95000000000005,14.723718643188477,0.497545,nan
52992,771,-1000.781,11.932825088500977,0.49657600000000013,nan
53064,772,-150.91899999999995,14.786954879760742,0.495892,nan
53201,773,-352.511,10.916873931884766,0.49459050000000004,nan
53293,774,-1035.3679999999997,16.503280639648438,0.4937165,nan
53382,775,-406.71299999999997,10.905202865600586,0.49287100000000006,nan
53517,776,-175.5240000000001,29.89208984375,0.4915885,nan
53633,777,-319.3900000000001,21.11469841003418,0.49048650000000005,nan
53720,778,-74.10600000000007,12.210878372192383,0.48966,nan
53789,779,-515.4140000000002,15.10416316986084,0.48900450000000006,nan
53861,780,-219.65099999999993,21.150150299072266,0.48832050000000005,nan
53950,781,-205.8,9.16161060333252,0.487475,nan
54018,782,-377.84799999999996,12.566850662231445,0.48682900000000007,nan
54071,783,-241.90900000000008,16.256967544555664,0.48632549999999997,nan
54149,784,-434.232,17.140483856201172,0.4855845,nan
54233,785,-440.46999999999986,18.01483154296875,0.4847865,nan
54313,786,-300.67499999999995,18.212221145629883,0.4840265,nan
54402,787,-419.9150000000001,15.373269081115723,0.4831810000000001,nan
54488,788,-462.67,12.419294357299805,0.482364,nan
54576,789,-426.50100000000003,13.346963882446289,0.48152799999999996,nan
54650,790,-427.0990000000001,18.661895751953125,0.48082500000000006,nan
54738,791,-219.90299999999988,14.991403579711914,0.479989,nan
54814,792,-526.5190000000002,20.19221305847168,0.4792670000000001,nan
54949,793,26.071999999999846,17.286113739013672,0.47798450000000003,nan
55095,794,-136.84600000000003,20.712867736816406,0.4765975,nan
55188,795,-941.225,13.478986740112305,0.47571399999999997,nan
55278,796,-356.369,12.031943321228027,0.47485900000000003,nan
55381,797,-286.14199999999994,18.580673217773438,0.47388050000000004,nan
55456,798,-489.37400000000014,12.781960487365723,0.4731679999999999,nan
55565,799,-765.543,12.854256629943848,0.47213250000000007,nan
55634,800,-95.80200000000012,26.733823776245117,0.47147700000000003,nan
55737,801,-665.113,13.475351333618164,0.47049850000000004,nan
55813,802,-261.53000000000014,15.577352523803711,0.46977650000000004,nan
55915,803,-448.53099999999995,10.044914245605469,0.46880750000000004,nan
56020,804,-266.8970000000002,13.89200496673584,0.46780999999999995,nan
56105,805,-375.887,12.1160888671875,0.4670025,nan
56192,806,-318.62699999999995,11.953770637512207,0.46617600000000003,nan
56267,807,-274.526,13.885841369628906,0.46546350000000003,nan
56348,808,-411.1039999999999,12.246212005615234,0.46469400000000005,nan
56454,809,-1057.7310000000002,20.94626808166504,0.46368699999999996,nan
56530,810,-335.74999999999994,17.389812469482422,0.46296499999999996,nan
56632,811,-24.404999999999845,18.085617065429688,0.46199599999999996,nan
56707,812,-652.16,16.373559951782227,0.46128350000000007,nan
56795,813,-388.17499999999995,15.897863388061523,0.4604475000000001,nan
56910,814,41.59699999999967,13.98652458190918,0.45935499999999996,nan
57031,815,-387.611,14.165358543395996,0.45820550000000004,nan
57169,816,-614.8880000000004,16.74341583251953,0.4568945,nan
57258,817,-385.4460000000001,20.340652465820312,0.45604900000000004,nan
57377,818,-404.81799999999987,14.237005233764648,0.4549185,nan
57470,819,-225.48200000000017,17.187530517578125,0.4540350000000001,nan
57546,820,-245.31299999999993,16.61511993408203,0.4533130000000001,nan
57639,821,-534.7359999999999,27.11966323852539,0.45242950000000004,nan
57742,822,48.10899999999991,16.77022933959961,0.45145099999999994,nan
57833,823,-265.43500000000006,13.675174713134766,0.4505865,nan
57925,824,-199.75700000000006,19.443740844726562,0.44971249999999996,nan
58033,825,-200.7129999999999,12.103788375854492,0.4486865,nan
58095,826,-212.6859999999999,11.038864135742188,0.44809750000000004,nan
58202,827,-527.5510000000002,16.65046501159668,0.44708100000000006,nan
58272,828,-659.6690000000001,14.020194053649902,0.44641600000000004,nan
58347,829,-506.54200000000014,22.247085571289062,0.44570350000000003,nan
58436,830,-254.60200000000006,24.928123474121094,0.4448580000000001,nan
58554,831,-301.8040000000001,13.399057388305664,0.44373700000000005,nan
58642,832,-27.608999999999874,15.49887752532959,0.442901,nan
58727,833,-730.7940000000002,16.99673843383789,0.44209350000000003,nan
58832,834,-127.50500000000012,9.796671867370605,0.44109600000000004,nan
58939,835,-619.52,11.69730281829834,0.44007950000000007,nan
58999,836,-295.73800000000006,18.739639282226562,0.4395095,nan
59061,837,-198.78699999999998,17.87067222595215,0.43892050000000005,nan
59186,838,-467.2170000000001,15.928877830505371,0.4377329999999999,nan
59290,839,-472.86300000000006,20.95496940612793,0.43674500000000005,nan
59406,840,-656.6890000000001,13.791621208190918,0.435643,nan
59468,841,-659.7470000000001,26.153594970703125,0.43505400000000005,nan
59596,842,-137.46300000000002,21.670391082763672,0.43383799999999995,nan
59737,843,-170.985,18.43395233154297,0.4324985000000001,nan
59846,844,-469.793,17.588165283203125,0.43146300000000004,nan
59925,845,-179.76100000000008,26.312231063842773,0.43071250000000005,nan
60000,846,52.16799999999997,12.996468544006348,0.43000000000000005,37.952166666666656
60020,846,-546.4749999999999,10.785395622253418,0.42981,nan
60113,847,-121.10800000000005,11.969793319702148,0.4289265,nan
60174,848,-383.9870000000001,18.544431686401367,0.4283469999999999,nan
60248,849,-255.60300000000004,23.06462287902832,0.427644,nan
60347,850,-192.51099999999997,9.790635108947754,0.4267035000000001,nan
60490,851,-456.69900000000035,13.107654571533203,0.4253450000000001,nan
60589,852,-380.41600000000017,11.954880714416504,0.42440449999999996,nan
60746,853,139.45500000000007,14.893625259399414,0.422913,nan
60842,854,-551.4500000000002,13.448861122131348,0.42200100000000007,nan
60935,855,-718.2530000000002,11.886595726013184,0.42111750000000003,nan
61018,856,-474.2410000000002,11.784382820129395,0.42032900000000006,nan
61159,857,-404.341,15.391678810119629,0.4189895,nan
61245,858,-348.129,10.25285530090332,0.41817249999999995,nan
61305,859,-307.78100000000006,24.657747268676758,0.4176025,nan
61378,860,-367.21299999999997,20.384815216064453,0.4169090000000001,nan
61463,861,-523.5510000000003,17.143184661865234,0.4161015,nan
61599,862,-40.200000000000145,15.75831413269043,0.41480949999999994,nan
61706,863,-362.03200000000004,20.343917846679688,0.41379299999999997,nan
61782,864,-220.01200000000006,24.248659133911133,0.41307099999999997,nan
61885,865,-489.3060000000001,16.250341415405273,0.4120925,nan
61950,866,-405.673,9.920205116271973,0.4114749999999999,nan
62077,867,-298.1690000000001,15.29078483581543,0.41026850000000004,nan
62175,868,-93.06100000000006,23.124094009399414,0.4093375,nan
62250,869,-297.97599999999994,19.936752319335938,0.408625,nan
62330,870,-279.74500000000006,23.066387176513672,0.40786500000000003,nan
62466,871,-544.9150000000001,20.197872161865234,0.4065730000000001,nan
62576,872,-769.253,16.016016006469727,0.405528,nan
62656,873,-594.306,12.968542098999023,0.404768,nan
62760,874,-1230.6489999999997,12.517571449279785,0.40378000000000003,nan
62890,875,-662.0010000000003,13.620044708251953,0.40254500000000004,nan
62988,876,-533.1000000000003,11.332511901855469,0.401614,nan
63094,877,-624.9980000000002,17.13081169128418,0.40060700000000005,nan
63157,878,-231.975,21.885028839111328,0.4000085000000001,nan
63257,879,-310.851,13.936874389648438,0.3990585000000001,nan
63336,880,-831.424,16.46028709411621,0.398308,nan
63493,881,-237.94299999999998,16.950475692749023,0.3968165,nan
63581,882,-2.3310000000000315,15.16203498840332,0.39598050000000007,nan
63670,883,-495.8469999999999,16.70833969116211,0.395135,nan
63769,884,-455.8610000000001,25.319358825683594,0.3941945,nan
63868,885,-448.89700000000005,13.485361099243164,0.393254,nan
63987,886,-360.44999999999976,8.467693328857422,0.39212349999999996,nan
64063,887,-377.10600000000017,16.391796112060547,0.39140149999999996,nan
64131,888,-263.2660000000001,13.441400527954102,0.39075550000000003,nan
64221,889,-383.0679999999999,13.89861011505127,0.3899005000000001,nan
64361,890,-755.4259999999999,16.058094024658203,0.38857050000000004,nan
64432,891,-549.0010000000001,11.953901290893555,0.387896,nan
64550,892,-516.9969999999998,15.860689163208008,0.3867750000000001,nan
64657,893,-506.9690000000002,10.179427146911621,0.3857585,nan
64760,894,-333.3230000000001,12.742756843566895,0.3847800000000001,nan
64858,895,-319.21699999999964,12.306914329528809,0.383849,nan
64957,896,-451.8410000000001,12.756752967834473,0.3829085000000001,nan
65053,897,-399.54999999999995,21.483989715576172,0.38199649999999996,nan
65163,898,-264.56800000000004,19.755300521850586,0.3809515,nan
65224,899,-298.75000000000006,23.95447540283203,0.38037200000000004,nan
65290,900,-347.443,13.994823455810547,0.379745,nan
65453,901,11.176999999999794,24.863094329833984,0.37819650000000005,nan
65524,902,-420.6580000000002,13.539658546447754,0.377522,nan
65616,903,93.87400000000011,12.155096054077148,0.3766480000000001,nan
65711,904,-749.8589999999999,13.878122329711914,0.37574550000000007,nan
65825,905,-481.16900000000004,22.12036895751953,0.3746625,nan
65951,906,-85.16999999999999,15.094919204711914,0.3734655,nan
66036,907,-538.8360000000001,18.80476951599121,0.37265800000000004,nan
66149,908,-716.761,27.249164581298828,0.3715845,nan
66266,909,-153.26999999999995,13.699911117553711,0.37047300000000005,nan
66353,910,-737.2129999999999,15.079523086547852,0.3696465000000001,nan
66413,911,13.039000000000073,13.472814559936523,0.36907650000000003,nan
66522,912,-233.62600000000018,13.015191078186035,0.36804099999999995,nan
66618,913,-300.56,15.695231437683105,0.36712900000000004,nan
66754,914,-58.578000000000046,13.341465950012207,0.36583699999999997,nan
66882,915,28.009999999999977,18.20723533630371,0.3646210000000001,nan
66979,916,-388.72399999999993,11.011157989501953,0.36369950000000006,nan
67066,917,-382.578,11.706487655639648,0.362873,nan
67139,918,-555.4650000000001,24.114221572875977,0.3621795,nan
67223,919,-393.776,21.42852020263672,0.3613815,nan
67333,920,-145.19399999999996,20.01513671875,0.36033650000000006,nan
67439,921,-287.22400000000005,9.927807807922363,0.35932949999999997,nan
67529,922,-223.48699999999985,28.563371658325195,0.35847450000000003,nan
67648,923,-1004.4089999999998,16.195823669433594,0.3573440000000001,nan
67779,924,-1072.2279999999996,12.543882369995117,0.3560995,nan
67847,925,-123.57300000000012,18.206588745117188,0.3554535,nan
67916,926,-274.3879999999999,12.296594619750977,0.35479800000000006,nan
67998,927,-579.1210000000003,15.59971809387207,0.354019,nan
68099,928,-104.45999999999994,14.956524848937988,0.3530595000000001,nan
68212,929,-115.64399999999985,16.39288330078125,0.35198600000000013,nan
68320,930,-978.1089999999996,14.212203979492188,0.35096000000000005,nan
68450,931,-554.6779999999999,16.829322814941406,0.34972500000000006,nan
68555,932,-24.10599999999988,17.86312484741211,0.3487275000000001,nan
68705,933,-557.0790000000001,11.45366096496582,0.34730249999999996,nan
68795,934,-178.33300000000003,20.340587615966797,0.34644750000000013,nan
68898,935,-138.26700000000002,17.783031463623047,0.345469,nan
69004,936,-597.9519999999999,19.76840591430664,0.34446200000000005,nan
69101,937,-305.4369999999999,20.349857330322266,0.3435405,nan
69198,938,-540.6900000000002,14.805066108703613,0.342619,nan
69296,939,-102.40999999999988,14.463151931762695,0.341688,nan
69399,940,-602.123,19.537965774536133,0.3407095,nan
69513,941,-243.40900000000008,13.069206237792969,0.33962650000000005,nan
69594,942,-419.1479999999998,19.94283103942871,0.3388570000000001,nan
69728,943,-528.89,23.530038833618164,0.337584,nan
69893,944,110.39099999999974,16.63733673095703,0.33601649999999994,nan
69982,945,-264.4779999999998,16.397537231445312,0.335171,nan
70000,946,72.185,11.522852897644043,0.3350000000000001,50.328058823529396
70071,946,-431.408,15.708475112915039,0.33432549999999994,nan
70231,947,-96.64600000000002,9.644577026367188,0.3328055000000001,nan
70332,948,-500.21900000000005,14.333325386047363,0.3318460000000001,nan
70433,949,-103.64000000000004,25.29806137084961,0.3308865,nan
70508,950,-465.771,23.887901306152344,0.33017399999999997,nan
70645,951,-187.40700000000004,20.43674087524414,0.3288725,nan
70769,952,-381.43600000000004,10.419038772583008,0.3276945,nan
70832,953,-123.67600000000002,14.732331275939941,0.32709600000000005,nan
70981,954,-497.05600000000027,17.798892974853516,0.32568049999999993,nan
71074,955,-724.6679999999999,14.512232780456543,0.324797,nan
71156,956,-473.3340000000003,13.309710502624512,0.32401800000000003,nan
71302,957,-797.6189999999999,13.00904655456543,0.322631,nan
71428,958,-713.3699999999999,15.65602970123291,0.321434,nan
71529,959,-90.41100000000003,13.852251052856445,0.3204745,nan
71617,960,-148.54299999999998,10.695508003234863,0.31963850000000005,nan
71716,961,-95.90500000000007,14.298138618469238,0.31869800000000004,nan
71797,962,-369.80300000000005,12.26202392578125,0.31792850000000006,nan
71932,963,-51.63399999999996,13.902955055236816,0.3166460000000001,nan
72018,964,-531.658,11.794952392578125,0.315829,nan
72107,965,-295.852,11.154071807861328,0.3149835000000001,nan
72205,966,55.16799999999994,19.684335708618164,0.31405250000000007,nan
72287,967,-273.99699999999996,11.310079574584961,0.3132735,nan
72437,968,283.8960000000002,11.637167930603027,0.3118485000000001,nan
72526,969,-213.75099999999998,15.026915550231934,0.31100300000000003,nan
72602,970,-1038.6299999999997,18.41126251220703,0.31028100000000003,nan
72710,971,-301.0579999999999,13.893953323364258,0.30925500000000006,nan
72832,972,-180.615,12.984026908874512,0.30809600000000004,nan
72921,973,-760.2039999999998,18.5643367767334,0.3072505,nan
73058,974,-317.4649999999998,21.3591251373291,0.305949,nan
73145,975,-504.60100000000034,15.057938575744629,0.30512249999999996,nan
73282,976,-283.02199999999993,17.562379837036133,0.303821,nan
73380,977,-98.98399999999978,16.968074798583984,0.30289,nan
73465,978,-140.81200000000007,16.63722038269043,0.30208250000000003,nan
73563,979,-727.4980000000002,9.235048294067383,0.3011515,nan
73665,980,-222.44200000000004,12.422407150268555,0.3001825,nan
73851,981,-140.8329999999999,17.809432983398438,0.29841550000000006,nan
73955,982,-402.89400000000006,14.136314392089844,0.29742749999999996,nan
74107,983,-254.9139999999999,8.476759910583496,0.29598350000000007,nan
74202,984,-203.70999999999998,16.53289222717285,0.29508100000000004,nan
74396,985,-623.2600000000002,8.596755027770996,0.2932380000000001,nan
74509,986,-505.61100000000056,17.38054084777832,0.29216450000000005,nan
74629,987,108.1389999999999,12.610197067260742,0.2910245,nan
74720,988,-405.61,22.68221092224121,0.2901600000000001,nan
74890,989,-164.7099999999998,14.510808944702148,0.28854500000000005,nan
74996,990,-88.20200000000013,17.656627655029297,0.28753800000000007,nan
75115,991,-953.1519999999995,32.443965911865234,0.28640750000000004,nan
75213,992,-176.91400000000004,22.100032806396484,0.2854765,nan
75317,993,-309.52800000000025,16.66312026977539,0.28448850000000003,nan
75407,994,-334.03900000000004,18.735931396484375,0.2836335,nan
75544,995,-257.311,12.091621398925781,0.282332,nan
75635,996,-792.3480000000002,17.39602279663086,0.2814675000000001,nan
75790,997,-236.587,19.340251922607422,0.279995,nan
75908,998,-223.27999999999992,15.374581336975098,0.27887400000000007,nan
76014,999,-738.7669999999999,9.796306610107422,0.277867,nan
76138,1000,-562.4430000000003,15.50185775756836,0.2766890000000001,nan
76254,1001,-356.0540000000001,14.581110000610352,0.275587,nan
76341,1002,-194.38300000000015,19.337589263916016,0.27476049999999996,nan
76477,1003,-474.9349999999999,17.95410919189453,0.2734685000000001,nan
76571,1004,-456.9810000000001,11.11845588684082,0.2725755000000001,nan
76674,1005,-644.5609999999997,16.344989776611328,0.2715970000000001,nan
76816,1006,-358.0120000000001,18.461164474487305,0.27024800000000004,nan
76938,1007,-1225.2509999999993,12.091716766357422,0.26908900000000013,nan
77102,1008,-292.9019999999999,12.612783432006836,0.26753099999999996,nan
77246,1009,-231.75600000000009,13.29456901550293,0.26616300000000004,nan
77436,1010,-404.99500000000046,13.348274230957031,0.264358,nan
77585,1011,-929.5679999999987,13.999850273132324,0.26294249999999997,nan
77724,1012,-624.4479999999994,13.198813438415527,0.261622,nan
77843,1013,-256.42599999999993,15.251934051513672,0.2604915000000001,nan
78003,1014,167.05399999999898,9.396519660949707,0.2589715,nan
78096,1015,-47.012000000000256,19.07093048095703,0.2580880000000001,nan
78210,1016,-172.68899999999982,12.51239013671875,0.25700500000000004,nan
78307,1017,-187.48899999999998,15.45307445526123,0.2560835,nan
78430,1018,-291.09699999999987,25.0006160736084,0.254915,nan
78525,1019,-128.72100000000012,11.759160041809082,0.2540125000000001,nan
78645,1020,-232.76300000000026,13.770465850830078,0.25287250000000006,nan
78763,1021,-283.69500000000005,18.17864227294922,0.2517515,nan
78848,1022,-261.11,14.316311836242676,0.25094400000000006,nan
78945,1023,-277.55800000000016,15.168205261230469,0.25002250000000004,nan
79054,1024,-707.7840000000001,15.353743553161621,0.24898700000000007,nan
79245,1025,6.664999999999537,13.506072998046875,0.24717250000000002,nan
79335,1026,-211.33099999999993,12.794337272644043,0.24631750000000008,nan
79407,1027,-198.61799999999988,15.785508155822754,0.24563349999999995,nan
79478,1028,-100.07900000000025,14.218518257141113,0.24495900000000004,nan
79586,1029,-424.55500000000023,13.851909637451172,0.24393300000000007,nan
79674,1030,-301.73199999999986,13.865532875061035,0.243097,nan
79832,1031,-1171.9639999999988,15.7645902633667,0.24159600000000003,nan
79937,1032,-411.73400000000004,14.781327247619629,0.24059850000000005,nan
80000,1033,78.43199999999989,10.656269073486328,0.24,51.8410588235294
80043,1033,-471.953,18.572309494018555,0.23959150000000007,nan
80237,1034,74.43399999999993,16.04619026184082,0.23774850000000003,nan
80376,1035,-575.6490000000007,14.64686107635498,0.23642799999999997,nan
80485,1036,-210.11599999999999,19.586082458496094,0.23539250000000012,nan
80641,1037,-492.5250000000001,15.00271987915039,0.23391050000000002,nan
80808,1038,-836.9209999999993,16.36798858642578,0.23232399999999997,nan
80891,1039,-577.575,12.169723510742188,0.2315355,nan
81072,1040,360.4190000000004,14.83508586883545,0.22981600000000002,nan
81192,1041,-472.46000000000026,12.490839004516602,0.2286760000000001,nan
81368,1042,-664.1030000000001,17.07320785522461,0.2270040000000001,nan
81482,1043,-352.32499999999953,15.808453559875488,0.22592100000000004,nan
81585,1044,-389.4100000000001,12.606456756591797,0.22494250000000005,nan
81713,1045,-224.86,16.12116050720215,0.22372650000000005,nan
81845,1046,-499.675,12.958155632019043,0.22247250000000007,nan
81933,1047,-196.403,14.382160186767578,0.22163650000000001,nan
82039,1048,-505.5100000000001,29.22170639038086,0.22062950000000003,nan
82187,1049,-240.95699999999997,9.230165481567383,0.21922350000000002,nan
82282,1050,-263.26399999999995,15.687202453613281,0.218321,nan
82382,1051,-771.0349999999996,20.685546875,0.2173710000000001,nan
82578,1052,-397.4549999999999,11.30550479888916,0.21550900000000006,nan
82704,1053,-245.59299999999993,8.710082054138184,0.21431200000000006,nan
82858,1054,-247.10500000000002,8.904272079467773,0.21284900000000007,nan
83059,1055,-123.2229999999999,17.323776245117188,0.21093949999999995,nan
83209,1056,168.53799999999939,15.713210105895996,0.20951450000000005,nan
83380,1057,-306.33299999999963,10.918266296386719,0.20789000000000002,nan
83571,1058,106.9089999999999,13.757583618164062,0.20607550000000008,nan
83732,1059,-653.0250000000002,16.499900817871094,0.20454600000000012,nan
83830,1060,-326.3799999999999,13.056329727172852,0.203615,nan
83963,1061,-849.5499999999998,10.344112396240234,0.20235150000000002,nan
84101,1062,-840.9059999999996,14.681982040405273,0.20104049999999996,nan
84246,1063,-116.06999999999991,12.48601245880127,0.19966300000000003,nan
84398,1064,-592.7990000000001,16.328371047973633,0.19821900000000003,nan
84489,1065,-229.52699999999984,20.231239318847656,0.1973545,nan
84720,1066,-620.6719999999999,16.80204963684082,0.1951600000000001,nan
84875,1067,-380.1790000000001,13.44459342956543,0.1936875,nan
85038,1068,-164.33600000000013,12.124914169311523,0.19213900000000006,nan
85287,1069,-356.5479999999999,17.813634872436523,0.18977350000000004,nan
85468,1070,-787.7760000000002,13.815781593322754,0.18805400000000005,nan
85645,1071,-68.12600000000003,18.21442222595215,0.18637249999999994,nan
85871,1072,-802.5959999999997,12.094284057617188,0.18422550000000004,nan
86022,1073,-412.996,15.819042205810547,0.18279100000000004,nan
86248,1074,70.14899999999977,14.56556224822998,0.18064400000000003,nan
86372,1075,-278.3139999999997,19.085433959960938,0.17946600000000001,nan
86484,1076,-61.774999999999906,9.82552719116211,0.17840199999999995,nan
86600,1077,-45.11099999999995,16.369632720947266,0.1773,nan
86852,1078,-329.4529999999998,13.089337348937988,0.17490600000000012,nan
86948,1079,-341.1070000000001,12.342462539672852,0.17399399999999998,nan
87151,1080,-465.64099999999985,21.734973907470703,0.17206549999999998,nan
87338,1081,-227.6770000000002,13.307676315307617,0.17028900000000002,nan
87601,1082,-318.0759999999997,18.55133819580078,0.16779050000000006,nan
87754,1083,-751.4849999999998,19.28730583190918,0.16633700000000007,nan
87859,1084,-397.947,18.335529327392578,0.16533950000000008,nan
88093,1085,-513.8340000000003,17.55380630493164,0.1631165,nan
88274,1086,-207.1089999999999,15.319777488708496,0.16139700000000012,nan
88393,1087,-140.10199999999995,12.704142570495605,0.1602665000000001,nan
88575,1088,-520.9520000000002,18.7486572265625,0.1585375,nan
88829,1089,-563.5040000000006,16.018007278442383,0.1561245,nan
89001,1090,-606.9170000000005,9.69916820526123,0.15449050000000009,nan
89113,1091,-388.44500000000016,12.249002456665039,0.15342650000000002,nan
89233,1092,-158.11799999999994,15.23453426361084,0.1522865000000001,nan
89299,1093,-175.06799999999998,20.77191925048828,0.15165950000000006,nan
89385,1094,-195.01700000000005,20.891162872314453,0.1508425,nan
89523,1095,-311.99999999999994,14.23802375793457,0.14953150000000004,nan
89663,1096,-138.2069999999999,13.419597625732422,0.14820149999999999,nan
89822,1097,-102.97400000000103,16.645790100097656,0.14669100000000002,nan
89935,1098,-316.467,11.383056640625,0.14561750000000007,nan
90000,1099,363.7180000000001,11.350473403930664,0.14500000000000002,43.53042105263157
90086,1099,-264.2709999999998,24.781902313232422,0.14418300000000006,nan
90179,1100,-334.236,15.58822250366211,0.14329950000000002,nan
90319,1101,-302.39899999999983,14.737905502319336,0.14196949999999997,nan
90540,1102,-790.7829999999993,16.22657585144043,0.13987000000000005,nan
90704,1103,-518.364,13.361162185668945,0.1383120000000001,nan
90854,1104,-399.66100000000006,14.650228500366211,0.13688699999999998,nan
91067,1105,-149.31199999999993,21.144580841064453,0.13486350000000003,nan
91219,1106,-422.8620000000003,9.670645713806152,0.13341950000000014,nan
91479,1107,-588.9820000000001,13.212059020996094,0.13094950000000005,nan
91596,1108,-264.68800000000005,15.617870330810547,0.129838,nan
91731,1109,-307.23799999999983,13.833495140075684,0.12855550000000004,nan
91882,1110,-637.817,12.48270034790039,0.12712100000000004,nan
92073,1111,-780.3209999999998,16.056575775146484,0.1253065,nan
92205,1112,-489.6420000000003,10.351861000061035,0.12405250000000001,nan
92345,1113,-512.9750000000003,12.549365997314453,0.12272250000000007,nan
92566,1114,-508.45700000000056,11.867806434631348,0.12062300000000004,nan
92739,1115,-243.39599999999967,17.989099502563477,0.11897950000000002,nan
92882,1116,-407.64899999999994,14.2031831741333,0.11762100000000009,nan
93147,1117,-1230.1619999999978,13.670670509338379,0.11510350000000003,nan
93378,1118,-304.89800000000014,17.029861450195312,0.11290900000000004,nan
93495,1119,-316.56399999999996,9.92347240447998,0.1117975000000001,nan
93738,1120,-722.667,13.834633827209473,0.10948900000000006,nan
94008,1121,-982.4229999999995,18.92683982849121,0.10692400000000002,nan
94187,1122,-572.7360000000006,9.964983940124512,0.10522350000000003,nan
94361,1123,-699.6730000000001,17.413230895996094,0.10357050000000012,nan
94604,1124,-517.7810000000003,15.930065155029297,0.10126200000000007,nan
94749,1125,-729.9179999999999,14.413985252380371,0.09988450000000004,nan
94867,1126,-394.97300000000007,13.843472480773926,0.0987635,nan
95156,1127,-320.8749999999996,16.442276000976562,0.09601800000000005,nan
95380,1128,-315.5199999999997,12.555241584777832,0.09389000000000003,nan
95511,1129,-199.2819999999998,12.51220703125,0.09264550000000005,nan
95746,1130,-1069.2599999999984,9.246702194213867,0.09041300000000008,nan
96037,1131,-584.8740000000003,14.781486511230469,0.08764850000000013,nan
96247,1132,-735.7679999999996,10.855890274047852,0.08565350000000005,nan
96476,1133,-689.3130000000006,12.451831817626953,0.08347800000000005,nan
96676,1134,-222.37399999999974,19.93484878540039,0.08157800000000004,nan
96842,1135,-550.931,17.841915130615234,0.0800010000000001,nan
97098,1136,-164.0639999999998,12.014683723449707,0.07756900000000011,nan
97364,1137,-338.12000000000023,19.27420997619629,0.07504200000000005,nan
97591,1138,-8.086999999999904,14.183724403381348,0.07288549999999994,nan
97938,1139,-780.5809999999997,27.095285415649414,0.06958900000000001,nan
98199,1140,-337.46699999999964,13.709521293640137,0.06710950000000004,nan
98520,1141,-613.987999999999,17.346349716186523,0.06406000000000012,nan
98767,1142,-985.0499999999985,12.102463722229004,0.06171349999999998,nan
98953,1143,-902.2659999999993,15.333612442016602,0.059946500000000014,nan
99068,1144,-531.3309999999999,18.924484252929688,0.05885400000000007,nan
99268,1145,-10.944999999999965,18.72679328918457,0.05695400000000006,nan
99481,1146,-377.1290000000002,14.957002639770508,0.054930500000000104,nan
99616,1147,-312.82,12.232059478759766,0.05364800000000003,nan
99950,1148,-1246.8349999999973,13.309907913208008,0.05047499999999994,nan
100000,1149,260.69499999999994,13.979235649108887,0.050000000000000044,31.430020408163255
100176,1149,-965.5539999999979,18.862682342529297,0.050000000000000044,nan
100405,1150,-542.4730000000001,20.31859588623047,0.050000000000000044,nan
100695,1151,-728.301,12.82738208770752,0.050000000000000044,nan
101026,1152,-965.2319999999985,14.079609870910645,0.050000000000000044,nan
101205,1153,-666.5230000000006,9.317178726196289,0.050000000000000044,nan
101436,1154,-354.864,9.17938232421875,0.050000000000000044,nan
101724,1155,-467.3340000000002,14.16440200805664,0.050000000000000044,nan
102053,1156,-850.761999999999,16.673234939575195,0.050000000000000044,nan
102302,1157,-730.1659999999994,16.365055084228516,0.050000000000000044,nan
102538,1158,-426.234,6.5800628662109375,0.050000000000000044,nan
102704,1159,-408.47900000000004,13.669605255126953,0.050000000000000044,nan
102865,1160,-504.20099999999985,15.95748519897461,0.050000000000000044,nan
103081,1161,-439.6380000000001,16.985824584960938,0.050000000000000044,nan
103352,1162,-606.7170000000004,13.642356872558594,0.050000000000000044,nan
103569,1163,-497.23400000000004,23.473377227783203,0.050000000000000044,nan
103842,1164,-463.13600000000054,16.76375389099121,0.050000000000000044,nan
104162,1165,-840.1619999999982,26.073570251464844,0.050000000000000044,nan
104420,1166,-92.39499999999964,28.050920486450195,0.050000000000000044,nan
104609,1167,-640.866,18.40414047241211,0.050000000000000044,nan
104851,1168,-525.3319999999999,11.57175064086914,0.050000000000000044,nan
105079,1169,-619.5359999999997,15.188835144042969,0.050000000000000044,nan
105389,1170,-833.4569999999984,14.522560119628906,0.050000000000000044,nan
105618,1171,-375.4659999999998,14.639551162719727,0.050000000000000044,nan
106080,1172,-434.19299999999936,17.082494735717773,0.050000000000000044,nan
106291,1173,-413.4710000000001,11.388270378112793,0.050000000000000044,nan
106599,1174,-325.32299999999964,10.567859649658203,0.050000000000000044,nan
106789,1175,-985.1239999999996,13.233806610107422,0.050000000000000044,nan
107025,1176,-950.274999999999,29.748531341552734,0.050000000000000044,nan
107237,1177,-695.4350000000002,17.122600555419922,0.050000000000000044,nan
107590,1178,-438.254999999999,17.180429458618164,0.050000000000000044,nan
107825,1179,-433.9440000000002,13.648993492126465,0.050000000000000044,nan
108147,1180,-382.65000000000003,17.01306915283203,0.050000000000000044,nan
108480,1181,-648.0570000000006,15.58236312866211,0.050000000000000044,nan
108798,1182,-650.5480000000001,19.595775604248047,0.050000000000000044,nan
109130,1183,-965.9229999999964,15.516888618469238,0.050000000000000044,nan
109486,1184,-1063.3459999999964,10.6151123046875,0.050000000000000044,nan
109856,1185,-1094.2309999999964,15.681090354919434,0.050000000000000044,nan
110000,1186,262.0090000000006,11.409540176391602,0.050000000000000044,43.52107692307691
110095,1186,-561.6399999999995,12.191387176513672,0.050000000000000044,nan
110308,1187,-531.9020000000005,12.87234878540039,0.050000000000000044,nan
110646,1188,-196.5879999999996,15.445587158203125,0.050000000000000044,nan
110750,1189,-495.1030000000001,13.372173309326172,0.050000000000000044,nan
111135,1190,8.246000000000254,8.902215003967285,0.050000000000000044,nan
111347,1191,-485.53200000000095,15.19700813293457,0.050000000000000044,nan
111677,1192,-1175.642999999997,13.609374046325684,0.050000000000000044,nan
111934,1193,-516.9129999999999,19.9267520904541,0.050000000000000044,nan
112167,1194,-713.6750000000002,7.4955902099609375,0.050000000000000044,nan
112371,1195,-503.9890000000001,14.418791770935059,0.050000000000000044,nan
112544,1196,-348.1380000000005,14.52561092376709,0.050000000000000044,nan
112806,1197,-389.8070000000005,9.613578796386719,0.050000000000000044,nan
113203,1198,-580.658,15.24930191040039,0.050000000000000044,nan
113556,1199,-179.40399999999931,13.0464448928833,0.050000000000000044,nan
113823,1200,-613.7250000000001,13.623516082763672,0.050000000000000044,nan
114003,1201,-424.99900000000014,17.30109214782715,0.050000000000000044,nan
114189,1202,-621.6210000000003,15.076849937438965,0.050000000000000044,nan
114418,1203,-159.61199999999923,18.80573272705078,0.050000000000000044,nan
114719,1204,-380.7649999999993,13.672829627990723,0.050000000000000044,nan
114990,1205,-1172.525999999997,12.973250389099121,0.050000000000000044,nan
115205,1206,-314.13599999999985,18.701793670654297,0.050000000000000044,nan
115383,1207,-25.49399999999943,9.105388641357422,0.050000000000000044,nan
115574,1208,-423.0020000000004,11.302323341369629,0.050000000000000044,nan
115826,1209,-908.7339999999988,32.258872985839844,0.050000000000000044,nan
116101,1210,-1153.9189999999976,17.085426330566406,0.050000000000000044,nan
116473,1211,-744.0779999999995,17.298606872558594,0.050000000000000044,nan
116821,1212,-181.60700000000008,13.235523223876953,0.050000000000000044,nan
117183,1213,-834.1520000000003,15.619543075561523,0.050000000000000044,nan
117599,1214,-834.0829999999977,12.489654541015625,0.050000000000000044,nan
117904,1215,-1032.0049999999974,18.400592803955078,0.050000000000000044,nan
118164,1216,-538.8590000000002,10.680002212524414,0.050000000000000044,nan
118326,1217,-312.16899999999976,9.367674827575684,0.050000000000000044,nan
118640,1218,-300.7859999999994,12.347434997558594,0.050000000000000044,nan
118959,1219,-1037.7309999999982,12.851533889770508,0.050000000000000044,nan
119232,1220,-504.5049999999995,11.12211799621582,0.050000000000000044,nan
119580,1221,124.80399999999992,10.54407787322998,0.050000000000000044,nan
119924,1222,-234.66399999999982,13.5971040725708,0.050000000000000044,nan
120000,1223,172.5100000000002,13.800884246826172,0.050000000000000044,52.25503030303029
120286,1223,-1340.725999999996,16.273353576660156,0.050000000000000044,nan
120598,1224,-330.62199999999956,12.058014869689941,0.050000000000000044,nan
120842,1225,-397.97600000000017,11.414552688598633,0.050000000000000044,nan
121130,1226,-306.12900000000127,16.593965530395508,0.050000000000000044,nan
121474,1227,-439.84699999999987,13.29544448852539,0.050000000000000044,nan
121728,1228,-554.7969999999999,7.583311557769775,0.050000000000000044,nan
121954,1229,-348.8249999999997,10.146005630493164,0.050000000000000044,nan
122292,1230,-496.42199999999946,10.61947250366211,0.050000000000000044,nan
122702,1231,-399.2019999999999,9.000839233398438,0.050000000000000044,nan
122900,1232,-407.3099999999998,10.039406776428223,0.050000000000000044,nan
123214,1233,-531.6150000000007,14.761085510253906,0.050000000000000044,nan
123426,1234,-443.48400000000026,14.755687713623047,0.050000000000000044,nan
123719,1235,-405.81200000000115,10.170540809631348,0.050000000000000044,nan
123955,1236,-902.6439999999992,9.815716743469238,0.050000000000000044,nan
124053,1237,-351.67799999999994,10.183063507080078,0.050000000000000044,nan
124343,1238,-129.80200000000167,14.878985404968262,0.050000000000000044,nan
124796,1239,229.03500000000113,15.263229370117188,0.050000000000000044,nan
125232,1240,-1073.5349999999953,7.712094783782959,0.050000000000000044,nan
125556,1241,-80.99199999999965,11.573132514953613,0.050000000000000044,nan
125836,1242,-866.2709999999985,13.652252197265625,0.050000000000000044,nan
126074,1243,-798.5299999999993,14.443863868713379,0.050000000000000044,nan
126559,1244,-626.2479999999999,12.393598556518555,0.050000000000000044,nan
126885,1245,-1241.182999999996,13.33015251159668,0.050000000000000044,nan
127276,1246,-545.4009999999993,10.743000984191895,0.050000000000000044,nan
127688,1247,-254.01899999999983,12.444127082824707,0.050000000000000044,nan
128343,1248,-337.2679999999999,14.381970405578613,0.050000000000000044,nan
128778,1249,-826.4289999999979,9.262186050415039,0.050000000000000044,nan
129138,1250,-564.2069999999998,13.945980072021484,0.050000000000000044,nan
129467,1251,-100.46299999999931,15.854104042053223,0.050000000000000044,nan
129976,1252,-257.45799999999963,10.82565975189209,0.050000000000000044,nan
130000,1253,103.046,13.356410026550293,0.050000000000000044,42.47929729729728
130439,1253,-520.6210000000003,11.435386657714844,0.050000000000000044,nan
130649,1254,-217.2229999999998,15.106614112854004,0.050000000000000044,nan
130900,1255,-625.7710000000003,15.51855754852295,0.050000000000000044,nan
131271,1256,-960.8769999999984,9.366453170776367,0.050000000000000044,nan
131740,1257,13.501000000000216,10.355942726135254,0.050000000000000044,nan
132258,1258,-227.52599999999978,14.746245384216309,0.050000000000000044,nan
132537,1259,-819.7759999999994,7.161880970001221,0.050000000000000044,nan
132806,1260,-692.2990000000001,11.937859535217285,0.050000000000000044,nan
133057,1261,-428.8560000000003,10.3440523147583,0.050000000000000044,nan
133441,1262,-897.6689999999969,11.864217758178711,0.050000000000000044,nan
133796,1263,-886.8949999999986,12.085159301757812,0.050000000000000044,nan
134032,1264,-324.3800000000002,14.760169982910156,0.050000000000000044,nan
134290,1265,-499.83500000000004,11.033417701721191,0.050000000000000044,nan
134561,1266,-525.2500000000005,9.524913787841797,0.050000000000000044,nan
134880,1267,-690.9199999999998,13.04165267944336,0.050000000000000044,nan
135275,1268,-339.82599999999917,13.419569969177246,0.050000000000000044,nan
135514,1269,-624.9180000000005,10.207651138305664,0.050000000000000044,nan
135998,1270,-274.1589999999994,11.505942344665527,0.050000000000000044,nan
136273,1271,-1228.876999999998,14.930098533630371,0.050000000000000044,nan
136559,1272,-85.41699999999989,11.772821426391602,0.050000000000000044,nan
137016,1273,-797.3389999999981,10.869227409362793,0.050000000000000044,nan
137340,1274,-792.0079999999992,9.336494445800781,0.050000000000000044,nan
137654,1275,-612.9300000000003,11.799324035644531,0.050000000000000044,nan
137900,1276,-687.7070000000002,14.356466293334961,0.050000000000000044,nan
138289,1277,-299.2889999999993,8.045164108276367,0.050000000000000044,nan
138798,1278,44.45699999999989,11.49323558807373,0.050000000000000044,nan
139225,1279,-231.56499999999915,12.251750946044922,0.050000000000000044,nan
139688,1280,-680.8199999999993,17.407228469848633,0.050000000000000044,nan
139934,1281,-1033.663999999999,11.928459167480469,0.050000000000000044,nan
140000,1282,206.1220000000001,11.39143180847168,0.050000000000000044,30.551708333333327
140205,1282,-969.4559999999981,9.123950004577637,0.050000000000000044,nan
140400,1283,-426.79799999999994,11.27352523803711,0.050000000000000044,nan
140928,1284,-202.1680000000001,11.209062576293945,0.050000000000000044,nan
141217,1285,-382.40800000000195,12.67226791381836,0.050000000000000044,nan
141648,1286,-364.0670000000001,8.107917785644531,0.050000000000000044,nan
142053,1287,-550.3939999999998,7.996551036834717,0.050000000000000044,nan
142318,1288,-1423.470999999997,6.236757278442383,0.050000000000000044,nan
142623,1289,-370.32799999999963,9.508936882019043,0.050000000000000044,nan
143052,1290,-699.2689999999993,15.159538269042969,0.050000000000000044,nan
143478,1291,-106.46599999999854,8.430042266845703,0.050000000000000044,nan
143747,1292,-820.386,14.502969741821289,0.050000000000000044,nan
144233,1293,-60.66999999999966,9.773677825927734,0.050000000000000044,nan
144512,1294,-400.89700000000005,11.265430450439453,0.050000000000000044,nan
144913,1295,-506.78599999999955,11.884675979614258,0.050000000000000044,nan
145204,1296,-532.8709999999999,6.971582889556885,0.050000000000000044,nan
145710,1297,-405.2629999999996,12.671564102172852,0.050000000000000044,nan
146174,1298,-161.908,12.851945877075195,0.050000000000000044,nan
146642,1299,-801.0669999999984,9.114124298095703,0.050000000000000044,nan
147106,1300,-499.2559999999996,9.263837814331055,0.050000000000000044,nan
147554,1301,-55.88099999999995,10.6810302734375,0.050000000000000044,nan
148045,1302,-137.0029999999999,11.267010688781738,0.050000000000000044,nan
148445,1303,-192.34499999999994,11.592921257019043,0.050000000000000044,nan
148833,1304,-498.5499999999999,11.257139205932617,0.050000000000000044,nan
149161,1305,-344.9690000000003,9.93128776550293,0.050000000000000044,nan
149431,1306,-697.6889999999999,6.487301349639893,0.050000000000000044,nan
149916,1307,62.73600000000094,14.171420097351074,0.050000000000000044,nan
150000,1308,246.19899999999996,10.743738174438477,0.050000000000000044,48.203666666666656
150521,1308,-251.7389999999998,14.63196086883545,0.050000000000000044,nan
150774,1309,-1203.0099999999984,7.137819290161133,0.050000000000000044,nan
151002,1310,-828.0119999999997,5.222695350646973,0.050000000000000044,nan
151645,1311,-608.0890000000006,7.128309726715088,0.050000000000000044,nan
152046,1312,-371.7749999999999,12.2662992477417,0.050000000000000044,nan
152588,1313,-54.333999999999776,13.779951095581055,0.050000000000000044,nan
152828,1314,-314.5089999999999,9.062346458435059,0.050000000000000044,nan
153189,1315,4.233000000000445,8.521341323852539,0.050000000000000044,nan
153616,1316,-188.87000000000023,11.390308380126953,0.050000000000000044,nan
153795,1317,-620.3730000000006,10.035548210144043,0.050000000000000044,nan
154322,1318,-35.00699999999972,8.716157913208008,0.050000000000000044,nan
154732,1319,-148.15799999999973,8.34379768371582,0.050000000000000044,nan
155197,1320,-876.3349999999997,12.72455883026123,0.050000000000000044,nan
155453,1321,-291.67499999999944,7.250247955322266,0.050000000000000044,nan
155715,1322,-566.5260000000003,9.260069847106934,0.050000000000000044,nan
156141,1323,-398.26800000000003,8.985541343688965,0.050000000000000044,nan
156619,1324,20.415999999999816,8.122777938842773,0.050000000000000044,nan
156901,1325,-568.0470000000006,9.093003273010254,0.050000000000000044,nan
157300,1326,603.2159999999967,7.861998558044434,0.050000000000000044,nan
157589,1327,13.56300000000057,9.661615371704102,0.050000000000000044,nan
157855,1328,-1004.7250000000006,10.912397384643555,0.050000000000000044,nan
157964,1329,-325.933,9.90239429473877,0.050000000000000044,nan
158367,1330,184.7170000000003,13.052142143249512,0.050000000000000044,nan
158774,1331,-1040.518999999998,6.869102478027344,0.050000000000000044,nan
159173,1332,-931.9589999999981,8.624273300170898,0.050000000000000044,nan
159635,1333,-31.21399999999971,10.287825584411621,0.050000000000000044,nan
159959,1334,-687.3010000000002,15.322343826293945,0.050000000000000044,nan
160000,1335,294.214,6.686319828033447,0.050000000000000044,29.003692307692305
160320,1335,-529.523,5.9842329025268555,0.050000000000000044,nan
160644,1336,-437.90100000000047,7.66018009185791,0.050000000000000044,nan
160994,1337,-648.5099999999995,9.446178436279297,0.050000000000000044,nan
161270,1338,-499.1760000000015,8.12043285369873,0.050000000000000044,nan
161758,1339,-780.4439999999989,6.050645351409912,0.050000000000000044,nan
161966,1340,-568.4610000000004,10.705329895019531,0.050000000000000044,nan
162133,1341,-268.6369999999998,14.228291511535645,0.050000000000000044,nan
162346,1342,-519.522,9.737305641174316,0.050000000000000044,nan
162639,1343,-735.8859999999993,9.088123321533203,0.050000000000000044,nan
162790,1344,-689.3030000000003,9.175379753112793,0.050000000000000044,nan
163124,1345,-1041.2459999999976,8.30593204498291,0.050000000000000044,nan
163296,1346,-476.54700000000037,9.476553916931152,0.050000000000000044,nan
163992,1347,-368.4689999999996,10.283672332763672,0.050000000000000044,nan
164530,1348,261.82199999999744,8.123030662536621,0.050000000000000044,nan
164860,1349,-1367.213999999997,10.699912071228027,0.050000000000000044,nan
165354,1350,-364.2769999999997,7.715574264526367,0.050000000000000044,nan
165619,1351,-242.82299999999995,6.129613876342773,0.050000000000000044,nan
166224,1352,-353.30499999999915,11.583145141601562,0.050000000000000044,nan
166759,1353,-769.0849999999987,6.626104354858398,0.050000000000000044,nan
167233,1354,292.9209999999998,6.622428894042969,0.050000000000000044,nan
167691,1355,-653.9399999999996,10.960916519165039,0.050000000000000044,nan
167946,1356,-1288.535999999997,6.3769330978393555,0.050000000000000044,nan
168155,1357,-349.0789999999997,9.6268949508667,0.050000000000000044,nan
168256,1358,-367.8830000000002,11.579658508300781,0.050000000000000044,nan
168629,1359,-528.419,10.534764289855957,0.050000000000000044,nan
169331,1360,-150.8749999999997,8.085519790649414,0.050000000000000044,nan
169759,1361,-703.3200000000002,9.01101303100586,0.050000000000000044,nan
169918,1362,-391.68499999999995,5.308841228485107,0.050000000000000044,nan
170000,1363,323.7909999999997,5.027484893798828,0.050000000000000044,25.12426785714286
170126,1363,-720.8880000000001,7.821647644042969,0.050000000000000044,nan
170528,1364,132.39800000000068,8.844557762145996,0.050000000000000044,nan
170929,1365,-783.950999999999,6.7832350730896,0.050000000000000044,nan
171130,1366,-346.5519999999995,7.247958660125732,0.050000000000000044,nan
171320,1367,-707.0049999999999,7.11202335357666,0.050000000000000044,nan
171496,1368,-295.56099999999986,12.927267074584961,0.050000000000000044,nan
171724,1369,-969.7379999999991,6.768774032592773,0.050000000000000044,nan
171917,1370,-417.34800000000007,7.528311252593994,0.050000000000000044,nan
172159,1371,-810.5140000000004,6.652223110198975,0.050000000000000044,nan
172398,1372,-540.7999999999996,6.84252405166626,0.050000000000000044,nan
172917,1373,-355.4989999999998,6.241995811462402,0.050000000000000044,nan
173385,1374,-449.9839999999993,8.481283187866211,0.050000000000000044,nan
173768,1375,-1264.6939999999986,8.163558006286621,0.050000000000000044,nan
174063,1376,-586.8630000000006,8.055673599243164,0.050000000000000044,nan
174404,1377,-952.2629999999979,10.135091781616211,0.050000000000000044,nan
174644,1378,-1459.6939999999977,10.09031867980957,0.050000000000000044,nan
175042,1379,329.1900000000007,8.853052139282227,0.050000000000000044,nan
175391,1380,-1308.0619999999954,4.813002109527588,0.050000000000000044,nan
175873,1381,-702.3120000000001,7.759796142578125,0.050000000000000044,nan
176010,1382,-229.13899999999984,9.112957954406738,0.050000000000000044,nan
176403,1383,-323.86,7.2582292556762695,0.050000000000000044,nan
176705,1384,-798.4289999999988,7.868987083435059,0.050000000000000044,nan
177194,1385,-934.4879999999981,5.352278232574463,0.050000000000000044,nan
177650,1386,-447.1379999999994,8.369452476501465,0.050000000000000044,nan
178146,1387,-558.088,6.313066005706787,0.050000000000000044,nan
178541,1388,-878.1449999999984,9.233683586120605,0.050000000000000044,nan
179099,1389,-408.968,5.074446678161621,0.050000000000000044,nan
179352,1390,-456.2820000000001,12.228275299072266,0.050000000000000044,nan
179762,1391,-117.51599999999968,9.355268478393555,0.050000000000000044,nan
180000,1392,-198.50000000000009,8.193243026733398,0.050000000000000044,30.130085106382978
180290,1392,-555.8860000000003,6.996957302093506,0.050000000000000044,nan
180798,1393,125.38600000000012,8.475879669189453,0.050000000000000044,nan
181488,1394,-575.4440000000005,8.523877143859863,0.050000000000000044,nan
182020,1395,-94.18899999999944,4.992212295532227,0.050000000000000044,nan
182571,1396,-314.3599999999993,12.30721664428711,0.050000000000000044,nan
183076,1397,105.19299999999994,7.597735404968262,0.050000000000000044,nan
183436,1398,-687.9830000000002,9.048046112060547,0.050000000000000044,nan
183955,1399,35.5060000000003,11.234136581420898,0.050000000000000044,nan
184315,1400,-736.5879999999997,10.10269832611084,0.050000000000000044,nan
185017,1401,-134.88100000000003,7.6913862228393555,0.050000000000000044,nan
185622,1402,-424.1529999999993,8.213155746459961,0.050000000000000044,nan
186007,1403,-587.0669999999998,6.108056545257568,0.050000000000000044,nan
186644,1404,216.0480000000004,10.512571334838867,0.050000000000000044,nan
187220,1405,-444.16999999999956,10.266372680664062,0.050000000000000044,nan
187612,1406,-531.0120000000005,7.0178728103637695,0.050000000000000044,nan
188039,1407,-860.8079999999989,8.970832824707031,0.050000000000000044,nan
188258,1408,-692.4350000000001,7.5329461097717285,0.050000000000000044,nan
188763,1409,-646.7959999999996,6.054714679718018,0.050000000000000044,nan
189169,1410,-1052.8989999999988,6.0207953453063965,0.050000000000000044,nan
189821,1411,-106.85800000000006,11.97653579711914,0.050000000000000044,nan
190000,1412,444.1620000000001,5.883816719055176,0.050000000000000044,81.00614285714285
190386,1412,-67.30600000000028,6.612562656402588,0.050000000000000044,nan
191032,1413,-123.70599999999995,7.858410835266113,0.050000000000000044,nan
191322,1414,-576.9439999999996,8.722107887268066,0.050000000000000044,nan
191444,1415,-670.2860000000001,8.810038566589355,0.050000000000000044,nan
191630,1416,-244.0829999999998,7.645726203918457,0.050000000000000044,nan
192139,1417,-626.1919999999999,7.863651275634766,0.050000000000000044,nan
192382,1418,-229.0859999999995,5.708057403564453,0.050000000000000044,nan
192759,1419,-664.1119999999995,12.662528991699219,0.050000000000000044,nan
193226,1420,-534.4689999999997,6.256303787231445,0.050000000000000044,nan
193771,1421,286.8530000000009,5.727046012878418,0.050000000000000044,nan
194336,1422,-283.0879999999998,8.922344207763672,0.050000000000000044,nan
194771,1423,213.22799999999967,8.874156951904297,0.050000000000000044,nan
195436,1424,-345.6559999999997,7.156527996063232,0.050000000000000044,nan
195919,1425,-173.46199999999968,10.850081443786621,0.050000000000000044,nan
196608,1426,-383.2079999999988,11.240119934082031,0.050000000000000044,nan
196888,1427,-595.5479999999995,7.734004020690918,0.050000000000000044,nan
197258,1428,-247.3879999999998,9.137761116027832,0.050000000000000044,nan
197532,1429,-586.6859999999995,4.486019134521484,0.050000000000000044,nan
198086,1430,-108.60999999999989,7.6011552810668945,0.050000000000000044,nan
198443,1431,-478.69300000000015,5.950569152832031,0.050000000000000044,nan
198816,1432,-729.893,6.450891494750977,0.050000000000000044,nan
199311,1433,-815.1010000000017,5.29000186920166,0.050000000000000044,nan
199681,1434,-282.99600000000004,6.453766822814941,0.050000000000000044,nan
200000,1435,-113.52800000000003,8.269966125488281,0.050000000000000044,30.327795454545434
