step,episode,return,loss,model_loss,eval_cost_per_order
67,0,-144.842,19.63386344909668,1085.0906982421875,nan
142,1,-339.14400000000006,12.923039436340332,508.9505920410156,nan
211,2,-517.4820000000001,15.598287582397461,192.72169494628906,nan
292,3,3.370999999999924,10.473404884338379,227.73402404785156,nan
344,4,-324.1210000000001,9.002185821533203,220.9612579345703,nan
454,5,108.92000000000019,9.146681785583496,201.55892944335938,nan
509,6,-327.57500000000005,9.634018898010254,109.91795349121094,nan
588,7,-237.39000000000001,9.027719497680664,164.22357177734375,nan
659,8,-621.1019999999999,15.290356636047363,66.20580291748047,nan
758,9,-118.95600000000009,13.044743537902832,68.49517822265625,nan
828,10,-92.18000000000012,12.262775421142578,181.9933319091797,nan
910,11,-247.92799999999994,11.137683868408203,120.70806121826172,nan
1000,12,-92.30099999999985,11.795869827270508,74.16532135009766,nan
1084,13,81.48600000000002,9.556462287902832,124.85553741455078,nan
1145,14,-78.131,14.17623233795166,152.07432556152344,nan
1232,15,-100.42600000000016,9.78513240814209,284.6728515625,nan
1286,16,-10.89400000000002,10.821419715881348,269.3048400878906,nan
1327,17,-371.736,13.223435401916504,104.10649108886719,nan
1415,18,-420.71500000000003,14.269209861755371,126.7110824584961,nan
1489,19,-92.21299999999991,14.605706214904785,213.50827026367188,nan
1577,20,-288.24299999999994,9.857402801513672,284.4615478515625,nan
1676,21,194.61199999999977,7.676584720611572,111.04596710205078,nan
1762,22,-381.43999999999994,11.43350887298584,699.0912475585938,nan
1873,23,139.99700000000024,11.376137733459473,96.44751739501953,nan
1932,24,-34.415000000000006,10.965039253234863,194.6262664794922,nan
1991,25,-108.47300000000007,12.430734634399414,92.59673309326172,nan
2073,26,-261.505,16.009016036987305,66.33705139160156,nan
2143,27,-360.2900000000001,8.952804565429688,394.4832763671875,nan
2212,28,-385.83900000000006,12.489716529846191,135.76950073242188,nan
2312,29,94.089,11.611655235290527,70.47106170654297,nan
2366,30,-295.52400000000006,10.77989673614502,50.19187927246094,nan
2426,31,-676.871,21.526386260986328,198.0552520751953,nan
2494,32,52.811000000000085,17.173189163208008,59.27495193481445,nan
2560,33,-101.50700000000002,16.81591033935547,117.57051849365234,nan
2644,34,33.818000000000076,10.510494232177734,169.20152282714844,nan
2713,35,-95.89900000000006,12.867929458618164,165.62579345703125,nan
2785,36,-172.506,15.409846305847168,76.70294952392578,nan
2882,37,-617.5730000000002,11.048083305358887,137.41249084472656,nan
2952,38,-266.47499999999997,17.909832000732422,167.214111328125,nan
3036,39,-279.2740000000001,13.494046211242676,67.84307861328125,nan
3092,40,-214.572,19.334123611450195,70.13005828857422,nan
3168,41,-107.87199999999994,11.59570598602295,134.4102020263672,nan
3247,42,150.13799999999998,11.372114181518555,107.81047058105469,nan
3321,43,-27.350999999999956,18.280094146728516,43.502464294433594,nan
3375,44,-145.139,9.439727783203125,118.77582550048828,nan
3458,45,-748.306,12.143341064453125,261.4371032714844,nan
3519,46,-143.8789999999999,17.732011795043945,169.2301483154297,nan
3602,47,-8.553999999999974,15.906862258911133,95.81375885009766,nan
3679,48,-6.590000000000117,13.125190734863281,62.67047882080078,nan
3748,49,-217.58999999999997,15.004573822021484,109.56249237060547,nan
3809,50,-448.702,16.9111328125,46.83359909057617,nan
3866,51,-291.381,15.354846954345703,117.13995361328125,nan
3922,52,-118.42800000000003,14.532454490661621,103.51829528808594,nan
4008,53,-535.3019999999999,12.080863952636719,97.13856506347656,nan
4071,54,-105.854,18.3033504486084,37.58375549316406,nan
4140,55,-164.342,16.54824447631836,134.22373962402344,nan
4199,56,-85.80999999999992,11.259322166442871,275.01910400390625,nan
4263,57,-71.34900000000002,15.803263664245605,612.1180419921875,nan
4317,58,-289.29400000000004,22.987503051757812,180.08480834960938,nan
4397,59,-203.72000000000008,14.806931495666504,55.33031463623047,nan
4487,60,-499.90200000000004,10.904804229736328,54.39140319824219,nan
4542,61,-270.9200000000001,16.58441925048828,88.97471618652344,nan
4626,62,-371.14599999999996,19.46887969970703,104.87381744384766,nan
4685,63,-256.658,13.053168296813965,60.436851501464844,nan
4776,64,-87.55600000000007,15.24017333984375,47.62849426269531,nan
4827,65,-238.12800000000004,17.98903465270996,61.683197021484375,nan
4909,66,-762.596,20.786623001098633,68.9671859741211,nan
4959,67,-153.40900000000008,16.286556243896484,118.61001586914062,nan
5043,68,-100.71899999999994,18.80286979675293,163.5835723876953,nan
5120,69,-133.22500000000014,16.666973114013672,65.59038543701172,nan
5211,70,-97.639,16.437301635742188,283.77252197265625,nan
5268,71,-362.868,17.603517532348633,68.5130844116211,nan
5360,72,-108.57700000000006,15.13927173614502,95.37481689453125,nan
5425,73,-169.625,15.908023834228516,135.0265655517578,nan
5517,74,-73.45699999999988,19.771759033203125,52.65711975097656,nan
5605,75,-64.59900000000019,19.707611083984375,158.1337890625,nan
5681,76,-800.4939999999999,14.141871452331543,62.509056091308594,nan
5767,77,-133.692,21.307294845581055,51.01322555541992,nan
5815,78,-226.22199999999984,11.258903503417969,189.196044921875,nan
5881,79,-377.177,19.37787437438965,50.24739456176758,nan
5939,80,-245.27499999999998,17.231159210205078,66.4844741821289,nan
6026,81,-127.47300000000004,21.011577606201172,290.9272766113281,nan
6084,82,-220.61299999999994,14.383049964904785,103.6760482788086,nan
6137,83,-130.4369999999999,17.753803253173828,55.582557678222656,nan
6200,84,-581.7370000000002,27.505615234375,95.26531982421875,nan
6265,85,-305.4640000000001,16.196247100830078,83.10758972167969,nan
6355,86,-277.0300000000001,19.493865966796875,25.690277099609375,nan
6410,87,-67.27700000000009,22.607934951782227,211.3571014404297,nan
6477,88,-72.13900000000014,22.67396354675293,137.6818084716797,nan
6528,89,-363.49,24.171489715576172,43.07067108154297,nan
6598,90,-563.42,22.00058364868164,93.90374755859375,nan
6721,91,-93.49300000000045,21.580698013305664,256.2240905761719,nan
6807,92,-134.45700000000014,20.31147003173828,98.21753692626953,nan
6866,93,-51.30200000000002,19.4952392578125,60.99071502685547,nan
6921,94,-273.293,22.638206481933594,44.01191711425781,nan
6987,95,-266.417,19.594287872314453,89.89994812011719,nan
7054,96,-213.23100000000005,25.391155242919922,87.00885009765625,nan
7127,97,-332.1840000000001,17.347089767456055,39.484432220458984,nan
7209,98,43.74699999999979,19.102798461914062,50.71649932861328,nan
7260,99,-190.01600000000005,25.382658004760742,51.7017822265625,nan
7333,100,-588.5940000000002,18.41271209716797,51.61103820800781,nan
7409,101,-190.953,20.702251434326172,112.98579406738281,nan
7470,102,-275.49100000000016,21.946578979492188,55.507869720458984,nan
7535,103,-110.6820000000001,20.623275756835938,33.41995620727539,nan
7626,104,18.952000000000055,19.567720413208008,72.3705825805664,nan
7698,105,-386.3590000000001,23.698688507080078,623.83447265625,nan
7768,106,-326.64700000000005,17.006851196289062,57.49272155761719,nan
7854,107,138.31299999999987,18.89249610900879,79.99600219726562,nan
7947,108,-110.43200000000009,24.205440521240234,100.09542846679688,nan
8050,109,17.525999999999726,24.058609008789062,64.47825622558594,nan
8101,110,-149.63900000000007,20.8151798248291,89.99189758300781,nan
8201,111,-216.18300000000002,24.72223472595215,74.07121276855469,nan
8312,112,201.86799999999985,20.16339874267578,36.18850326538086,nan
8385,113,-172.91799999999995,24.340545654296875,94.7719497680664,nan
8434,114,-175.02300000000014,25.631261825561523,57.27495193481445,nan
8484,115,-310.294,16.276119232177734,83.9869155883789,nan
8555,116,-95.81899999999996,28.457595825195312,44.16151428222656,nan
8617,117,-458.4429999999999,17.193279266357422,46.69469451904297,nan
8667,118,-76.18899999999996,19.419658660888672,71.244384765625,nan
8732,119,-107.53700000000006,28.694801330566406,51.57503890991211,nan
8847,120,266.63900000000024,21.215932846069336,49.292564392089844,nan
8926,121,-18.142000000000067,20.70136833190918,251.50576782226562,nan
9024,122,-214.17699999999982,24.97083854675293,81.26788330078125,nan
9105,123,-607.8660000000001,22.977542877197266,58.506622314453125,nan
9183,124,-236.2299999999999,27.480098724365234,208.33743286132812,nan
9259,125,-242.23399999999992,18.46225357055664,87.62321472167969,nan
9397,126,351.91099999999983,21.4464111328125,53.12586212158203,nan
9469,127,-362.948,16.763212203979492,49.02828598022461,nan
9547,128,-25.83300000000004,19.356447219848633,385.0216369628906,nan
9621,129,-204.141,19.5046329498291,37.720130920410156,nan
9706,130,-38.65700000000014,18.934476852416992,47.833866119384766,nan
9752,131,-153.89600000000002,28.06688117980957,41.260807037353516,nan
9823,132,98.59299999999996,23.206275939941406,62.37974166870117,nan
9890,133,-318.4050000000001,19.090984344482422,40.83941650390625,nan
9952,134,-249.4890000000001,17.4461669921875,30.889070510864258,nan
10000,135,205.77599999999995,22.097408294677734,67.03529357910156,65.63882608695648
10015,135,-157.6560000000001,19.275760650634766,56.619384765625,nan
10091,136,23.180000000000092,15.699480056762695,145.55152893066406,nan
10150,137,-159.92300000000003,25.34701156616211,134.34075927734375,nan
10206,138,-281.70400000000006,16.280502319335938,59.32389831542969,nan
10269,139,-383.9530000000001,26.755277633666992,68.51404571533203,nan
10345,140,-640.553,30.968740463256836,63.34796905517578,nan
10401,141,-430.35699999999997,22.48908805847168,59.839752197265625,nan
10483,142,-52.0889999999999,20.927663803100586,39.14824295043945,nan
10557,143,-102.51400000000005,29.454275131225586,66.21891784667969,nan
10626,144,-184.28399999999993,23.07978057861328,70.7475357055664,nan
10762,145,-16.833000000000126,29.554912567138672,319.7743225097656,nan
10819,146,-557.387,19.247039794921875,50.16445541381836,nan
10892,147,-447.63800000000003,24.344135284423828,59.302894592285156,nan
10943,148,-394.10900000000004,20.854656219482422,44.22998809814453,nan
11019,149,-35.83099999999999,19.158613204956055,60.4610481262207,nan
11074,150,-490.04999999999995,18.32791519165039,40.1203727722168,nan
11192,151,-92.51100000000007,21.274147033691406,44.821189880371094,nan
11258,152,-48.696999999999946,18.58675193786621,118.14552307128906,nan
11330,153,-347.84,26.22936248779297,62.58939743041992,nan
11391,154,-169.92999999999995,22.618579864501953,48.6336784362793,nan
11444,155,-351.60900000000004,18.785247802734375,38.65337371826172,nan
11497,156,-287.294,26.08749008178711,36.58036422729492,nan
11559,157,-267.89199999999994,22.185848236083984,50.57182312011719,nan
11643,158,8.223999999999904,25.087390899658203,33.59799575805664,nan
11740,159,-188.31900000000016,19.02372932434082,141.88125610351562,nan
11818,160,-264.0800000000001,25.419200897216797,131.95375061035156,nan
11878,161,-139.76500000000004,31.792152404785156,225.20016479492188,nan
11969,162,2.1659999999999116,22.021276473999023,112.5696792602539,nan
12071,163,11.04299999999995,13.551358222961426,74.03004455566406,nan
12142,164,-117.4060000000002,27.440610885620117,48.43717575073242,nan
12208,165,-299.613,25.81324005126953,86.0160903930664,nan
12296,166,-215.06199999999998,19.60731315612793,37.99919128417969,nan
12376,167,-737.2580000000002,19.43626594543457,43.75018310546875,nan
12448,168,-277.4210000000001,17.716388702392578,40.436058044433594,nan
12518,169,-43.508000000000024,15.203291893005371,35.128047943115234,nan
12603,170,-148.45999999999995,19.422958374023438,31.640838623046875,nan
12673,171,-349.2610000000001,27.506977081298828,25.34722900390625,nan
12779,172,-416.76200000000006,24.51078224182129,39.10697555541992,nan
12867,173,-60.7290000000001,26.5385799407959,33.85504150390625,nan
12968,174,-277.4199999999999,22.90827751159668,37.365657806396484,nan
13027,175,-212.07600000000008,23.425312042236328,35.691123962402344,nan
13116,176,54.89799999999977,14.416193008422852,103.86150360107422,nan
13199,177,-378.532,15.642471313476562,64.84197235107422,nan
13282,178,-944.9749999999999,18.937334060668945,43.73485565185547,nan
13355,179,-251.02399999999997,22.57388687133789,41.198219299316406,nan
13443,180,-57.767999999999944,22.924863815307617,73.02619934082031,nan
13511,181,-152.58800000000002,15.560809135437012,122.14070892333984,nan
13582,182,33.156000000000034,21.402559280395508,34.39281463623047,nan
13680,183,-252.56599999999992,27.470012664794922,30.4726505279541,nan
13751,184,-398.0880000000001,29.211997985839844,87.41162872314453,nan
13801,185,-209.3909999999999,20.558246612548828,62.115806579589844,nan
13894,186,130.89399999999995,38.804962158203125,44.0582275390625,nan
13974,187,-135.35199999999986,19.274887084960938,82.35506439208984,nan
14020,188,-209.111,14.628725051879883,43.559112548828125,nan
14092,189,-67.56699999999998,20.523345947265625,56.315189361572266,nan
14158,190,-430.6350000000001,18.090593338012695,95.19114685058594,nan
14234,191,87.16699999999997,25.51932716369629,46.778587341308594,nan
14303,192,-277.86300000000006,15.742304801940918,27.664899826049805,nan
14351,193,-129.82799999999997,17.104658126831055,63.4712028503418,nan
14422,194,-226.35500000000002,13.399526596069336,27.9781551361084,nan
14484,195,-331.6139999999999,17.81534767150879,60.32212829589844,nan
14534,196,-78.28600000000003,18.81545066833496,23.693370819091797,nan
14605,197,-246.767,16.890470504760742,82.07457733154297,nan
14670,198,-280.994,18.763771057128906,49.31449890136719,nan
14746,199,-287.06,34.681358337402344,1049.9696044921875,nan
14808,200,-293.76000000000005,23.02147674560547,131.0948486328125,nan
14882,201,-79.87600000000008,19.60356903076172,38.100162506103516,nan
14957,202,-892.7069999999999,26.98505973815918,84.80745697021484,nan
15037,203,-510.445,27.901857376098633,35.830535888671875,nan
15153,204,-96.91499999999996,30.495397567749023,73.2277603149414,nan
15233,205,-545.715,33.61709213256836,93.6963882446289,nan
15289,206,-214.62899999999988,12.865478515625,39.86811828613281,nan
15368,207,-148.6720000000001,24.521541595458984,43.507137298583984,nan
15440,208,-201.87,20.364334106445312,58.35576248168945,nan
15500,209,-156.69900000000013,20.53608512878418,49.33623123168945,nan
15577,210,-63.11799999999994,19.874460220336914,60.88959884643555,nan
15646,211,-237.08499999999998,24.28487777709961,47.74894714355469,nan
15766,212,-343.79600000000016,26.700828552246094,30.13032341003418,nan
15815,213,-610.664,22.492523193359375,54.436363220214844,nan
15900,214,-51.00499999999997,24.811786651611328,39.35054397583008,nan
15960,215,-556.3660000000001,17.74679946899414,42.128265380859375,nan
16037,216,-355.963,15.414697647094727,51.55508041381836,nan
16137,217,-392.6290000000002,16.47174835205078,58.2573356628418,nan
16196,218,-449.32800000000003,27.25762176513672,42.36565017700195,nan
16262,219,-131.06400000000008,15.682138442993164,58.84390640258789,nan
16316,220,-250.582,24.420053482055664,70.78248596191406,nan
16370,221,-70.29099999999991,21.79149055480957,77.25060272216797,nan
16422,222,-426.92000000000013,20.83858299255371,27.52702522277832,nan
16521,223,-211.54799999999992,20.893957138061523,91.98983764648438,nan
16597,224,-312.15199999999993,25.98971176147461,49.12944793701172,nan
16653,225,-161.31600000000003,22.484764099121094,73.69605255126953,nan
16746,226,85.03200000000011,19.66483497619629,28.881555557250977,nan
16818,227,-619.419,18.65001106262207,46.302425384521484,nan
16934,228,285.2020000000001,15.259247779846191,117.530029296875,nan
17002,229,-222.505,30.25728416442871,13.051262855529785,nan
17101,230,-409.0389999999999,16.559324264526367,45.55271911621094,nan
17147,231,-93.42600000000002,23.01641082763672,76.66358947753906,nan
17211,232,-226.01400000000007,15.476428031921387,37.49261474609375,nan
17281,233,-13.252000000000066,22.114858627319336,115.67549133300781,nan
17340,234,-72.31800000000004,25.402690887451172,51.63810729980469,nan
17407,235,-368.27099999999996,25.241758346557617,57.54739761352539,nan
17463,236,-282.19500000000005,26.89175033569336,39.529075622558594,nan
17539,237,-605.0570000000001,16.791278839111328,112.86125946044922,nan
17612,238,9.159999999999911,29.992189407348633,45.83913040161133,nan
17667,239,-115.50400000000002,19.536775588989258,260.7632751464844,nan
17784,240,-472.91499999999996,19.56889533996582,47.78766632080078,nan
17888,241,179.8630000000001,12.656679153442383,54.4998893737793,nan
17970,242,-692.996,19.874170303344727,52.04914093017578,nan
18071,243,-378.06000000000006,28.643613815307617,210.8597412109375,nan
18137,244,-322.81899999999996,29.600570678710938,62.342124938964844,nan
18186,245,-397.25600000000003,16.336387634277344,73.2581787109375,nan
18256,246,-338.23699999999997,20.079853057861328,105.27532196044922,nan
18348,247,181.48400000000007,32.56493377685547,67.66818237304688,nan
18408,248,-401.43100000000004,20.233108520507812,47.28673553466797,nan
18464,249,-109.85800000000003,20.81180191040039,56.68212890625,nan
18556,250,-322.8839999999999,16.8525333404541,75.20823669433594,nan
18616,251,-326.315,26.529497146606445,59.214664459228516,nan
18717,252,-199.20400000000018,13.99670124053955,60.40229797363281,nan
18778,253,-550.8600000000001,25.467666625976562,51.79124450683594,nan
18847,254,-336.86500000000007,12.560461044311523,41.31602478027344,nan
18919,255,-51.087000000000145,14.563741683959961,51.19335174560547,nan
18985,256,-603.912,14.25770378112793,347.4417724609375,nan
19062,257,-158.28299999999976,26.675464630126953,119.70262145996094,nan
19152,258,-287.41599999999994,14.281937599182129,46.041255950927734,nan
19231,259,-327.005,21.38970184326172,37.69241714477539,nan
19318,260,3.6910000000000593,24.607261657714844,73.66632080078125,nan
19374,261,-182.01200000000009,23.251157760620117,31.95990562438965,nan
19441,262,-207.4350000000001,13.035540580749512,64.6414794921875,nan
19514,263,-396.07900000000006,24.39214324951172,51.37165451049805,nan
19584,264,-325.089,14.572469711303711,127.7637710571289,nan
19676,265,49.61399999999992,15.531689643859863,40.405025482177734,nan
19728,266,-495.23099999999994,35.00631332397461,39.528472900390625,nan
19785,267,-137.70599999999996,23.068727493286133,96.46581268310547,nan
19863,268,-295.5199999999999,26.96265983581543,39.15932846069336,nan
19926,269,-226.70900000000012,40.71611785888672,67.218994140625,nan
19983,270,-271.765,12.106040000915527,85.64788818359375,nan
20000,271,57.806,16.097095489501953,59.59020233154297,65.15195999999997
20056,271,135.38699999999983,21.833417892456055,93.32328796386719,nan
20130,272,-474.46700000000016,20.671770095825195,62.9281120300293,nan
20217,273,-952.2689999999998,16.35869598388672,53.03423309326172,nan
20311,274,-49.45299999999984,25.242109298706055,28.1124324798584,nan
20375,275,-328.77599999999995,31.233352661132812,35.15080642700195,nan
20440,276,-286.42500000000007,25.96299171447754,55.4140739440918,nan
20518,277,-327.0669999999999,30.207229614257812,31.666385650634766,nan
20596,278,-60.43799999999995,13.881845474243164,47.946998596191406,nan
20692,279,-407.634,14.847537994384766,235.76686096191406,nan
20761,280,-63.375999999999976,19.060932159423828,50.372379302978516,nan
20820,281,-192.36800000000008,26.245214462280273,40.87109375,nan
20871,282,-145.6910000000001,15.3616361618042,43.77485656738281,nan
20940,283,56.85399999999996,39.72579574584961,63.55198287963867,nan
21000,284,-173.10200000000003,16.42521095275879,42.7469482421875,nan
21064,285,-71.57299999999998,16.9482421875,50.207244873046875,nan
21156,286,-771.9039999999999,16.340042114257812,70.57807159423828,nan
21230,287,-394.06699999999984,23.856124877929688,28.92827796936035,nan
21287,288,-436.7669999999998,21.53862762451172,38.83775329589844,nan
21362,289,-374.771,21.62374496459961,94.42664337158203,nan
21447,290,-366.52700000000004,50.77848434448242,68.95231628417969,nan
21516,291,-344.6990000000001,17.69044303894043,33.37709426879883,nan
21603,292,-229.44700000000014,35.09501647949219,43.764747619628906,nan
21660,293,-89.55999999999999,45.11753845214844,44.17528533935547,nan
21752,294,-15.045000000000101,13.663545608520508,75.63207244873047,nan
21818,295,-306.21,12.679683685302734,41.489524841308594,nan
21879,296,-199.574,21.268268585205078,31.20235252380371,nan
21963,297,-511.6020000000001,16.079029083251953,50.95125961303711,nan
22039,298,-1344.3490000000002,24.943683624267578,34.013648986816406,nan
22107,299,-136.74100000000004,23.59895896911621,79.07976531982422,nan
22153,300,-248.91300000000007,27.818634033203125,57.88665008544922,nan
22228,301,-15.964000000000283,11.195068359375,51.040592193603516,nan
22328,302,-20.979000000000013,15.675178527832031,41.6142692565918,nan
22386,303,-390.8620000000001,14.27918815612793,41.8193359375,nan
22455,304,-294.3899999999999,19.395336151123047,89.95594024658203,nan
22524,305,-296.67800000000005,14.727293014526367,57.73569869995117,nan
22579,306,-274.2829999999999,21.331785202026367,33.91954040527344,nan
22635,307,-316.037,22.58365821838379,27.235929489135742,nan
22710,308,-223.63099999999991,23.401357650756836,50.96967697143555,nan
22789,309,34.257000000000055,20.697853088378906,56.088748931884766,nan
22878,310,-366.4630000000001,19.8526611328125,50.970123291015625,nan
22958,311,-108.99799999999998,13.317277908325195,47.42396545410156,nan
23016,312,-323.23299999999995,16.793804168701172,42.01636505126953,nan
23080,313,-602.62,36.96697235107422,44.72203826904297,nan
23173,314,38.988000000000056,34.96107482910156,66.18305206298828,nan
23259,315,-795.616,13.270511627197266,52.159278869628906,nan
23329,316,-91.77500000000006,24.66971778869629,60.24575424194336,nan
23429,317,1.346000000000025,15.380119323730469,59.08616256713867,nan
23488,318,-256.493,18.803701400756836,37.4152717590332,nan
23557,319,-205.17500000000004,26.94457244873047,60.79477310180664,nan
23634,320,-11.897999999999882,21.66648292541504,24.913105010986328,nan
23697,321,-261.16200000000003,25.43988037109375,210.37857055664062,nan
23758,322,-250.274,23.17473793029785,39.573062896728516,nan
23840,323,151.52899999999988,29.63805389404297,20.553693771362305,nan
23942,324,-474.52,18.52927017211914,39.11638259887695,nan
24006,325,-463.1159999999999,17.03058624267578,47.75480270385742,nan
24064,326,-93.02200000000003,37.542030334472656,40.14212417602539,nan
24136,327,-422.1940000000001,16.28687286376953,204.75633239746094,nan
24216,328,47.414999999999935,33.100830078125,48.27183151245117,nan
24284,329,-226.74999999999997,18.551040649414062,30.6748104095459,nan
24367,330,-143.52099999999996,14.534233093261719,53.64826583862305,nan
24419,331,-240.161,29.924880981445312,51.544124603271484,nan
24502,332,-309.17199999999997,23.18210220336914,58.34038162231445,nan
24552,333,-714.7750000000001,13.175056457519531,12.55226993560791,nan
24618,334,-131.31699999999992,13.988935470581055,100.79325866699219,nan
24702,335,21.587999999999994,18.051788330078125,27.506973266601562,nan
24779,336,-147.28799999999998,15.785721778869629,33.624080657958984,nan
24843,337,-257.6400000000001,11.322257995605469,45.414981842041016,nan
24905,338,-190.35200000000006,19.719728469848633,398.66748046875,nan
24968,339,-99.4899999999999,27.743900299072266,74.98941040039062,nan
25085,340,185.05499999999984,21.745975494384766,45.617279052734375,nan
25170,341,-703.275,22.10451889038086,58.50736618041992,nan
25233,342,-829.8240000000001,44.2331428527832,38.33185958862305,nan
25332,343,-102.43000000000015,21.777629852294922,35.94103240966797,nan
25427,344,-104.02300000000022,26.70584487915039,111.65951538085938,nan
25488,345,-276.507,40.76115798950195,53.037620544433594,nan
25556,346,62.869999999999976,16.419736862182617,23.098173141479492,nan
25622,347,-115.56699999999998,24.991090774536133,30.386554718017578,nan
25675,348,-160.4360000000001,30.529930114746094,146.8542022705078,nan
25781,349,-521.374,21.99420928955078,13.900352478027344,nan
25872,350,21.378000000000128,37.52153778076172,39.205379486083984,nan
25940,351,-77.19699999999996,15.403777122497559,42.013397216796875,nan
26014,352,-452.5650000000001,33.22904968261719,63.56779098510742,nan
26074,353,-181.94600000000008,20.121671676635742,45.85589599609375,nan
26123,354,-375.40700000000004,27.613601684570312,77.94812774658203,nan
26217,355,-348.956,15.262842178344727,30.17078399658203,nan
26273,356,-460.81600000000003,12.786320686340332,36.329891204833984,nan
26370,357,-96.27899999999984,34.03087615966797,54.48215103149414,nan
26446,358,-673.634,25.838459014892578,47.3022575378418,nan
26514,359,47.604999999999976,28.088607788085938,36.09965133666992,nan
26609,360,-163.29699999999983,28.5374813079834,142.3902130126953,nan
26664,361,-229.71800000000007,26.030391693115234,51.596221923828125,nan
26762,362,-139.85199999999992,30.67159080505371,79.6143798828125,nan
26832,363,-412.351,21.04077911376953,95.4511489868164,nan
26885,364,-360.413,27.874500274658203,26.155763626098633,nan
26969,365,-187.38100000000003,14.459044456481934,63.0029182434082,nan
27041,366,-295.92,35.294002532958984,271.2299499511719,nan
27109,367,-299.76200000000006,11.950055122375488,25.168909072875977,nan
27179,368,-93.2630000000001,23.731075286865234,66.24281311035156,nan
27258,369,-397.8599999999999,19.674293518066406,45.1663703918457,nan
27341,370,-255.72000000000014,23.772014617919922,45.400814056396484,nan
27420,371,60.55800000000006,23.97224998474121,83.32147216796875,nan
27486,372,-287.649,16.834136962890625,50.72419738769531,nan
27567,373,-369.698,15.765978813171387,38.88078689575195,nan
27641,374,17.58299999999994,26.881994247436523,99.98455810546875,nan
27708,375,-311.89000000000004,19.20266342163086,48.37189483642578,nan
27797,376,-221.03499999999997,21.3183650970459,38.7078742980957,nan
27894,377,-151.87099999999998,20.743497848510742,31.970088958740234,nan
27967,378,-48.75200000000001,26.715055465698242,309.08978271484375,nan
28044,379,-328.6490000000001,27.71583366394043,76.21070861816406,nan
28125,380,-295.83500000000015,17.836223602294922,47.069435119628906,nan
28194,381,-675.3499999999999,20.260820388793945,65.70504760742188,nan
28279,382,62.723999999999876,42.418006896972656,202.8275909423828,nan
28380,383,-88.95399999999982,24.466594696044922,62.25328063964844,nan
28433,384,-690.559,19.222970962524414,51.0641975402832,nan
28527,385,79.05299999999983,27.97502326965332,103.80915832519531,nan
28593,386,-107.4040000000001,11.2733793258667,39.644256591796875,nan
28643,387,-199.33699999999996,18.18075942993164,20.12824821472168,nan
28695,388,-289.192,37.74591064453125,20.4148006439209,nan
28770,389,-142.179,32.15856170654297,40.80293273925781,nan
28821,390,-234.3780000000002,16.99258041381836,59.7650260925293,nan
28889,391,-153.13300000000004,23.647178649902344,101.56233215332031,nan
28931,392,-209.02700000000002,25.1198673248291,22.376527786254883,nan
29004,393,-326.776,15.101581573486328,59.17604064941406,nan
29067,394,-132.10800000000003,13.905498504638672,31.24420928955078,nan
29158,395,-248.52999999999994,20.52898406982422,45.59861373901367,nan
29250,396,-347.404,24.99539566040039,39.91679763793945,nan
29351,397,68.69899999999993,32.13086700439453,17.952350616455078,nan
29399,398,-128.7830000000002,32.06915283203125,45.205535888671875,nan
29475,399,-513.5520000000001,23.409914016723633,50.6913948059082,nan
29569,400,-141.949,20.00400733947754,70.24982452392578,nan
29661,401,35.86200000000011,25.929218292236328,107.65799713134766,nan
29740,402,-290.973,30.60544776916504,49.73671340942383,nan
29807,403,-109.67199999999995,20.457202911376953,38.863075256347656,nan
29880,404,10.261000000000223,27.195613861083984,63.44255828857422,nan
29959,405,-70.84399999999985,21.49744415283203,42.64905548095703,nan
30000,406,323.413,33.06048583984375,22.004131317138672,70.56599999999999
30028,406,86.22199999999995,25.477859497070312,104.3240737915039,nan
30100,407,105.81700000000018,19.44013214111328,33.560909271240234,nan
30189,408,-308.04299999999984,21.11638069152832,48.032413482666016,nan
30254,409,-287.9770000000002,12.854557991027832,32.697696685791016,nan
30351,410,-134.34500000000014,25.419828414916992,174.5013427734375,nan
30453,411,-710.2760000000001,38.374267578125,75.8799819946289,nan
30523,412,-324.7339999999999,13.57797622680664,99.72813415527344,nan
30600,413,161.36400000000003,19.839426040649414,58.892112731933594,nan
30667,414,-155.85200000000003,20.92144775390625,31.67412567138672,nan
30738,415,-41.862999999999914,35.723453521728516,48.1478385925293,nan
30829,416,-162.20699999999994,25.828899383544922,97.33299255371094,nan
30885,417,-386.1870000000001,12.198060989379883,18.469486236572266,nan
30942,418,-83.79899999999992,13.118842124938965,158.27188110351562,nan
31006,419,-20.367000000000047,23.709692001342773,26.914823532104492,nan
31098,420,-739.1800000000001,28.957733154296875,49.269264221191406,nan
31163,421,4.916000000000103,24.784299850463867,151.90846252441406,nan
31233,422,-158.917,13.24705982208252,33.78019714355469,nan
31303,423,-230.82999999999993,17.92376708984375,46.5955924987793,nan
31355,424,-391.48299999999995,19.099159240722656,74.4310531616211,nan
31431,425,-622.298,13.473039627075195,295.6181335449219,nan
31505,426,-281.144,27.42354965209961,103.70426940917969,nan
31552,427,-168.64100000000008,30.394094467163086,69.99732971191406,nan
31629,428,-199.17700000000016,15.377769470214844,67.94417572021484,nan
31702,429,52.82799999999992,11.329517364501953,36.656768798828125,nan
31760,430,-331.48500000000007,22.491239547729492,79.88999938964844,nan
31835,431,-53.97899999999993,22.28545570373535,45.569007873535156,nan
31897,432,-100.49899999999997,24.178401947021484,156.0378875732422,nan
31950,433,-351.03600000000006,15.94038200378418,65.91712188720703,nan
32029,434,-228.72300000000024,30.143831253051758,64.0911636352539,nan
32084,435,-221.16,29.7907772064209,37.488521575927734,nan
32186,436,61.37999999999994,20.811702728271484,27.594257354736328,nan
32243,437,-250.79300000000006,27.02696990966797,100.38140106201172,nan
32322,438,-77.14300000000013,20.876663208007812,37.677345275878906,nan
32397,439,-223.24099999999999,23.197200775146484,133.78163146972656,nan
32462,440,-197.81100000000004,39.20623779296875,50.655250549316406,nan
32516,441,-153.9559999999999,31.666330337524414,81.7954330444336,nan
32605,442,-465.1940000000001,44.08965301513672,25.375259399414062,nan
32685,443,-324.958,53.149776458740234,98.19023132324219,nan
32797,444,-858.702,16.287303924560547,39.98915481567383,nan
32874,445,2.5149999999998585,24.99583625793457,162.8900604248047,nan
32970,446,-124.48499999999989,15.736983299255371,78.36097717285156,nan
33070,447,-160.37499999999997,19.816198348999023,304.6377258300781,nan
33145,448,-328.486,12.193498611450195,56.08533477783203,nan
33223,449,-206.07299999999992,25.95786476135254,78.20757293701172,nan
33288,450,-95.20000000000005,21.568927764892578,45.27228927612305,nan
33360,451,-65.98699999999981,28.25580406188965,141.98072814941406,nan
33448,452,-137.07000000000005,24.21273422241211,23.605133056640625,nan
33496,453,-201.38400000000013,29.609642028808594,227.04734802246094,nan
33558,454,-388.97799999999995,37.031192779541016,47.93925476074219,nan
33610,455,-154.14600000000002,13.864681243896484,40.94786071777344,nan
33677,456,-160.17899999999997,28.110023498535156,32.5770263671875,nan
33749,457,-347.4799999999998,30.113632202148438,27.201417922973633,nan
33832,458,-398.1379999999999,39.069889068603516,89.64315032958984,nan
33896,459,-307.678,16.591163635253906,41.20404815673828,nan
33980,460,-489.106,13.609676361083984,25.4630184173584,nan
34024,461,-384.787,24.283052444458008,69.19396209716797,nan
34104,462,-12.32799999999986,21.296871185302734,112.86852264404297,nan
34203,463,170.01600000000005,37.295257568359375,41.81391525268555,nan
34276,464,-189.37999999999997,15.600556373596191,40.78352737426758,nan
34336,465,-316.618,31.055200576782227,41.17702102661133,nan
34425,466,-1173.0049999999999,12.159195899963379,42.76780700683594,nan
34496,467,-233.77000000000004,15.294471740722656,59.54573059082031,nan
34561,468,-77.7770000000001,14.028467178344727,48.31896209716797,nan
34617,469,-280.52000000000004,20.102497100830078,290.3450927734375,nan
34658,470,-309.433,16.468036651611328,43.25292205810547,nan
34763,471,159.45600000000005,33.203712463378906,98.14534759521484,nan
34830,472,-160.668,33.94924545288086,30.111234664916992,nan
34878,473,-243.91899999999998,45.068180084228516,63.84395980834961,nan
34987,474,220.52200000000013,31.890995025634766,21.798263549804688,nan
35061,475,67.66799999999994,17.423234939575195,71.39698028564453,nan
35140,476,-311.683,11.958333015441895,59.26329040527344,nan
35210,477,-61.300999999999945,26.884109497070312,63.385074615478516,nan
35287,478,-131.98800000000008,20.68785858154297,37.29888916015625,nan
35364,479,-95.60000000000001,25.166139602661133,25.702245712280273,nan
35438,480,-408.351,37.00220489501953,47.09431076049805,nan
35504,481,-198.29199999999986,12.44906234741211,193.8765106201172,nan
35609,482,-155.86400000000023,23.59544563293457,63.47201156616211,nan
35690,483,-1063.773,23.46788215637207,37.442710876464844,nan
35764,484,-25.31099999999995,30.825109481811523,213.71412658691406,nan
35818,485,-144.20499999999998,16.43324089050293,104.67396545410156,nan
35894,486,-21.88300000000001,17.41592788696289,50.24234390258789,nan
35967,487,-538.9010000000001,17.388050079345703,41.467803955078125,nan
36062,488,-70.72400000000006,25.457576751708984,119.30952453613281,nan
36146,489,-234.30100000000002,25.133737564086914,48.383792877197266,nan
36218,490,-184.13700000000006,36.64561462402344,50.72567367553711,nan
36288,491,-312.4960000000001,17.11161994934082,30.522232055664062,nan
36344,492,-191.02700000000016,22.702232360839844,45.75128936767578,nan
36415,493,-1174.014,34.65616989135742,77.7038803100586,nan
36491,494,83.10599999999997,29.983802795410156,73.8312759399414,nan
36548,495,-400.0799999999998,41.25261688232422,33.77325439453125,nan
36612,496,-51.76900000000009,20.64712142944336,31.51193618774414,nan
36691,497,-601.2260000000001,23.032882690429688,41.06131362915039,nan
36766,498,-952.0179999999999,21.537750244140625,38.228302001953125,nan
36868,499,-193.64199999999994,32.5322265625,53.1813850402832,nan
36925,500,-580.3230000000001,26.343341827392578,55.54600524902344,nan
36987,501,-496.39300000000014,35.08293151855469,32.09758377075195,nan
37054,502,-108.02000000000004,12.825019836425781,188.03732299804688,nan
37130,503,-191.57800000000003,24.47077178955078,70.15998077392578,nan
37199,504,-5.46899999999988,11.753615379333496,97.28018951416016,nan
37276,505,-178.79999999999993,11.776016235351562,29.59613800048828,nan
37344,506,-92.99699999999989,21.1661376953125,31.270244598388672,nan
37399,507,-218.06399999999996,9.789168357849121,46.248661041259766,nan
37479,508,-4.036999999999949,32.24030303955078,92.96155548095703,nan
37543,509,-391.33400000000006,23.65811538696289,126.02753448486328,nan
37598,510,-369.48800000000006,12.279229164123535,35.160308837890625,nan
37669,511,-281.21400000000006,18.792434692382812,53.728050231933594,nan
37725,512,-110.71699999999998,27.60699462890625,50.09999465942383,nan
37795,513,-57.722999999999956,24.881195068359375,76.3969955444336,nan
37871,514,-545.571,29.31954574584961,190.57371520996094,nan
37938,515,-319.68300000000005,10.918487548828125,68.60794830322266,nan
37998,516,-480.443,23.505657196044922,26.478424072265625,nan
38072,517,-572.8380000000001,29.808521270751953,74.17913055419922,nan
38151,518,-282.24800000000005,9.579485893249512,52.69533920288086,nan
38227,519,-590.1020000000001,10.3193941116333,20.451141357421875,nan
38298,520,-199.75699999999992,21.12116241455078,55.24795150756836,nan
38376,521,24.575000000000045,22.606643676757812,91.84014129638672,nan
38435,522,-226.76700000000005,42.232696533203125,72.32231903076172,nan
38500,523,-220.63300000000007,11.609935760498047,92.40120697021484,nan
38575,524,-444.71900000000016,20.28586196899414,31.751596450805664,nan
38633,525,-152.59700000000004,35.983436584472656,166.01205444335938,nan
38690,526,-370.00200000000007,35.34314727783203,112.60765075683594,nan
38782,527,-194.80800000000005,18.172435760498047,74.07372283935547,nan
38860,528,36.606000000000044,23.769168853759766,34.05446243286133,nan
38921,529,-305.2829999999999,11.283411026000977,64.9209213256836,nan
39005,530,-625.4010000000001,32.993106842041016,35.50433349609375,nan
39084,531,-216.52399999999997,36.42506408691406,83.7877426147461,nan
39148,532,-444.96299999999997,44.48054504394531,66.6280746459961,nan
39207,533,-93.5640000000001,15.022144317626953,100.7596664428711,nan
39274,534,-57.842000000000084,20.92623519897461,53.90660095214844,nan
39347,535,-434.1539999999999,12.801901817321777,47.57143020629883,nan
39411,536,-694.2900000000001,26.2890567779541,83.3528823852539,nan
39489,537,-725.186,27.97832489013672,57.28166198730469,nan
39558,538,-287.2090000000001,14.132391929626465,40.68330383300781,nan
39635,539,-142.211,32.06185531616211,53.14836502075195,nan
39723,540,-815.3380000000002,21.3597354888916,19.302043914794922,nan
39790,541,-298.12499999999994,11.124892234802246,66.61544036865234,nan
39854,542,-451.21099999999996,22.501205444335938,74.76419067382812,nan
39919,543,-691.6119999999999,37.183387756347656,27.778627395629883,nan
39977,544,-274.65999999999997,12.162433624267578,62.04030990600586,nan
40000,545,72.615,23.283306121826172,46.72135925292969,47.695593749999986
40053,545,-555.5950000000001,37.9446907043457,41.56209182739258,nan
40124,546,-197.25400000000002,20.960296630859375,18.444843292236328,nan
40202,547,-258.3539999999999,23.27899932861328,45.01620101928711,nan
40254,548,-93.16200000000005,16.040616989135742,46.08351516723633,nan
40304,549,-108.36099999999999,49.57933044433594,37.8062744140625,nan
40360,550,-279.16700000000003,37.53984069824219,69.31810760498047,nan
40419,551,-257.0870000000001,26.62692642211914,44.13047790527344,nan
40475,552,-64.72400000000005,26.438465118408203,112.37240600585938,nan
40568,553,-4.189999999999841,16.01712417602539,127.82006072998047,nan
40630,554,-100.19200000000006,33.603187561035156,22.83110237121582,nan
40693,555,-126.07100000000011,24.191158294677734,395.1825866699219,nan
40761,556,-81.304,43.286319732666016,33.71952819824219,nan
40847,557,-770.2180000000003,12.781720161437988,33.76131820678711,nan
40915,558,-141.07200000000003,21.04789924621582,107.57765197753906,nan
40980,559,-65.0879999999999,13.23936653137207,48.20657730102539,nan
41058,560,-142.24799999999993,21.360931396484375,393.1724548339844,nan
41132,561,-273.414,31.206981658935547,16.437307357788086,nan
41224,562,-735.043,25.953516006469727,55.7499885559082,nan
41292,563,-785.46,29.172962188720703,66.404052734375,nan
41361,564,37.90400000000005,10.140127182006836,41.484256744384766,nan
41434,565,-171.38799999999986,20.248685836791992,32.88076400756836,nan
41527,566,-152.8539999999999,15.463935852050781,37.76122283935547,nan
41587,567,-109.68200000000004,33.06629180908203,64.36925506591797,nan
41642,568,-190.49100000000007,34.137184143066406,69.09723663330078,nan
41692,569,-326.20399999999995,41.1259880065918,85.21183776855469,nan
41756,570,-457.3059999999999,12.882944107055664,125.04596710205078,nan
41824,571,-123.51200000000011,18.23381805419922,377.6042785644531,nan
41888,572,-302.36500000000007,20.78681182861328,97.40605926513672,nan
41959,573,-171.48599999999993,22.440053939819336,57.91068649291992,nan
42020,574,-249.53399999999985,23.467403411865234,44.521602630615234,nan
42111,575,0.6370000000000573,16.127723693847656,119.11392974853516,nan
42186,576,-227.301,29.700313568115234,36.01987075805664,nan
42229,577,-153.60899999999998,22.481853485107422,33.946495056152344,nan
42286,578,-161.127,13.370205879211426,41.069305419921875,nan
42348,579,-329.76699999999994,14.776631355285645,48.431793212890625,nan
42405,580,-438.19100000000014,38.41316604614258,496.199951171875,nan
42456,581,-3.8689999999999998,12.811248779296875,77.05937194824219,nan
42530,582,-304.78700000000003,17.97873878479004,84.27971649169922,nan
42615,583,-627.4860000000001,24.463298797607422,30.110380172729492,nan
42710,584,90.85100000000006,24.024309158325195,58.28661346435547,nan
42767,585,-156.642,17.9810791015625,57.544010162353516,nan
42863,586,-669.967,23.78726577758789,84.06919860839844,nan
42929,587,-178.66099999999997,26.15999412536621,31.309715270996094,nan
43008,588,-59.101,31.577228546142578,79.97821044921875,nan
43070,589,-362.11,27.546558380126953,83.52976989746094,nan
43161,590,35.9610000000001,23.343677520751953,93.5697250366211,nan
43239,591,-514.637,25.571643829345703,59.74845504760742,nan
43301,592,-268.55899999999997,20.680479049682617,41.84593963623047,nan
43371,593,-639.3729999999999,30.359498977661133,41.42667770385742,nan
43439,594,-163.54100000000003,25.041893005371094,20.68135643005371,nan
43531,595,-160.16699999999992,11.52254581451416,25.468915939331055,nan
43595,596,-98.81999999999991,8.963990211486816,149.86451721191406,nan
43645,597,-293.946,30.881935119628906,73.58234405517578,nan
43722,598,70.63299999999995,13.175207138061523,83.32684326171875,nan
43781,599,-100.47200000000002,25.652183532714844,80.25399780273438,nan
43838,600,-527.8640000000003,14.067337036132812,23.11113166809082,nan
43910,601,-296.5279999999999,15.81362533569336,45.80634689331055,nan
43984,602,-69.87099999999987,10.762441635131836,35.56549835205078,nan
44049,603,-235.61899999999991,49.908660888671875,98.18316650390625,nan
44096,604,-278.737,20.32160186767578,40.139373779296875,nan
44186,605,-408.025,18.987545013427734,45.08934783935547,nan
44246,606,-434.3910000000001,21.523529052734375,52.54827880859375,nan
44322,607,-558.045,25.75511932373047,70.48404693603516,nan
44378,608,-130.329,23.870296478271484,268.1497497558594,nan
44448,609,-286.36800000000005,15.721571922302246,29.009906768798828,nan
44502,610,-93.86500000000012,14.028820991516113,37.624176025390625,nan
44578,611,-466.77200000000005,31.275917053222656,57.732234954833984,nan
44646,612,-140.84700000000004,25.21230697631836,47.358734130859375,nan
44706,613,-309.41600000000017,21.27368927001953,55.333412170410156,nan
44792,614,-338.40199999999993,54.266357421875,48.18575668334961,nan
44858,615,-227.50200000000018,16.13664436340332,37.72111511230469,nan
44945,616,-645.082,25.953697204589844,67.61898040771484,nan
45007,617,-144.44399999999996,13.53535270690918,67.67826080322266,nan
45072,618,-236.95200000000006,11.518811225891113,44.94171142578125,nan
45139,619,-185.83000000000004,12.645328521728516,67.05793762207031,nan
45185,620,-325.654,32.91861343383789,42.1508674621582,nan
45247,621,-814.9590000000001,35.21476364135742,54.08405685424805,nan
45300,622,-71.43000000000006,15.878824234008789,33.3923454284668,nan
45375,623,-486.851,24.964086532592773,66.85475158691406,nan
45480,624,-270.4370000000001,32.31648635864258,35.45277404785156,nan
45553,625,-483.051,21.178936004638672,387.486572265625,nan
45611,626,-166.24800000000002,27.4976749420166,39.322696685791016,nan
45684,627,-638.2940000000001,22.668062210083008,78.44493865966797,nan
45760,628,-185.80799999999988,25.780563354492188,36.303131103515625,nan
45854,629,-111.89700000000019,20.324939727783203,63.44712829589844,nan
45913,630,-101.878,27.494169235229492,47.68436813354492,nan
45979,631,-718.2489999999999,14.962543487548828,43.710662841796875,nan
46065,632,-397.77199999999993,17.980892181396484,13.310750007629395,nan
46114,633,-294.70900000000006,23.062129974365234,64.49552154541016,nan
46223,634,89.50500000000005,19.08428192138672,80.374755859375,nan
46281,635,-177.71100000000007,9.406658172607422,34.77928161621094,nan
46361,636,-303.274,17.12027931213379,22.581829071044922,nan
46433,637,-603.1200000000001,34.35993194580078,26.551292419433594,nan
46514,638,-51.93500000000014,23.441055297851562,74.93510437011719,nan
46579,639,-127.19300000000007,33.00323486328125,40.035152435302734,nan
46683,640,-445.5619999999999,30.175016403198242,22.705717086791992,nan
46741,641,-386.0780000000002,15.275283813476562,225.9653778076172,nan
46797,642,-304.82100000000025,17.671123504638672,70.62603759765625,nan
46881,643,-355.125,11.891374588012695,40.03710174560547,nan
46937,644,-295.1200000000001,23.306407928466797,47.8542594909668,nan
47003,645,-241.98400000000004,24.756162643432617,66.83213806152344,nan
47058,646,-137.287,33.15166091918945,20.705080032348633,nan
47116,647,-265.322,17.2701416015625,70.03356170654297,nan
47183,648,-321.71200000000016,21.679325103759766,76.49706268310547,nan
47274,649,-443.19100000000014,19.040761947631836,128.44171142578125,nan
47341,650,-662.6579999999999,18.668277740478516,107.26326751708984,nan
47399,651,-285.78100000000006,15.420805931091309,43.01446533203125,nan
47462,652,-249.92200000000005,42.25747299194336,43.46689987182617,nan
47539,653,-506.885,16.103857040405273,169.7836151123047,nan
47612,654,-39.71500000000013,21.87484359741211,29.641386032104492,nan
47671,655,-45.27099999999987,18.22020721435547,58.40241241455078,nan
47748,656,-180.269,39.34174346923828,62.53759765625,nan
47812,657,-549.7970000000001,24.352949142456055,41.41729736328125,nan
47874,658,-211.0150000000001,26.49143409729004,74.24732208251953,nan
47944,659,-377.293,17.425628662109375,64.32144927978516,nan
48000,660,-74.58700000000005,16.811168670654297,134.38174438476562,nan
48083,661,-705.9699999999999,29.553634643554688,49.9678840637207,nan
48161,662,-130.46900000000002,33.129371643066406,52.297733306884766,nan
48223,663,-458.11800000000005,24.236461639404297,25.208274841308594,nan
48302,664,-154.87600000000018,17.221641540527344,30.356992721557617,nan
48373,665,-197.81199999999995,15.80546760559082,50.43757247924805,nan
48445,666,63.480999999999966,33.40277099609375,46.50217819213867,nan
48510,667,-138.10100000000008,15.875866889953613,88.9568099975586,nan
48561,668,-385.2919999999999,17.818639755249023,145.806884765625,nan
48622,669,-185.29299999999998,14.239781379699707,204.1080780029297,nan
48687,670,-290.5320000000001,21.606895446777344,33.71063995361328,nan
48769,671,-278.2100000000001,22.552249908447266,35.4255485534668,nan
48838,672,-216.73400000000004,15.846407890319824,43.09308624267578,nan
48891,673,-310.04600000000016,36.402835845947266,36.48795700073242,nan
48967,674,-227.486,26.71462631225586,26.122888565063477,nan
49027,675,-392.9200000000001,28.423145294189453,90.90271759033203,nan
49085,676,-390.37,27.90023422241211,38.374183654785156,nan
49162,677,-117.23100000000002,10.446083068847656,62.347293853759766,nan
49211,678,-159.18899999999996,34.996620178222656,40.07518768310547,nan
49262,679,-310.03,37.13892364501953,50.109134674072266,nan
49320,680,-288.004,36.39030075073242,42.3894157409668,nan
49392,681,-348.99700000000007,26.278995513916016,28.58317756652832,nan
49459,682,-379.3440000000001,43.7077522277832,44.41835021972656,nan
49521,683,-251.07700000000003,24.40188980102539,32.661354064941406,nan
49577,684,-29.502000000000095,28.788909912109375,32.030155181884766,nan
49677,685,-187.0309999999999,34.109764099121094,364.9615173339844,nan
49747,686,-55.25999999999998,10.98630428314209,39.48212432861328,nan
49834,687,-391.0789999999999,27.182453155517578,46.00355529785156,nan
49902,688,-459.02399999999994,17.77450942993164,475.1072082519531,nan
49970,689,-526.6479999999999,15.245500564575195,27.30864143371582,nan
50000,690,219.85100000000003,24.373981475830078,31.065650939941406,64.03899999999999
50027,690,-207.08499999999998,66.4013671875,40.984317779541016,nan
50074,691,-219.87299999999993,22.011695861816406,22.920467376708984,nan
50151,692,-233.26299999999998,34.01203155517578,53.28792953491211,nan
50214,693,-131.5730000000001,20.811147689819336,159.03709411621094,nan
50285,694,-460.6370000000001,22.47176742553711,73.91107940673828,nan
50347,695,-521.009,20.860862731933594,56.79697036743164,nan
50412,696,-217.801,31.278377532958984,150.17247009277344,nan
50469,697,-522.1910000000001,15.43867015838623,33.869754791259766,nan
50531,698,-333.717,30.594972610473633,59.6974983215332,nan
50583,699,-235.66000000000008,16.29558563232422,95.83190155029297,nan
50640,700,-81.35600000000014,18.090900421142578,55.518165588378906,nan
50703,701,-112.70500000000008,26.526485443115234,112.99280548095703,nan
50753,702,-109.21400000000006,17.16476821899414,55.00381088256836,nan
50808,703,-251.47500000000008,19.848472595214844,63.985050201416016,nan
50862,704,-295.1149999999999,42.56512451171875,169.78890991210938,nan
50911,705,-270.529,17.309253692626953,49.5399169921875,nan
50995,706,-352.2289999999999,31.903514862060547,50.223731994628906,nan
51051,707,-495.471,31.518157958984375,50.1890983581543,nan
51139,708,-266.40600000000006,22.18014907836914,36.06614685058594,nan
51200,709,-205.41100000000017,25.81709098815918,23.861629486083984,nan
51253,710,-474.3470000000001,24.476287841796875,74.57801818847656,nan
51326,711,-418.6300000000001,23.34575080871582,152.58685302734375,nan
51385,712,-216.31600000000003,41.93772888183594,62.16966247558594,nan
51466,713,-107.9739999999997,39.89289855957031,97.66683959960938,nan
51525,714,-609.9950000000001,14.618746757507324,61.96862030029297,nan
51596,715,-399.2130000000001,19.412931442260742,58.78541946411133,nan
51679,716,-504.5930000000002,25.274213790893555,63.31498336791992,nan
51734,717,-397.71599999999995,31.199302673339844,55.39319610595703,nan
51800,718,4.234999999999815,24.148483276367188,59.67768859863281,nan
51855,719,-181.14500000000004,12.874284744262695,24.08767318725586,nan
51926,720,-145.9850000000002,15.67734146118164,154.60867309570312,nan
51985,721,-79.23299999999989,22.170917510986328,72.12840270996094,nan
52046,722,-166.07600000000005,24.165678024291992,79.51404571533203,nan
52129,723,-184.559,28.372560501098633,31.288785934448242,nan
52183,724,-300.672,26.687654495239258,49.68675231933594,nan
52253,725,-70.53899999999999,21.74958038330078,107.12691497802734,nan
52309,726,-536.66,17.363615036010742,378.3205871582031,nan
52355,727,-69.06800000000007,18.55584144592285,52.76996994018555,nan
52408,728,-329.72900000000004,33.19727325439453,172.07275390625,nan
52471,729,-124.40499999999992,32.31344985961914,51.10525131225586,nan
52538,730,-229.22600000000003,31.065853118896484,86.0556411743164,nan
52608,731,-323.7920000000001,17.61438751220703,53.44860076904297,nan
52661,732,-294.47300000000024,14.794910430908203,50.26581573486328,nan
52739,733,-556.7590000000001,29.201492309570312,72.28740692138672,nan
52806,734,-161.06699999999998,28.28418731689453,41.779266357421875,nan
52872,735,-168.04500000000002,32.636962890625,83.369384765625,nan
52941,736,14.887000000000043,31.99944305419922,60.831546783447266,nan
52997,737,-121.94099999999996,29.77330780029297,58.124237060546875,nan
53051,738,-243.72600000000003,34.05514144897461,39.52410888671875,nan
53132,739,-1133.2189999999998,29.610931396484375,73.67245483398438,nan
53229,740,-43.398,25.8464412689209,78.13713073730469,nan
53304,741,-112.34600000000006,13.829517364501953,77.10699462890625,nan
53371,742,-86.09100000000018,35.188720703125,198.26785278320312,nan
53436,743,-284.05300000000005,31.056644439697266,45.48923110961914,nan
53506,744,-321.9040000000001,14.187649726867676,56.44319534301758,nan
53611,745,-435.0370000000002,20.625568389892578,85.81964874267578,nan
53689,746,-424.58800000000014,16.53852081298828,34.75230407714844,nan
53771,747,-362.2300000000001,16.663406372070312,160.77691650390625,nan
53840,748,-852.572,16.998966217041016,54.80961608886719,nan
53912,749,-200.04699999999997,23.736391067504883,86.34224700927734,nan
53972,750,-210.10000000000014,37.610267639160156,90.90269470214844,nan
54041,751,-261.79200000000003,20.728816986083984,63.20376205444336,nan
54124,752,-823.119,30.688640594482422,35.32929229736328,nan
54180,753,-339.65000000000003,29.810129165649414,56.90028381347656,nan
54230,754,-411.99800000000005,26.288684844970703,118.10694122314453,nan
54307,755,-361.009,59.32020568847656,86.74734497070312,nan
54384,756,-440.0430000000001,13.635213851928711,69.55024719238281,nan
54443,757,-137.9250000000001,24.69622039794922,88.86865234375,nan
54518,758,-201.0030000000001,29.76515769958496,39.984134674072266,nan
54576,759,-91.983,29.48660659790039,62.53925704956055,nan
54660,760,-819.901,17.352243423461914,35.00675964355469,nan
54723,761,-159.505,17.15506362915039,102.72589111328125,nan
54771,762,-334.55100000000004,21.749849319458008,105.7315444946289,nan
54827,763,-99.80400000000013,21.08130645751953,57.31290054321289,nan
54899,764,-94.46200000000012,31.616619110107422,119.55728149414062,nan
54971,765,-332.62399999999997,25.867908477783203,65.93785095214844,nan
55071,766,-1024.3829999999998,17.978557586669922,47.88283920288086,nan
55128,767,-224.60500000000008,17.435413360595703,37.460811614990234,nan
55198,768,-621.1639999999999,11.348670959472656,97.0769271850586,nan
55276,769,-641.5630000000003,14.968733787536621,620.2232666015625,nan
55356,770,-601.6660000000002,15.492246627807617,44.53690719604492,nan
55449,771,-702.8279999999997,40.682586669921875,148.70323181152344,nan
55500,772,-69.09799999999996,27.717327117919922,54.43552780151367,nan
55558,773,-294.34799999999984,24.62042236328125,47.60847091674805,nan
55618,774,-509.2570000000001,38.935096740722656,89.86669158935547,nan
55701,775,97.6080000000002,27.986745834350586,38.43317413330078,nan
55753,776,-78.54400000000007,13.82534408569336,43.971031188964844,nan
55816,777,-285.78599999999994,26.951007843017578,126.61563873291016,nan
55869,778,-322.51599999999996,16.280635833740234,40.46639633178711,nan
55956,779,-490.7740000000003,15.472413063049316,162.80140686035156,nan
56038,780,-218.19600000000008,17.91201400756836,52.00840759277344,nan
56099,781,-372.49500000000006,28.959335327148438,63.99089431762695,nan
56163,782,-235.87899999999993,20.52403450012207,85.772216796875,nan
56210,783,-280.12399999999997,20.96146583557129,47.032012939453125,nan
56280,784,-256.902,45.00027084350586,80.6795654296875,nan
56349,785,-202.06900000000005,16.971004486083984,198.24864196777344,nan
56406,786,-169.185,48.3333854675293,81.63867950439453,nan
56470,787,-309.836,19.14499282836914,83.10448455810547,nan
56533,788,-65.75200000000001,33.01479721069336,91.78968048095703,nan
56600,789,-190.65999999999997,41.85721206665039,28.961923599243164,nan
56670,790,-241.89700000000005,15.02841854095459,130.9650115966797,nan
56743,791,-161.3980000000001,16.617294311523438,65.35194396972656,nan
56843,792,-857.9569999999998,12.53054428100586,90.35598754882812,nan
56908,793,-285.71799999999996,18.06887435913086,74.43956756591797,nan
56976,794,-251.24400000000009,13.805548667907715,73.43707275390625,nan
57072,795,-58.71899999999988,25.298376083374023,64.8646240234375,nan
57127,796,-406.0320000000001,25.275602340698242,31.165273666381836,nan
57170,797,-239.64800000000002,41.79328536987305,56.987518310546875,nan
57247,798,-371.52599999999995,16.14484405517578,126.13646697998047,nan
57303,799,-265.428,21.675918579101562,121.9767837524414,nan
57376,800,-93.14699999999999,22.519851684570312,28.555870056152344,nan
57427,801,-151.493,16.852848052978516,104.32847595214844,nan
57518,802,-323.996,18.489730834960938,77.25970458984375,nan
57596,803,-543.349,28.40054702758789,65.90033721923828,nan
57662,804,-435.52900000000034,26.3474063873291,40.76474380493164,nan
57735,805,-349.623,41.86914825439453,51.89341735839844,nan
57814,806,-102.32599999999996,32.53755569458008,67.68334197998047,nan
57860,807,-165.321,15.71916389465332,72.49156951904297,nan
57928,808,-385.71500000000003,27.949560165405273,27.305816650390625,nan
57994,809,-490.28700000000015,26.86701202392578,54.54085159301758,nan
58061,810,-251.173,24.33120346069336,87.13745880126953,nan
58126,811,-383.049,23.75259017944336,48.330772399902344,nan
58237,812,-92.99799999999985,35.85636901855469,29.62184715270996,nan
58296,813,-123.50800000000012,31.380937576293945,52.833152770996094,nan
58381,814,-757.0319999999999,15.145400047302246,39.7764892578125,nan
58453,815,-835.8969999999999,20.291542053222656,71.52592468261719,nan
58514,816,-190.78499999999997,16.021055221557617,81.42620849609375,nan
58570,817,-184.63399999999993,29.513063430786133,86.43437194824219,nan
58648,818,-963.3609999999996,22.732254028320312,45.36043167114258,nan
58717,819,-690.0829999999999,17.804645538330078,57.45932388305664,nan
58778,820,-532.4950000000001,16.2650146484375,50.13642501831055,nan
58838,821,-270.5770000000001,13.914056777954102,66.17322540283203,nan
58897,822,-162.09099999999992,23.498706817626953,70.8267822265625,nan
58965,823,-259.44699999999995,28.130420684814453,78.94229125976562,nan
59029,824,-417.1020000000001,26.731821060180664,97.10977172851562,nan
59088,825,-93.89600000000019,24.058095932006836,36.45289993286133,nan
59177,826,-3.059999999999633,14.414045333862305,107.07984924316406,nan
59235,827,-138.514,41.47975158691406,25.020496368408203,nan
59320,828,-301.922,44.88066101074219,56.91018295288086,nan
59381,829,-264.241,19.89453887939453,43.59680938720703,nan
59456,830,-129.07799999999997,16.099857330322266,62.986114501953125,nan
59510,831,-250.75699999999998,15.443039894104004,76.18462371826172,nan
59572,832,-579.3260000000004,23.931476593017578,50.606510162353516,nan
59622,833,-78.88900000000018,15.7626314163208,77.04655456542969,nan
59708,834,-519.068,38.41185760498047,52.6248893737793,nan
59783,835,-91.07900000000006,24.779861450195312,88.71833038330078,nan
59866,836,-62.84400000000006,21.287364959716797,112.99586486816406,nan
59925,837,-358.7090000000001,34.85956954956055,123.38599395751953,nan
59986,838,-287.53499999999997,25.922489166259766,33.45970916748047,nan
60000,839,42.986000000000004,18.161937713623047,81.61848449707031,67.12928
